Key,Type,Summary,Status,Priority,Resolution,Assignee,Reporter,Labels,Components,Created,Updated,Description,URL
G40-6,Bug,Gopher App - Complete Order Process Bug,To Do,High,,,John Newbury,request,,2024-09-16T20:34:58.487+0530,2026-06-09T01:20:48.120+0530,"When a Standard Gopher marks a request as Completed, the request moves to Pending Confirmation status in the Active tab. The Gopher is currently stuck on this screen and cannot navigate to the Available tab to browse or accept new requests. This is a bug — once a request is marked Completed, the one-request-at-a-time restriction should lift and the Gopher should be free to accept new work. The only cap is that a Gopher may not accept a new request if they already have 2 Confirmation Pending requests outstanding.

## 🧑‍💻 As a

Standard Gopher who has just marked a request as Completed,

## 🎯 I want

to be able to navigate to the Available tab and accept a new request while my previous request is awaiting Requestor confirmation,

## ✅ So that

I can continue working efficiently without being forced to wait for confirmation before taking on new requests.

## 💡 Context / Background

* Standard Gophers are restricted to one active request at a time while a request is In Progress.
* Once a Gopher marks a request as Completed, the request status changes to Pending Confirmation — awaiting the Requestor’s confirmation.
* At this point the Gopher’s active work is done. The one-request restriction should no longer apply, and the Gopher should be free to browse and accept new available requests.
* Currently the app keeps the Gopher on the Pending Confirmation screen and blocks access to the Available tab entirely.
* A cap applies: if the Gopher already has **2 Confirmation Pending requests** outstanding, they may not accept a third until at least one resolves.

## ❌ Current Behavior

* After marking a request as Completed, the Gopher is stuck on the Pending Confirmation screen
* The Gopher cannot navigate to the Available tab to view or accept new requests
* The one-request-at-a-time restriction incorrectly persists even after the Gopher has completed their work

## ✅ Expected Behavior

* Once a Gopher marks a request as Completed, the one-request-at-a-time restriction is lifted
* The Gopher can navigate to the Available tab, browse available requests, and accept a new one
* The Pending Confirmation request remains visible in the Active tab while the Gopher works on the new request
* If the Gopher has **2 Confirmation Pending requests** outstanding, they are blocked from accepting a new request until at least one resolves

## 🔁 Steps to Reproduce

1. Log in as a Standard Gopher and accept a request.
2. Update the request to In Progress, then mark it as Completed.
3. Observe the request changes to Pending Confirmation in the Active tab.
4. Attempt to navigate to the Available tab.
5. Observe the Gopher is stuck on the Pending Confirmation screen and cannot view available requests.

## ✅ Acceptance Criteria

### Scenario 1 – Gopher can access Available tab after marking a request Completed

* **Given** a Standard Gopher has marked a request as Completed
* **When** the request enters Pending Confirmation status
* **Then** the Gopher can navigate to the Available tab
* **And** available requests are visible and selectable

### Scenario 2 – Gopher can accept a new request while one is Pending Confirmation

* **Given** a Standard Gopher has 1 Pending Confirmation request
* **When** the Gopher navigates to the Available tab and selects a new request
* **Then** the Gopher can successfully accept the new request
* **And** the Pending Confirmation request remains visible in the Active tab

### Scenario 3 – Gopher is blocked from accepting a new request when 2 are Pending Confirmation

* **Given** a Standard Gopher already has 2 Confirmation Pending requests outstanding
* **When** the Gopher attempts to accept a new request
* **Then** the Gopher is blocked from accepting the new request
* **And** they must wait until at least one Pending Confirmation resolves before accepting again

### Scenario 4 – One-request restriction still applies while a request is In Progress

* **Given** a Standard Gopher has a request that is In Progress (not yet Completed)
* **When** the Gopher attempts to accept another request
* **Then** the one-request restriction applies and they cannot accept a new request

## ⚙️ Business Rules

* The one-request-at-a-time restriction applies only while a request is In Progress.
* Once a request is marked Completed (status: Pending Confirmation), the restriction lifts and the Gopher may browse and accept new requests.
* A Standard Gopher may have a maximum of 2 Confirmation Pending requests at any time. If 2 are pending, they cannot accept a new request until at least one resolves.
* Pending Confirmation requests must remain visible in the Active tab while the Gopher works on a new request.

## 🧠 Dependencies / Notes

* The restriction logic must check request status (In Progress vs. Pending Confirmation) rather than simply checking whether any active request exists.
* The Available tab must become accessible as soon as the request transitions to Pending Confirmation.
* The 2 Confirmation Pending cap must be enforced on the backend to prevent race conditions.
* This logic applies to Standard Gophers only — confirm whether different rules apply to other Gopher tiers.

## 🧪 QA Notes

* Mark a request as Completed — confirm the Gopher can navigate to the Available tab and see available requests.
* With 1 Pending Confirmation request, accept a new request — confirm it is accepted successfully and the Pending Confirmation request remains in the Active tab.
* With 2 Pending Confirmation requests, attempt to accept a third — confirm the Gopher is blocked.
* Resolve one Pending Confirmation — confirm the Gopher can now accept a new request.
* Confirm the one-request restriction still applies while a request is In Progress.
* Test on both iOS and Android.

",https://gopherapp.atlassian.net/browse/G40-6
G40-7,Bug,(FE) Both Apps - Simplify Sign-Up Process,In Progress,Highest,,John Newbury,John Newbury,"Gopher-App,Gopher-Go,Gopher-Requestor,spine",,2025-01-01T07:09:32.411+0530,2026-07-03T21:37:53.710+0530,"> 🔧 **DEV-READY HANDOFF — groomed 2026-07-02 (John Newbury).** Umbrella FE signup ticket (absorbs BE **G40-242**). This block is authoritative; original body retained below. No open questions. Full handoff: `docs/handoff/G40-7-simplify-signup.md`.

## ⚠️ Two things that reframe this ticket

1. **Core logic already scaffolded + tested (owner).** `G40-Build-Recap.md` → `wave-bugs/g40-7/signupFlow.js` (shared with G40-271): `routeUserOnLogin` (existing unverified → Email Verification, no new account, history kept), `otpBackTarget` (Back from email-OTP → **Confirmation/Profile-Info to fix email + resend**, NOT SMS sign-in — the exact bug in the UPDATE line), `canEnterHome` (gates Home on verified email), `shouldCreateNewAccount=false` for existing accounts. **Wire the FE to these; don't re-derive.**
2. **Old Figma** `6158-28302` is SUPERSEDED — per the owner's rev-13 standing note the whole UI/UX was redesigned. **Bind to the new prototype, not the old Figma:** `Final/gopher-request.html` (customer) + Gopher Go signup (`_prototypes/Go/gopher-go-prototype.html` / `SignUp.js`).

## 🔄 Intended flow (G40-157 `signupValidation.js` + Diana 2026-02-17)

demo → phone+OTP → details (name/email/phone/DOB) → **email-OTP (resend) → activation** → welcome. New **“Incomplete”** status saves partial signups (replaces binary Active/Inactive). **“Active”** = email verified **+** (Go workers) payout info added.

## 📱 FE remaining — exact prototype hooks (`Final/gopher-request.html`)

* **Remove Sourcing Info** (“How did you hear…”): `rqSuSource` / `rqSuSourceOther` / `rqSuSourceOtherRow` (markup \~L16468; \~5 handlers \~L16741/16907/17018/17251; `STEPS` config \~L11826/12294). Remove the step + refs; internal note “Sourcing moves to Gopher Rewards later.” Same in Gopher Go. Not shown anywhere.
* **Email OTP = final step**, blocks Home until verified: `rqSuEmailOtpBtn` / `rqSuEmailOtpInline` / `rqSuEmailVerifiedBadge` (phone: `rqSuPhoneOtpBtn` / `rqSuPhoneVerifiedBadge`).
* **OTP back-nav fix** → wire Back on email-OTP to `otpBackTarget` (Profile-Info: edit email + resend). Handle errors, **Resend**, **“Did not receive?”**.
* **Returning unverified** → `routeUserOnLogin` to Email Verification; block Home.
* **Step progress UI** + reorder to new UX. **Auto-save/resume** each _Continue →_ (needs BE persistence).
* **Fix email-field cutoff** UI bug (John 2026-02-28 screenshot).

## 🔌 BE (was G40-242; + G40-271 regressions)

Persist incomplete signups + **Incomplete** status (save each step); activation gate (email-verified + Go payout); **G40-271:** wire admin email write to the AWS attribute + new AWS category, **repair Send Confirmation Email**; email-OTP send/verify (ties to G40-272).

## ✅ Acceptance (intent unchanged)

Flow matches the **new** UX; email verification final + unskippable; existing unverified routed to Email Verification + blocked from Home; OTP errors/resend/back-nav (→ Profile-Info) graceful; progress saved + resumes after restart; Sourcing not visible anywhere; no dead ends.

## 🔗 Related

G40-242 (BE — merged here) · G40-271 (regressions, shares `signupFlow.js`) · G40-157 (`signupValidation.js`) · G40-170 (incomplete capture) · G40-10 (`SignupChecklist.jsx`, Go final step) · G40-172 (`connectSignup.js`, Connect dual-OTP) · G40-272 (admin Email-OTP). Owner reference build: `Documentation/Jira Tickets/` + `G40-Build-Recap.md`.

---

## 📜 Original ticket (retained)

**UPDATE — When a user enters profile info up to the email OTP, IF the OTP is not entered that session AND/OR the email was incorrect, they cannot update their email. The back button takes them to the SMS sign in. What SHOULD happen: the back button takes the user to the profile info so they can update their email.**

FE scope: (1) reorder signup steps to Figma; remove Sourcing Info; add Email-OTP confirmation as the final step; show progress/continuity. (2) Email verification UI: required final step; block Home until verified; handle OTP errors/resend/“Did not receive?”. (3) Returning unverified users → redirect to Email Verification; block Home. (4) Step auto-save & resume. (5) Remove Sourcing Info (note: moves to Gopher Rewards later). _Figma 6158-28302 — SUPERSEDED (see above)._ Related: G40-242 (BE, parallel), G40-271 (regressions).",https://gopherapp.atlassian.net/browse/G40-7
G40-9,Task,Gopher App - Auto-Repost Workflow When Gopher Cancels an Active Request,In Progress,Highest,,John Newbury,John Newbury,worker,,2024-06-24T20:53:30.802+0530,2026-07-03T21:51:00.284+0530,"When a Gopher cancels an active request, the Requestor must be immediately presented with three clear options: Assign New Gopher, Edit Request, or Cancel Request. The appropriate flow must be triggered based on the Requestor’s selection, the original order must be closed, the Gopher’s cancellation must be logged, and any reposted or edited request must receive a new Order #. If the Requestor takes no action within 15 minutes, the request automatically cancels.

## 🧑‍💻 As a

Requestor whose Gopher has cancelled an active request,

## 🎯 I want

to be immediately presented with clear options to reassign, edit, or cancel my request,

## ✅ So that

I can quickly recover from a Gopher cancellation without losing my request details or experiencing unnecessary friction.

## 💡 Context / Background

* When a Gopher cancels an active request, the Requestor currently has no streamlined recovery path.
* The Requestor receives a banner notification when their Gopher cancels.
* The app should immediately present a modal with three options so the Requestor can act quickly.
* Payment handling must ensure the Requestor does not experience a new authorization charge if the request is reassigned — internally the order is cancelled, but Stripe should treat it as a reassignment, not a new transaction.
* If the Requestor takes no action within 15 minutes, the request automatically cancels.
* An admin-level repost capability is also required in the Admin Panel under Orders, so the support team can step in and repost on the Requestor’s behalf when needed.

## 🗒️ The Three Options

### 1. Assign New Gopher

* System automatically reposts the request with all original details and terms unchanged
* A new Order # is generated and the request returns to the marketplace for Gopher selection
* No changes to the request are permitted during this flow
* Original order is closed and the cancelling Gopher is logged with a cancellation

### 2. Edit Request

* Requestor is taken to the original Request Details page with all previous inputs pre-filled and editable
* Pre-filled fields include cost of items, payment to Gopher, details, notes, and any other original inputs
* After editing, the updated request is posted under a new Order #
* Original order is closed and the cancelling Gopher is logged with a cancellation

### 3. Cancel Request

* Requestor is shown the standard Gopher rating screen so they can rate the Gopher who cancelled
* No repost occurs
* Original order is closed and the cancelling Gopher is logged with a cancellation

## ❌ Current Behavior

* When a Gopher cancels, the Requestor receives a banner notification but has no structured recovery options in the app
* The Requestor must manually cancel and recreate the request themselves
* No automatic repost, pre-fill, or rating flow is triggered
* Admin panel has no ability to repost a cancelled order on the Requestor’s behalf

## ✅ Expected Behavior

* When a Gopher cancels, the Requestor is immediately shown a modal with three options: Assign New Gopher, Edit Request, Cancel Request
* Each option triggers the correct flow as defined above
* Regardless of which option is chosen, the original Order # is closed and the cancelling Gopher is logged with a cancellation
* Any reposted or edited request receives a new Order #
* If the Requestor takes no action within 15 minutes, the request automatically cancels
* Stripe does not re-authorize payment when a request is reassigned via Assign New Gopher or Edit Request
* Admin panel includes a repost option on Orders so support staff can repost on the Requestor’s behalf

## ✅ Acceptance Criteria

### Scenario 1 – Gopher cancellation triggers the recovery modal

* **Given** a Gopher cancels an active request
* **When** the cancellation is confirmed
* **Then** the Requestor immediately receives a banner notification and is shown a modal with three options: Assign New Gopher, Edit Request, Cancel Request

### Scenario 2 – Assign New Gopher reposts with original details

* **Given** the Requestor selects Assign New Gopher
* **When** the action is confirmed
* **Then** the request is automatically reposted with all original details unchanged
* **And** a new Order # is generated and the request is live in the marketplace
* **And** the original order is closed and the Gopher’s cancellation is logged
* **And** no new Stripe authorization is triggered

### Scenario 3 – Edit Request pre-fills original details for editing

* **Given** the Requestor selects Edit Request
* **When** the edit page loads
* **Then** the Requestor is taken to the original Request Details page with all previous inputs pre-filled and editable
* **When** the Requestor submits the edited request
* **Then** a new Order # is generated and the request is posted
* **And** the original order is closed and the Gopher’s cancellation is logged

### Scenario 4 – Cancel Request shows rating screen

* **Given** the Requestor selects Cancel Request
* **When** the selection is confirmed
* **Then** the standard Gopher rating screen is displayed
* **And** no repost occurs
* **And** the original order is closed and the Gopher’s cancellation is logged

### Scenario 5 – Auto-cancel after 15 minutes of inaction

* **Given** the Requestor has been shown the recovery modal
* **When** 15 minutes pass without any selection
* **Then** the request is automatically cancelled
* **And** the original order is closed and the Gopher’s cancellation is logged

### Scenario 6 – Admin can repost a cancelled order on the Requestor’s behalf

* **Given** an admin navigates to a cancelled order in the Admin Panel
* **When** the admin selects the repost option
* **Then** the request is reposted with original details under a new Order #
* **And** the action is logged against the original order

## ⚙️ Business Rules

* The original Order # must always be closed when a Gopher cancels, regardless of which recovery option the Requestor selects.
* The cancelling Gopher must always be logged with a cancellation against the original Order #.
* Any reposted or edited request always receives a new Order #.
* Stripe must not trigger a new payment authorization when the Requestor selects Assign New Gopher or Edit Request — the payment is internally treated as a reassignment.
* If the Requestor takes no action within 15 minutes of the modal appearing, the request auto-cancels.
* This workflow applies to both instant (Need ASAP) and scheduled requests.
* The rating screen must pull the correct Gopher ID of the cancelling Gopher.

## 🧠 Dependencies / Notes

* Requires a new ""repost with same terms"" function tied to the Assign New Gopher flow.
* Backend must finalize and close the original order before creating a new one.
* Coordinate with Stripe on payment reassignment logic to avoid re-authorization on the Requestor’s card.
* Push notifications must fire correctly for all three flows.
* Wallet/held funds must be handled appropriately during order close and repost.
* Backend must log: original Order #, new Order # (where applicable), Gopher who cancelled, and timestamp of cancellation.
* Admin panel Orders section requires a repost action so support staff can act on behalf of the Requestor.
* Figma UI/UX reference: https://www.figma.com/design/g7DWLbI86O6SqiwITY7jeL/%E2%9C%8F%EF%B8%8F-Gopher-UI_UX?node-id=4902-2963
* Figma banner notification reference: https://www.figma.com/design/aRFH8dqUfSHLJTb89VZYNh/Jira-Tickets?node-id=49-14197

## 🧪 QA Notes

* Test Gopher cancellation — confirm Requestor immediately receives banner notification and recovery modal.
* Test Assign New Gopher — confirm request reposts with identical details, new Order # is generated, original order is closed, and Gopher cancellation is logged.
* Test Edit Request — confirm pre-fill is accurate, edited request posts under a new Order #, and original order is closed.
* Test Cancel Request — confirm rating screen appears with correct Gopher, no repost occurs, and original order is closed.
* Test 15-minute auto-cancel — confirm request cancels automatically with no action taken.
* Verify no new Stripe authorization is triggered when Assign New Gopher or Edit Request is used.
* Test admin panel repost on a cancelled order — confirm new Order # is created and action is logged.
* Test across both instant (Need ASAP) and scheduled request types.
* Test on both iOS and Android.

",https://gopherapp.atlassian.net/browse/G40-9
G40-10,Task,Gopher Go - Sign Up - Include New Best Practice Confirmation At Signup,To Do,High,,,John Newbury,worker,,2024-05-29T19:53:27.124+0530,2026-06-09T01:18:49.206+0530,"Add a checklist to the end of the sign up process for Gopher Go

<custom data-type=""smartlink"" data-id=""id-0"">https://www.figma.com/design/aRFH8dqUfSHLJTb89VZYNh/Jira-Tickets?node-id=16-5405&t=40WLdLLG9hvbADXC-4</custom> ",https://gopherapp.atlassian.net/browse/G40-10
G40-11,Task,Gopher App - Stripe - Account - Payment Account - Additional User Info Required For Security,In Progress,Medium,,John Newbury,John Newbury,pay,,2024-07-11T18:18:35.758+0530,2026-07-03T06:58:59.090+0530,"> 🔧 **DEV-READY HANDOFF — groomed & unparked 2026-07-02 (John Newbury).** This block is the authoritative spec; where it conflicts with the original body below, this block wins. All prior open questions are resolved — no developer decisions remain. Full handoff doc: `docs/handoff/G40-11-card-verification.md`.

## 🎯 Goal

Every new card added must collect five verifiable fields **incl. billing address**, pass name/address to Stripe for **AVS + Radar**, require an **SMS OTP** to the account phone before the card is saved, and **log the verification event** so we have evidence to appeal chargeback disputes.

## ✅ Resolved decisions (were open questions)

| # | Decision | Answer |
| --- | --- | --- |
| 1 | Status (was parked pending Stripe Connect R&D, Shaun 2024‑09) | **Unparked — build it.** |
| 2 | In-scope surfaces | **Native Gopher Request app + Gopher Request (web) + Gopher Connect (business).** Gopher Deals **out of scope.** |
| 3 | OTP on card add | **Required on EVERY card add** (even though phone is already OTP-verified at signup). No skip. |
| 4 | Dispute evidence | **Log each card-add verification event** for chargeback appeals (see below). |
| 5 | Prototype UI | **Do not build UI in the prototype** (payments fenced off); use existing prototype screens as visual reference only. |

## 💳 Required fields (all mandatory — Submit disabled until all valid)

Full Name · Card Number · Expiration Date · CVC · **Billing Address (street, city, state, ZIP)**.

## 🔐 Stripe + OTP

* Tokenize via Stripe; **raw PAN never stored on Gopher servers.**
* Pass name + billing address in `billing_details` → enables AVS + Radar and retains dispute evidence. Enable AVS/CVC checks + Radar rules in Dashboard.
* Modern equivalent of the 2024 `CardElement` note is **Payment Element + SetupIntent** — dev's engineering call; either is fine as long as `billing_details` is populated and AVS/Radar active.
* After submit, send **6-digit SMS OTP** to the **account phone** (reuse existing signup OTP provider/Twilio). Card not saved until verified. **Expiry 5 min, resend once.** Wrong/expired → not saved, retry/resend offered.

## 🧾 Dispute audit log (NEW — John's requirement)

Persist an auditable, retained record on every card-add attempt: account/user id + Stripe payment-method id (brand/last4); UTC timestamp; phone OTP sent to (masked/hashed per policy) + OTP outcome (sent/verified/failed/expired/resent); IP + device/user-agent; Stripe **AVS result, CVC result, Radar score/outcome**. Dedicated retained table (survives card edit/removal); retention ≥ chargeback dispute window (\~120+ days — confirm vs. Stripe/network timelines).

## ✅ Acceptance criteria

1. Submit disabled until all five fields (incl. billing address) valid.
2. On submit, SMS OTP sent to account phone; card not saved pre-verification.
3. Correct OTP → card saved & usable.
4. Incorrect/expired OTP → not saved; resend (once)/retry offered.
5. Name + billing address present on Stripe payment method object (AVS + Radar).
6. **Dispute audit record written for every card-add attempt** with fields above.
7. Holds on native Request app (iOS+Android), Request web, and Connect.

## 🖼️ Prototype reference (visual only — do NOT edit these files)

* `Final/gopher-request.html` — add-payment modal `ensureModal()`/`__openAddPaymentModal` (\~L10792–10937; ids `payName/payNum/payExp/payCvc/paySave/payErr`) — collects Name/Num/Exp/CVC only, **no billing address, no OTP** (add both). Reusable signup phone-OTP: `rqSuPhoneOtpBtn` / `rqOtpLabel` (\~L16316).
* `Final/gopher-connect.html` — same modal (\~L9468) + signup phone-OTP (\~L7290); street/city/state address pattern (\~L7097) to mirror for the billing block.
* Figma card entry screens 1 & 2 (links in original body below).

---

## 📜 Original ticket (2024 — retained for context)

The current payment method entry flow does not collect enough identifying information to verify that a card or payment method genuinely belongs to the user adding it. This creates exposure to fraud and chargebacks. The payment entry flow must be updated to require additional user information that Stripe can use for verification, fraud scoring, and chargeback dispute evidence.

**As a** Gopher App user adding a payment method, **I want** to be required to provide verifiable identifying information when adding a card, **so that** the platform can confirm the payment method is legitimate and reduce fraud/chargeback risk.

* Figma – Card entry screen 1: https://www.figma.com/design/g7DWLbI86O6SqiwITY7jeL/%E2%9C%8F%EF%B8%8F-Gopher-UI_UX?node-id=5945-10274
* Figma – Card entry screen 2: https://www.figma.com/design/g7DWLbI86O6SqiwITY7jeL/%E2%9C%8F%EF%B8%8F-Gopher-UI_UX?node-id=5945-10275
* Stripe chargeback prevention: https://docs.stripe.com/disputes/prevention
* Stripe Radar: https://docs.stripe.com/radar

_(The original detailed acceptance criteria, business rules, and QA notes from 2024 are superseded by the DEV-READY HANDOFF block above and the full handoff doc_ `docs/handoff/G40-11-card-verification.md`.)",https://gopherapp.atlassian.net/browse/G40-11
G40-13,Bug,Gopher Go - Stripe - Payout Account Confirmation,In Progress,Low,,John Newbury,Shaun Pack,pay,Gopher Go App,2024-08-30T18:31:39.736+0530,2026-07-03T07:04:27.417+0530,"Some users are being redirected to Stripes website (via mobile browser) to “fix” their payout account. Stripe is asking for their business website which is irrelevant for payouts.

The integration between GopherGo and Stripe needs to be re-examined to cleaned up to prevent confusion.

‌

### **As a**

Gopher Go user setting up or confirming my **payout account**,

### **I want**

a clear and accurate verification process that does **not** redirect me to irrelevant Stripe business setup pages,

### **So that**

I can complete my payout verification smoothly without confusion or unnecessary steps.

‌

### **💡 Context / Background**

‌

* Some Gopher Go users are being **redirected to Stripe’s website via the mobile browser** when attempting to confirm or “fix” their payout account.
* Stripe is then asking the user for a **business website**, which is irrelevant for Gopher payouts and causes confusion.
* This indicates that the current Stripe integration may be using an **incorrect onboarding or account-type flow**, likely one meant for businesses instead of individuals.
* The payout account flow needs to be **re-examined and cleaned up** to ensure the correct Stripe verification path is used and no unnecessary fields or redirects are shown.

‌

### **✅ Acceptance Criteria (Given / When / Then)**

‌

**Scenario 1 – Correct verification flow**

* **Given** a user attempts to verify or update their payout account in Gopher Go,
* **When** Stripe requires additional information,
* **Then** the user must be taken to the **correct Stripe payout onboarding flow** (individual payouts),
* **And** must **not** be redirected to business onboarding or asked for business-specific information.

‌

**Scenario 2 – No external unnecessary redirects**

* **Given** a user taps “Fix” or “Verify” payout account,
* **When** the integration logic triggers Stripe verification,
* **Then** the user should **not** be redirected to an irrelevant mobile browser page.

‌

**Scenario 3 – Appropriate Stripe requirements only**

* **Given** Stripe requests are valid,
* **When** the user provides required information,
* **Then** only relevant fields (e.g., identity verification, tax information, personal details) should be shown —

    **NOT business-only fields** such as “business website.”



‌

**Scenario 4 – Clear messaging inside Gopher Go**

* **Given** verification is required,
* **When** the user starts verification,
* **Then** the UI should clearly indicate that Stripe is verifying their payout identity, not setting up a business account.

‌

### **⚙️ Business Rules**

‌

* Gophers must be set up as **individual payouts** (or the correct Stripe account type for the application).
* Gopher Go must map users to the **correct Stripe account object**, preventing business-account flows.
* No business onboarding steps (website, EIN, company info) should ever appear unless the user is intentionally registered as a business.
* Only relevant Stripe fields should be presented.
* Integration must prevent unnecessary redirections to mobile browsers unless absolutely required.

‌

### **🧠 Dependencies / Notes**

‌

* Investigate Gopher Go’s Stripe integration flow:

    



    * Check the account type being created (e.g., custom, express, standard).
    * Confirm whether Gophers use the correct capabilities (e.g., transfers).
    * Ensure correct onboarding link is generated (Stripe account link type).
    

    


* Review account linkage logic to ensure existing payout accounts are reused, not recreated incorrectly.
* Validate that no legacy or deprecated onboarding types are being used.
* QA should test multiple payout scenarios (new user, returning user, restricted user).

‌

### **🧪 QA Notes:**

‌

* Attempt to reproduce issue on iOS and Android.
* Confirm user is never redirected to a browser asking for business information.
* Test:

    



    * New payout account setup
    * Fixing a restricted payout account
    * Updating existing payout details
    

    


* Verify correct Stripe onboarding link is used each time.
* Confirm that payout verification screen is appropriate for an **individual**, not a business.

",https://gopherapp.atlassian.net/browse/G40-13
G40-18,Bug,Stripe - Active Request - 7 Day Max Payment Authorization Issue,To Do,Highest,,Wilson Correa Padilla,John Newbury,"Gopher-App,Gopher-Go,Gopher-Requestor,pay",,2024-11-18T22:36:25.266+0530,2026-07-02T20:16:38.659+0530,"**UPDATE - This was not executed correctly. What is happening is the authorization IS expiring on Stripe's end after 7 days. (use Order # 59422 for reference) This is working on some orders and NOT with others. Seems to be happening more with “Services.”**

**Simply put… a request authorization NEVER expires with a “pending” request. Once a request is accepted, the card authorization needs to be extended until the request is COMPLETED OR CANCELLED. Enter whatever logic is needed to comply with Stripe’s requirements.** 

**IF a cost adjustment is made, the new amount will follow the “authorization never expires” logic. If a request is disputed, it will follow the “authorization never expires” logic.**

‌

Stripe is only allowing an authorization for 7 days. We allow users to schedule 2 weeks out. 

Order 34747 cancelled a $1300+ authorization as a result. 

Request was still active. 

\*Need to ensure authorization is for the duration of the scheduled request and if connected to a gopher, it’s doesn’t ever expire. 

IF a request is rescheduled in the app, no matter what the date is (which is a max of 2 weeks) the authorization needs to align.

‌

EX:

Stripe Notes for Order 34747

Authorization expired. It may take a few days for the money to reach the customer's bank account.

View details

Nov 15, 2024, 1:14 PM

Payment authorized, but not yet capturedNov 8, 2024, 1:14 PM

Payment startedNov 8, 2024, 12:18 PM

‌

The app will give the user an option to schedule out 2 weeks, as shown here, just the authorization will only last until 7 days later. This is unknown to the worker or the customer. The request will still stay live and function as normal, all the way up until 1) a cost adjustment is attempted or 2) a completed request update is attempted. It will then say “network error”

![](blob:https://media.staging.atl-paas.net/?type=file&localId=null&id=7fadb08f-aee1-4ad2-9c69-b3247c28418e&&collection=&height=2796&occurrenceKey=null&width=1290&__contextId=null&__displayType=null&__external=false&__fileMimeType=null&__fileName=null&__fileSize=null&__mediaTraceId=null&url=null)
## **Jira Ticket: Extend Stripe Authorization Handling for Scheduled Requests**

**Type:** Bug / Feature Gap  
**Priority:** High  
**Component:** Payments / Stripe Integration  
**Reporter:** John  
**Environment:** Production (iOS + Android + Backend)

---

### **Summary**

Stripe only holds payment authorizations for **7 days**, but the Gopher app allows users to **schedule requests up to 14 days out**. As a result, authorizations are expiring before the scheduled service occurs, causing failures when workers or customers attempt cost adjustments or request completion.

---

### **Description**

Users can currently schedule requests up to **two weeks in advance**. However, Stripe authorization windows expire after **7 days**, which is resulting in:

* Authorizations expiring before the scheduled service date
* Orders remaining active in the app without valid payment authorization
* Workers and customers seeing “network error” when attempting:

    1. Cost adjustments
    2. Completing the request
    

**Example Issue (Order #34747):**

* Scheduled beyond the 7-day authorization window
* $1300+ authorization expired
* Stripe displayed:

    * _“Authorization expired. It may take a few days for the money to reach the customer's bank account.”_
    
* App still treated the request as active

This issue is invisible to both the customer and the worker.

---

### **Business Impact**

* High-value authorizations are failing silently
* Workers complete services and cannot be paid
* Customers assume payment is secured but it is not
* Increased support overhead
* Revenue loss due to inability to capture expired authorizations
* Platform trust and reliability risks

---

### **Requirements**

✅ **1. Authorization must remain valid for the entire scheduled window (up to 14 days).**

* If Stripe supports reauthorization or incremental authorization refreshes, implement it.
* If not possible, implement a scheduled “authorization refresh” before expiration.

✅ **2. Once a request is connected to a Gopher (worker), authorization must never expire.**

* Auto-renew authorization until the request is either completed or canceled.

✅ **3. If a request is rescheduled in the app (within the 2-week limit), authorization must automatically adjust to match the new date.**

* Trigger a refresh if the date moves beyond the current authorization window.

✅ **4. Error handling & UX improvements**

* Prevent “network error” by checking authorization validity before:

    * Cost adjustments
    * Request completion
    
* Surface proper UI messaging when authorization lapses
* Reattempt reauthorization in background

---

### **Acceptance Criteria**

**AC1 — New requests scheduled ≤ 14 days in advance always have a valid authorization at time of service.**

* Validation: Payment can be captured successfully on completion.

**AC2 — If a request is connected to a worker, authorization is automatically extended/renewed until completion.**

* No silent expiration.

**AC3 — Rescheduling a request triggers a payment authorization refresh.**

* Edge case: user changes date multiple times.

**AC4 — No “network error” should occur due to expired authorization.**

* If authorization is invalid, system performs refresh automatically.

**AC5 — Admin dashboard logs must show authorization renewal events.**

---

### **Technical Notes / References**

**Stripe Log Example (Order #34747):**

* Nov 8, 2024: Payment authorized
* Nov 15, 2024: Authorization expired
* Stripe note: _“Authorization expired. It may take a few days for the money to reach the customer's bank account.”_

**Stripe Limitation:**

* Standard authorization validity = 7 days
* Extensions possible with manual reauthorization flow (Stripe API)
* May require SetupIntents + delayed capture or recurring reauth via PaymentIntents

---

### **Suggested Implementation Path**

1. **Introduce background job** that checks pending/scheduled requests daily.
2. **If authorization expiration < 48 hours away**, create a new authorization.
3. **Update payment intent** to maintain coverage.
4. **Lock the job to worker assignment**—continue reauth until service is completed.
5. **On reschedule**, immediately call payment refresh flow.

FLOW

1. Requestor creates a request (either Flexible - Next 2 weeks or Scheduled >7 days)
2. Request is accepted by a Gopher
3. The Gopher updates app to completed >7 days from the initial authorization. 
4. Requestor receives the Confirm/Dispute alert and taps Confirmed and receives an error massage stating a payment error.  

",https://gopherapp.atlassian.net/browse/G40-18
G40-19,Task,Gopher Go - Failed Instant Transfer Email and New Debit Card Entry Protocol,In Progress,High,,John Newbury,John Newbury,worker,Gopher Go App,2024-11-24T20:38:00.525+0530,2026-07-02T23:07:03.031+0530,"When a Gopher completes an order and the payout deposit attempt fails due to an invalid debit card, the system must immediately notify the Gopher via push alert and in-app popup, send an automated email with payout failure details and instructions, and accurately reflect the failed payout status in the request history log. The ""Payout Completed"" status must only be recorded when a deposit is verified as successful.

## 🧑‍💻 As a

Gopher Go user who has just completed an order,

## 🎯 I want

to be immediately notified if there was an issue with my debit card on file,

## ✅ So that

I can correct the issue and receive my payout without unnecessary delays.

## 💡 Context / Background

* When a debit card on file becomes invalid (expired or compromised), there is currently no proactive way to detect this until a payout attempt fails.
* A payout failure is identified at the moment the Gopher completes an order and the deposit attempt is made.
* The Gopher must be notified immediately and guided to update their debit card so the payout can be retried.
* Once a new card is added, the retry sequence is: the new card is assigned to the existing payout balance on the next business day, and the deposit is received the following business day.
* The request history log currently records ""Payout Completed"" regardless of whether the payout succeeded or failed — this must be corrected.

## ❌ Current Behavior

* No push alert or in-app notification is sent when a payout fails
* No automated email is sent to the Gopher to explain the failure or provide resolution steps
* The request history logs ""Payout Completed"" even when the payout has failed
* ""Requestor Confirmed"" and ""Payout Completed"" are being logged simultaneously, regardless of actual payout status
* The Gopher has no in-app path to update their debit card when a failure occurs

## ✅ Expected Behavior

* When a payout fails, the Gopher immediately receives a push alert and an in-app popup modal notifying them of the issue
* Tapping the push alert or popup takes the Gopher directly to the debit card update screen
* An automated email is sent from admin@gophergo.io to the Gopher with their name, last 4 digits of the failed card, the failed payout amount, and instructions on the retry sequence
* The request history accurately reflects the failed payout with a timestamped PAYOUT FAILED entry and a prompt to add a new debit card
* ""Payout Completed"" is only logged in the request history once the deposit is verified as successful
* Once a new card is added and the deposit is confirmed, a timestamped ""Payout Completed"" entry is added to the request history

## 📧 Automated Email Template

* **From:** admin@gophergo.io
* **To:** Gopher’s email address on file
* **Subject:** Payout error for order #\[Order #\]

Hi \[First\] \[Last\],

It appears Stripe is showing your card ending in \[last 4\] is no longer valid (typically this means the card is either expired or compromised). You’ll need to enter a new debit card to receive the transfer.

The $\[amount\] will continue unsuccessfully attempting to deposit on this card until a new card is updated.

The sequence works like this:

* Once updated, the next business day the new card is assigned to the existing payout balance.
* The following business day, the deposit is received on the new card.

We know things happen, but to avoid payout delays, you’ll want to make sure you always have a valid debit card on file. It delays payouts to the point where Gopher, Inc can’t help speed up the process. Rest assured the money is yours — you’ll now just need to let Stripe and your bank run its course.

Regards,

Gopher Support Team

## 🗒️ Request History Log Behavior

* On payout failure: `3/19/2024 08:05 PM: PAYOUT FAILED (Please add a new debit card)`
* On payout success after card update: `3/20/2024 08:05 PM: Payout Completed`
* ""Payout Completed"" must never be logged unless the deposit is verified as successful
* ""Requestor Confirmed"" and ""Payout Completed"" must not be logged simultaneously — payout status must be verified independently

## ✅ Acceptance Criteria

### Scenario 1 – Payout failure triggers push alert and in-app popup

* **Given** a Gopher completes an order and the payout deposit attempt fails
* **When** the failure is detected
* **Then** the Gopher immediately receives a push alert and an in-app popup modal notifying them of the payout failure
* **And** tapping the alert or popup navigates the Gopher directly to the debit card update screen

### Scenario 2 – Automated payout failure email is sent

* **Given** a payout failure is detected
* **When** the failure is logged
* **Then** an automated email is sent from admin@gophergo.io to the Gopher’s email address
* **And** the email includes the Gopher’s name, last 4 digits of the failed card, the failed payout amount, and the retry sequence instructions

### Scenario 3 – Request history shows PAYOUT FAILED when payout fails

* **Given** a payout attempt has failed
* **When** the Gopher views their request history
* **Then** a timestamped PAYOUT FAILED entry is shown with a prompt to add a new debit card
* **And** no ""Payout Completed"" entry is logged

### Scenario 4 – Payout Completed is only logged after verified deposit

* **Given** a Gopher has updated their debit card and the deposit has been confirmed
* **When** the payout is successfully deposited
* **Then** a timestamped ""Payout Completed"" entry is added to the request history

### Scenario 5 – Requestor Confirmed and Payout Completed are not logged simultaneously

* **Given** a Requestor confirms order completion
* **When** the confirmation is recorded
* **Then** ""Requestor Confirmed"" is logged
* **And** ""Payout Completed"" is only logged separately once the deposit is independently verified

## ⚙️ Business Rules

* Payout failure detection must trigger immediately upon a failed deposit attempt following order completion.
* Both a push alert and an in-app popup modal must fire simultaneously on failure detection.
* The automated payout failure email must be sent from admin@gophergo.io and must dynamically populate the Gopher’s name, card last 4, order number, and failed amount.
* ""Payout Completed"" must never be logged in the request history unless a deposit is confirmed as successful.
* ""Requestor Confirmed"" and ""Payout Completed"" are independent log events and must never be recorded simultaneously.
* Retry sequence: new card assigned to payout balance on next business day; deposit received the following business day.

## 🧠 Dependencies / Notes

* Stripe webhook or callback must be set up to detect failed instant transfer events and trigger the notification and email flows.
* Email must dynamically pull: Gopher first/last name, card last 4, order number, and failed payout amount.
* Push alert and popup must deep-link directly to the debit card update screen.
* Request history payout status logic must be decoupled from Requestor confirmation — payout status must be driven by Stripe deposit confirmation only.
* Figma assets reference: https://www.figma.com/design/aRFH8dqUfSHLJTb89VZYNh/Jira-Tickets?node-id=21-10645
* Figma debit card update screen reference: https://www.figma.com/design/aRFH8dqUfSHLJTb89VZYNh/Jira-Tickets?node-id=22-11093

## 🧪 QA Notes

* Simulate a payout failure on order completion — confirm push alert and in-app popup fire immediately.
* Tap the push alert — confirm it navigates directly to the debit card update screen.
* Tap the in-app popup — confirm it also navigates to the debit card update screen.
* Verify the automated email is sent from admin@gophergo.io with correct dynamic fields: name, card last 4, order number, and failed amount.
* Check request history after a failed payout — confirm PAYOUT FAILED entry appears with timestamp and no ""Payout Completed"" entry is logged.
* Update the debit card and confirm the deposit — verify ""Payout Completed"" entry is added to request history with correct timestamp.
* Confirm ""Requestor Confirmed"" and ""Payout Completed"" are never logged at the same time.
* Test on both iOS and Android.

",https://gopherapp.atlassian.net/browse/G40-19
G40-35,Task,Both Apps — In-App Messaging Guard: flag all communication violations (off-platform + foul language),In Progress,Highest,,John Newbury,John Newbury,spine,,2023-12-05T03:54:18.633+0530,2026-07-06T03:02:13.455+0530,"Update. Reference Gopher iQ Dashboard for logic already in place. This may already much further along than expected. 

‌

When foul language is used, we identify a user is trying to solicit funds outside the app and/or the best we can determine a user is trying to hire outside the app, we implement an immediate communication to them as well as flag the account. 

When either party triggers the function, both receive the pop-up.

This then triggers an email to Admin@ so it is brought to our attention. 

![](blob:https://media.staging.atl-paas.net/?type=file&localId=null&id=9ad41611-7310-47a8-8187-5e27dc6dc558&&collection=&height=342&occurrenceKey=null&width=529&__contextId=null&__displayType=null&__external=false&__fileMimeType=null&__fileName=null&__fileSize=null&__mediaTraceId=null&url=null)
‌

it is also logged in active admin. 

<custom data-type=""smartlink"" data-id=""id-0"">https://www.figma.com/design/g7DWLbI86O6SqiwITY7jeL/%E2%9C%8F%EF%B8%8F-Gopher-UI_UX?node-id=5783-1707&t=MRrHS5LeYmLTMtCn-4</custom> 

![](blob:https://media.staging.atl-paas.net/?type=file&localId=null&id=6bf4c620-810f-41ae-98b5-ca052c7fb44d&&collection=&height=806&occurrenceKey=null&width=393&__contextId=null&__displayType=null&__external=false&__fileMimeType=null&__fileName=null&__fileSize=null&__mediaTraceId=null&url=null)
<custom data-type=""smartlink"" data-id=""id-1"">https://www.figma.com/design/g7DWLbI86O6SqiwITY7jeL/%E2%9C%8F%EF%B8%8F-Gopher-UI_UX?node-id=5783-1744&t=MRrHS5LeYmLTMtCn-4</custom> 

![](blob:https://media.staging.atl-paas.net/?type=file&localId=null&id=3bb0a636-c799-484d-93f3-d065d6ed0f82&&collection=&height=806&occurrenceKey=null&width=393&__contextId=null&__displayType=null&__external=false&__fileMimeType=null&__fileName=null&__fileSize=null&__mediaTraceId=null&url=null)
<custom data-type=""emoji"" data-id=""id-2"">:warning:</custom> Need to look for a standard menu of words for this common feature. I know Fiverr users this technology. 

Bad Language

Money

Phone Numbers

Addressed

emails

payment methods (ie Venmo, CashApp)

Create a pop-up alert when a message has any of the following:

Foul language (add words)

Phone Numbers (#########, ###-###-####, ##########, ###.###.####, etc…)

Emails

$

Once the trigger is set off, this pop p modal occurs

![](blob:https://media.staging.atl-paas.net/?type=file&localId=null&id=674dcfa8-fbd6-4985-baed-08029bfc9af1&&collection=&height=806&occurrenceKey=null&width=393&__contextId=null&__displayType=null&__external=false&__fileMimeType=null&__fileName=null&__fileSize=null&__mediaTraceId=null&url=null)
![](blob:https://media.staging.atl-paas.net/?type=file&localId=null&id=6e5b7a03-1c50-46ee-bce1-8ee9a3fccb02&&collection=&height=806&occurrenceKey=null&width=393&__contextId=null&__displayType=null&__external=false&__fileMimeType=null&__fileName=null&__fileSize=null&__mediaTraceId=null&url=null)
This will prompt an email to [admin@gophergo.io](mailto:admin@gophergo.io)

![](blob:https://media.staging.atl-paas.net/?type=file&localId=null&id=68db3b0b-1118-443f-ba1f-482c973cd244&&collection=&height=null&occurrenceKey=null&width=null&__contextId=null&__displayType=null&__external=false&__fileMimeType=null&__fileName=null&__fileSize=null&__mediaTraceId=null&url=null)![](blob:https://media.staging.atl-paas.net/?type=file&localId=null&id=76eb31ae-0370-468e-8141-a68b1e0e8376&&collection=&height=540&occurrenceKey=null&width=513&__contextId=null&__displayType=null&__external=false&__fileMimeType=null&__fileName=null&__fileSize=null&__mediaTraceId=null&url=null)
",https://gopherapp.atlassian.net/browse/G40-35
G40-37,Bug,Both Apps - Recommend MY Gopher - Duplicate Inbox Entries,In Progress,Low,,John Newbury,John Newbury,request,"Gopher App (Requestor),Gopher Go App",2024-07-19T23:41:42.743+0530,2026-07-03T07:04:38.222+0530,"If a user has sent a recommend a favorite gopher referral and that favorite Gopher is already referred (whether approved or sitting in the inbox, the referrer needs the standard alert this gopher has already been sent…

User ID 14 was able to submit refer a favorite to 919-777-1111 more than 1 time. As a result, the new user received 2 inbox messages for this. 

![](blob:https://media.staging.atl-paas.net/?type=file&localId=null&id=f935c4b1-d52a-47e9-8dbd-5580313f1690&&collection=&height=1398&occurrenceKey=null&width=645&__contextId=null&__displayType=null&__external=false&__fileMimeType=null&__fileName=null&__fileSize=null&__mediaTraceId=null&url=null)
",https://gopherapp.atlassian.net/browse/G40-37
G40-38,Task,Stripe - Request - New Payment Options For Requestors,In Progress,High,,John Newbury,John Newbury,pay,,2023-12-05T16:09:08.835+0530,2026-07-02T23:49:43.608+0530,"The Gopher App currently only supports debit and credit card payments. To reduce declined transactions, increase checkout conversion, and give Requestors more flexibility when their card balance is insufficient, additional payment methods must be added. All methods will be integrated through Stripe’s existing infrastructure using the Stripe Payment Element and Express Checkout Element, minimizing new engineering overhead while unlocking multiple wallets and payment platforms in a single integration.

## 🧑‍💻 As a

Requestor placing a request on the Gopher App,

## 🎯 I want

to be able to pay using my preferred payment method beyond just a debit or credit card,

## ✅ So that

I can complete my request even if my card balance is insufficient, and choose the payment option most convenient for me.

## 💡 Context / Background

* Card declines represent a direct loss of completed orders. Offering alternative payment methods reduces this friction and increases the likelihood of a successful transaction.
* Digital wallets have surpassed credit cards as the most popular online checkout method in 2025, with 58% of online purchases projected to be made via alternative payment methods by 2028.
* Stripe research shows that dynamically offering just one additional relevant payment method increases conversion by an average of 7.4%, with businesses expanding payment options seeing an average revenue boost of 12%.
* 10% of US shoppers have abandoned a purchase solely because their preferred payment method was not available.
* All target payment methods are supported natively through Stripe, meaning they can be enabled from the Stripe Dashboard with minimal additional code using the Payment Element and Express Checkout Element.
* Adding alternative payment methods also reduces fraud risk by shifting payment authentication and liability to established third-party platforms.

## 💳 Payment Methods to Add

### Apple Pay

* One-tap checkout using Face ID, Touch ID, or passcode — no card details re-entered
* Automatically presented on iOS/Safari devices when enabled via Stripe Express Checkout Element
* Card data is masked — Gopher Inc never sees the underlying card number, reducing fraud exposure
* Stripe integration reference: https://stripe.com/payments/apple-pay

### Google Pay

* One-tap checkout on Android and Chrome devices
* Automatically presented on Android/Chrome when enabled via Stripe Express Checkout Element
* Same tokenization and fraud protection benefits as Apple Pay
* Stripe integration reference: https://stripe.com/payment-method/google-pay

### PayPal (includes Venmo access)

* PayPal is one of the most trusted and widely used alternative payment methods in the US
* Connecting PayPal through Stripe also unlocks Venmo access for users who have linked Venmo to their PayPal account
* PayPal handles authentication and payment liability independently, reducing fraud risk for the platform
* Note: PayPal via Stripe charges slightly higher processing fees than standard card payments — this should be factored into pricing expectations
* Stripe integration reference: https://stripe.com/payment-method/paypal

### Cash App Pay

* Popular among younger demographics and users without traditional banking relationships
* Users authenticate and pay directly through the Cash App
* Supported natively through Stripe with no separate merchant account required
* Stripe integration reference: https://stripe.com/payments/cash-app-pay

### Venmo (Standalone)

* Venmo is accessible via the PayPal Stripe integration (above) for users with linked accounts
* For standalone Venmo support, integration is available through Braintree (PayPal’s payment platform) using iOS and Android SDKs
* Important: Venmo must not be loaded in a WebView or iframe — must use Safari View Controller (iOS) or Chrome Custom Tabs (Android)
* Venmo is US-only and requires a US-based business entity
* Business transaction fee: 1.9% + $0.10 per transaction

## 📸 Card Scan to Register

* Users must be able to take a photo of their debit or credit card to register it, rather than manually entering card details
* Stripe’s mobile SDKs support card scanning natively via the Stripe iOS and Android SDKs
* This feature reduces checkout friction and card entry errors on mobile

## ⚙️ Integration Approach & Best Practices

* **Use Stripe’s Payment Element + Express Checkout Element** — a single integration that dynamically surfaces eligible payment methods based on the user’s device, location, and transaction context. No separate integrations needed for Apple Pay or Google Pay.
* **Enable Dynamic Payment Methods** from the Stripe Dashboard — Stripe automatically orders payment methods by conversion probability. New methods can be turned on without code changes.
* **Device-aware display** — Apple Pay should only appear on Apple devices; Google Pay on Android/Chrome. Stripe’s Express Checkout Element handles this detection automatically.
* **Never handle raw card data server-side** — all payment data is tokenized through Stripe before it reaches Gopher’s servers, maintaining PCI DSS compliance.
* **Use webhooks for payment status** — do not rely solely on client-side confirmation. Stripe webhooks must confirm payment success server-side before a request is submitted.
* **Set user expectations on fees** — some payment methods (PayPal, Venmo, Cash App) carry slightly different processing fees. The UI must clearly communicate any cost differences to the Requestor before they confirm payment.
* **Accordion layout** — with 4+ payment methods, use the accordion layout in the Payment Element for cleaner UX. Display the top 3–4 by default with a “More” option.
* **Enable Stripe Link** — Stripe’s one-click checkout that saves and autofills payment and shipping details for returning users, further reducing friction.

## ✅ Acceptance Criteria

### Scenario 1 – Requestor sees all available payment methods at checkout

* **Given** a Requestor reaches the payment step
* **When** the payment screen loads
* **Then** all eligible payment methods are displayed based on the user’s device and location
* **And** Apple Pay is shown on iOS devices, Google Pay on Android/Chrome devices

### Scenario 2 – Requestor can complete payment via each new payment method

* **Given** a Requestor selects an alternative payment method (Apple Pay, Google Pay, PayPal, Cash App, or Venmo)
* **When** they complete authentication with the chosen provider
* **Then** the payment is processed and the request is submitted successfully

### Scenario 3 – Card scan registers a new card

* **Given** a Requestor wants to add a new debit or credit card
* **When** they tap the card scan option and capture their card with the camera
* **Then** the card details are populated automatically and the card is registered to their account

### Scenario 4 – Fee differences are communicated before payment confirmation

* **Given** a Requestor selects a payment method that carries a different processing fee
* **When** the method is selected
* **Then** any applicable cost adjustment is clearly shown before the Requestor confirms payment

## ⚙️ Business Rules

* All payment methods must process through Stripe — no raw payment data is to be handled by Gopher’s servers.
* Apple Pay must only be presented on Apple devices; Google Pay must only be presented on Android/Chrome.
* Venmo must not be loaded in a WebView — must use Safari View Controller (iOS) or Chrome Custom Tabs (Android).
* Any fee differences associated with a payment method must be disclosed to the Requestor before payment confirmation.
* Payment success must be confirmed server-side via Stripe webhooks before a request is activated.
* Card scan must tokenize data through Stripe SDKs — no raw card numbers stored on Gopher’s servers.

## 🧠 Dependencies / Notes

* Implement Stripe’s Payment Element and Express Checkout Element using the iOS and Android SDKs for in-app payments.
* Enable Dynamic Payment Methods in the Stripe Dashboard so new methods can be toggled on/off without code changes.
* PayPal must be enabled through Stripe’s PayPal integration to also unlock Venmo for linked accounts.
* For standalone Venmo, evaluate Braintree SDK integration (PayPal’s platform) as a complementary option.
* Review and confirm processing fee structure for each new payment method with finance before go-live.
* Card scan requires Stripe’s mobile SDK card scanning feature — confirm availability in current SDK version.
* Configure Stripe webhooks to handle payment success, failure, and cancellation events for all new payment methods.
* Evaluate enabling Stripe Link for one-click returning user checkout.
* Figma UI reference: https://www.figma.com/design/H6THlatWvwT6ESI2j4MPTi/Final-Flows?node-id=1149-3711

## 🧪 QA Notes

* Test each payment method end-to-end: Apple Pay, Google Pay, PayPal, Cash App Pay, and Venmo — confirm successful payment and request submission.
* Verify Apple Pay only appears on iOS devices and Google Pay only on Android/Chrome.
* Test card scan — confirm card details are correctly populated and registered.
* Simulate payment failures for each method — confirm graceful error handling and that the Requestor is returned to the payment screen to retry or select a different method.
* Verify fee disclosures appear correctly for applicable payment methods before confirmation.
* Confirm payment success is verified server-side via webhook before the request is activated.
* Test Venmo flow — confirm it launches in Safari View Controller (iOS) or Chrome Custom Tabs (Android), not a WebView.
* Test on both iOS and Android.

",https://gopherapp.atlassian.net/browse/G40-38
G40-39,Bug,Gopher App - Ratings Screen - Viewing Pic For Non Age-Restricted Request ,In Progress,High,,John Newbury,John Newbury,age,"Gopher App (Requestor),Gopher Go App",2024-05-30T02:00:23.785+0530,2026-07-03T02:49:59.637+0530,"When a non-age-restricted request is completed, the Gopher must be taken through a photo upload screen before reaching the rating screen. Photos taken by the Gopher are shared with the Requestor on their confirmation screen for verification — particularly important for contactless deliveries. The rating screen must persist until completed, and if the Gopher has been selected as a Favorite, a congratulations modal must fire after rating.

## 🧑‍💻 As a

Gopher who has just completed a non-age-restricted request,

## 🎯 I want

to optionally add completion photos and then be taken to the rating screen once the Requestor confirms,

## ✅ So that

the Requestor can visually verify the completed delivery, confirmation is smooth, and the full post-completion flow resolves correctly including Favorite Gopher recognition.

## 💡 Context / Background

* Age-restricted requests require mandatory in-person identity verification and follow a separate completion flow (covered in G40-192).
* Non-age-restricted requests use this photo upload and rating flow instead.
* The photo upload step allows Gophers to document completed deliveries, providing the Requestor with visual proof — especially valuable for contactless deliveries.
* The Submit button must remain inactive until at least one photo is added or Skip is explicitly selected.
* The rating screen must remain displayed until the Gopher completes the rating — it must not be dismissible.

## 🔀 Complete Flow

### Step 1 – Photo Upload Screen

* Immediately after marking the request complete, the Gopher is taken to the photo upload screen
* The Gopher can upload up to 3 photos
* The Submit button remains inactive until at least one photo is added OR the Gopher taps Skip
* Note: this photo step does NOT apply to age-restricted deliveries, which require mandatory in-person verification

### Step 2 – Photo Appears on Requestor’s Confirmation Screen

* If one or more photos were added, they are displayed on the Requestor’s confirmation screen under a ""View pic(s) of completed request"" section
* The Requestor can review the photo(s) before confirming the order
* If Skip was selected, no photos are shown on the confirmation screen

### Step 3 – Requestor Confirms → Gopher Receives Banner Notification

* Once the Requestor confirms the order, the Gopher receives a banner notification
* Tapping the banner notification — or the current screen — transitions to the rating screen

### Step 4 – Rating Screen

* The rating screen is shown and remains displayed until the Gopher completes the rating
* The screen must not be dismissible until the rating is submitted

### Step 5 – Favorite Gopher Congratulations Modal

* After the rating is submitted, if the Gopher has been selected as a Favorite Gopher by the Requestor, the standard congratulations modal is displayed
* If the Gopher is not a Favorite, the modal is not shown

## ❌ Current Behavior

* The photo upload screen and associated flow are not functioning as designed for non-age-restricted requests
* Photos may not be correctly surfaced on the Requestor’s confirmation screen
* The Submit button may not correctly gate on photo upload or Skip selection
* The rating screen may not persist correctly until the rating is completed
* The Favorite Gopher congratulations modal may not fire correctly after rating

## ✅ Expected Behavior

* On non-age-restricted request completion, the Gopher is taken to the photo upload screen
* Submit is inactive until a photo is added or Skip is tapped
* Any added photos appear on the Requestor’s confirmation screen for review before confirmation
* On Requestor confirmation, the Gopher receives a banner notification and is transitioned to the rating screen
* The rating screen persists until the Gopher completes the rating
* If the Gopher is a Favorite, the congratulations modal fires after the rating is submitted

## ✅ Acceptance Criteria

### Scenario 1 – Submit is inactive until photo added or Skip selected

* **Given** a Gopher is on the photo upload screen after completing a non-age-restricted request
* **When** no photo has been added and Skip has not been tapped
* **Then** the Submit button remains inactive

### Scenario 2 – Photos appear on Requestor confirmation screen

* **Given** a Gopher has added one or more photos and submitted
* **When** the Requestor views their confirmation screen
* **Then** the photo(s) are displayed under ""View pic(s) of completed request""
* **And** the Requestor can review them before confirming

### Scenario 3 – No photos shown when Skip was selected

* **Given** a Gopher tapped Skip on the photo upload screen
* **When** the Requestor views their confirmation screen
* **Then** no photo section is shown

### Scenario 4 – Gopher receives banner notification on Requestor confirmation

* **Given** the Requestor has confirmed the order
* **When** the confirmation is submitted
* **Then** the Gopher receives a banner notification
* **And** tapping the banner or the current screen transitions to the rating screen

### Scenario 5 – Rating screen persists until completed

* **Given** the Gopher is on the rating screen
* **When** the Gopher attempts to navigate away without completing the rating
* **Then** the screen remains displayed and cannot be dismissed until the rating is submitted

### Scenario 6 – Favorite Gopher congratulations modal fires after rating

* **Given** the Gopher has been selected as a Favorite by the Requestor
* **When** the Gopher submits the rating
* **Then** the congratulations modal is displayed

### Scenario 7 – No congratulations modal if Gopher is not a Favorite

* **Given** the Gopher has not been selected as a Favorite
* **When** the Gopher submits the rating
* **Then** no congratulations modal is shown

## ⚙️ Business Rules

* This photo upload and rating flow applies to non-age-restricted requests only. Age-restricted requests follow a separate completion flow (G40-192).
* The Submit button on the photo upload screen must never activate unless at least one photo is added or Skip is tapped.
* A maximum of 3 photos may be uploaded per completed request.
* Photos submitted by the Gopher must always appear on the Requestor’s confirmation screen before confirmation is possible.
* The rating screen must persist and remain non-dismissible until the Gopher submits their rating.
* The Favorite Gopher congratulations modal must only fire if the Requestor has designated the Gopher as a Favorite.

## 🧠 Dependencies / Notes

* This flow is specific to non-age-restricted requests. Age-restricted completion flow is covered in G40-192.
* The photo(s) must be stored and linked to the Order ID so they can be retrieved and displayed on the Requestor’s confirmation screen.
* The Favorite Gopher status must be queryable at the time the rating is submitted to determine whether to show the congratulations modal.
* Figma design reference: https://www.figma.com/design/aRFH8dqUfSHLJTb89VZYNh/Jira-Tickets?node-id=110-15858

## 🧪 QA Notes

* Complete a non-age-restricted request — confirm photo upload screen appears immediately.
* Attempt to submit without adding a photo or tapping Skip — confirm Submit button remains inactive.
* Add 1, 2, and 3 photos — confirm Submit activates and up to 3 photos can be uploaded.
* Submit with photos — confirm photos appear on the Requestor’s confirmation screen under ""View pic(s) of completed request"".
* Submit with Skip — confirm no photo section appears on the Requestor’s confirmation screen.
* Requestor confirms the order — confirm the Gopher receives a banner notification.
* Tap the banner notification — confirm transition to the rating screen.
* Attempt to navigate away from the rating screen without submitting — confirm the screen persists.
* Submit the rating as a Favorite Gopher — confirm the congratulations modal appears.
* Submit the rating as a non-Favorite Gopher — confirm no congratulations modal appears.
* Confirm this flow does not trigger for age-restricted requests.
* Test on both iOS and Android.

",https://gopherapp.atlassian.net/browse/G40-39
G40-40,Task,Gopher App - Submitted Request - Cancel - Early Cancellation Pop-Up & Logic (While request is being broadcast but before being accepted),In Progress,High,,John Newbury,John Newbury,request,,2024-05-31T17:06:24.132+0530,2026-07-03T20:41:54.332+0530,"<custom data-type=""smartlink"" data-id=""id-0"">https://www.figma.com/design/aRFH8dqUfSHLJTb89VZYNh/Jira-Tickets?node-id=52-14911</custom> 

If Requestor attempts to cancel with-in 20 min of submission and we have more than 20 Gophers, with at least 1 completed order in that area they receive this pop-up:

IF outside above logic, (> 20 minutes) and a Requestor attempts to cancel, this pop-up modal occurs. 

IF user selects Still Need!, we send another notification to local Gophers in the area but all request info stays current. (so may be only 10-15 minutes left)

If user selects Still Cancel, request is cancelled. ",https://gopherapp.atlassian.net/browse/G40-40
G40-43,Bug,Gopher App - Expired Request - Do Not Let A Request Expire With Pending Offers - Send Final SMS,In Progress,Highest,,John Newbury,John Newbury,"Gopher-App,Gopher-Requestor,spine",,2024-08-19T21:28:43.779+0530,2026-07-03T21:52:54.325+0530,"> ✅ **GROOMED 2026-07-02 — spec locked with owner, no open questions.** The in-app **NEEDS ATTENTION** + accept/decline UI is _already largely built_ in the new front-end (`gopher-request.html`). The remaining work is the **backend deferred-expiration guard + final SMS** — see the comment for the code trace and where it lives.

## 🎯 Goal

A request must **not expire while a Gopher has already accepted it** (pending requestor accept/decline) **or submitted a counter-offer.** Instead, prompt the requestor (final SMS + in-app NEEDS ATTENTION) and hold the request open for a **1-hour grace window**, so a valid offer isn't lost just because the requestor stepped away from their phone.

_Why (real scenario):_ 1pm — requestor puts phone down → 2pm — worker accepts → 3pm — request would normally expire → 4pm — requestor returns. Without this feature the accepted offer is lost at 3pm.

## ⏲️ Normal expiration timers (a request “expires” = never accepted)

| Request type | Expires after |
| --- | --- |
| First available | 1 hour |
| Flexible | 24 hours / 1 week / 2 weeks (requestor's chosen window) |
| Scheduled | the exact scheduled date/time |

The deferral below applies to **all** of these triggers.

## 🔁 Behavior

1. **Defer on pending offer.** When a request reaches its expiration (any timer above) **AND** a Gopher has accepted (pending requestor action) **OR** a counter-offer is pending → do **not** expire.
2. **Final SMS.** Send **one** final SMS to the requestor — “you have a pending offer” + a deep link into the app. Respect SMS opt-out; never send duplicates.
3. **In-app NEEDS ATTENTION.** Opening the app shows a NEEDS ATTENTION alert / blocking prompt that disables other activity until addressed. Tapping **View Interested Workers** → the offer screen to **Accept** or **Decline**.
4. **1-hour grace.** The request is held open for **1 hour, measured from when the final SMS / NEEDS ATTENTION prompt is sent.**

    * **Accept** → request connects and proceeds to fulfillment as a standard accepted request.
    * **Decline** → request expires immediately (normal expired logic).
    * **No action within the 1 hour** → request expires (normal expired logic).
    

## ✅ Acceptance Criteria

**S1 — Pending offer prevents expiration (all timer types).** Given a request of any type (first-available / flexible / scheduled) reaches its expiration with a Gopher acceptance or counter-offer pending, when the expiration logic runs, then the request must NOT expire.

**S2 — Final SMS.** Given a request with a pending offer reaches expiration, then exactly one final SMS with an app deep link is sent to the requestor (respecting opt-out, no duplicates).

**S3 — NEEDS ATTENTION shown.** Given the requestor opens the app, then a NEEDS ATTENTION alert is clearly displayed and routes to View Interested Workers → Accept/Decline.

**S4 — Accept after expiry time.** Given the request had already reached its expiration time, when the requestor accepts the pending offer, then the request connects and proceeds to fulfillment.

**S5 — Decline.** Given the deferred request, when the requestor declines, then the request expires immediately.

**S6 — Grace lapse.** Given no action is taken, when 1 hour elapses from the final SMS/prompt, then the request expires (normal expired logic).

**S7 — Scheduled-request regression (the QA failure).** Given a **scheduled** request whose exact date/time passes with a Gopher already accepted (the “I'll select my worker” case), when the scheduled time is reached, then the request must **defer, not expire** — this is the specific regression QA returned on 2026-01-15 (booking #466).

## ⚙️ Business Rules

* A request cannot expire while there is a pending acceptance or counter-offer; expiry is deferred until the requestor accepts/declines or the 1-hour grace lapses.
* The 1-hour grace is anchored to the **final SMS / NEEDS ATTENTION prompt**.
* Applies to **all** request types and all expiration timers.
* SMS respects opt-out and must not duplicate. Confirm no conflict with broadcast/reminder logic.

## 🎨 Design

Figma (pop-up + NEEDS ATTENTION + Accept/Decline): https://www.figma.com/design/g7DWLbI86O6SqiwITY7jeL/%E2%9C%8F%EF%B8%8F-Gopher-UI_UX?node-id=8821-8919

## 🧪 QA Notes

* Test single acceptance, multiple acceptances, and counter-offers — across first-available, flexible, and scheduled requests.
* Re-verify the booking #466 scheduled-request case specifically.
* Verify one and only one SMS is sent, and only when applicable.
* Validate Accept vs Decline vs no-action-after-1-hour paths. iOS + Android.

",https://gopherapp.atlassian.net/browse/G40-43
G40-44,Task,Gopher Go - Submitted Request - Broadcast Cadence,In Progress,Highest,,John Newbury,John Newbury,worker,,2024-10-29T18:45:56.308+0530,2026-07-03T21:06:48.721+0530,"Should be as follows:

Request Broadcast Cadence:

1. 0 - 1 minutes = MY Gophers
2. Minute 1 - 2 = Pro / Elite+ / Elite
3. Minute 2 - 2.5  =  >4.8 stars
4. Minute 2.5  =  <4.8 stars

(do not round, must be at least 4.8 stars to be in group 3)

Note: ""Pro"" here = the NEW accredited service-professional tier, grouped with Elite+/Elite in Tier-2. Legacy Pro/Pro+ are now Elite/Elite+ (see G40-199).

IF any particular group is vacant, each group moves up.

ie: IF no Pro / Elite+ / Elite

1. 0 - 1 minutes = MY Gophers
2. Minute 1 - 2 minute = 4.8 - 5 stars
3. Minute 2  =  <4.8 stars

ie: IF no MY Gophers, Pro / Elite+ / Elite

1. 0 - 1 minutes = 4.8 - 5 stars
2. Minute 1 - 2 minute = <4.8 stars

",https://gopherapp.atlassian.net/browse/G40-44
G40-65,Task,Gopher App - Completed Request Confirmation Screen Update,In Progress,Highest,,John Newbury,John Newbury,request,,2025-06-24T00:38:30.537+0530,2026-07-03T02:50:11.548+0530,"Requestors can have multiple active requests running simultaneously. When a completion notification fires, the current confirmation screen does not specify which request was completed, leaving the Requestor unable to quickly identify it. A ""Tap to view details"" link must be added to the completion modal so the Requestor can immediately see which request has been completed.

## 🧑‍💻 As a

Requestor who may have multiple active requests at the same time,

## 🎯 I want

the completion confirmation screen to clearly identify which specific request has been completed,

## ✅ So that

I am never confused about which of my requests was just finished and can quickly review the details.

## 💡 Context / Background

* Some Requestors run multiple requests concurrently, making it ambiguous which request a generic completion notification refers to.
* The current completion confirmation screen does not surface any request-specific identifying information.
* A ""Tap to view details"" link must be added to the completion modal, taking the Requestor directly to the details of the completed request.

## ❌ Current Behavior

* The completion confirmation screen does not specify which request has been completed
* Requestors with multiple active requests have no way to quickly identify which one was just finished from the confirmation screen

## ✅ Expected Behavior

* The completion confirmation modal includes a ""Tap to view details"" link
* Tapping the link opens a modal or navigates the Requestor directly to the details of the specific request that was just completed
* This behavior applies regardless of how many active requests the Requestor has

## ✅ Acceptance Criteria

### Scenario 1 – Tap to view details link appears on completion modal

* **Given** a Gopher marks a request as completed
* **When** the completion confirmation modal is shown to the Requestor
* **Then** a ""Tap to view details"" link is visible on the modal

### Scenario 2 – Tapping the link shows the correct completed request details

* **Given** the Requestor taps ""Tap to view details"" on the completion modal
* **When** the link is tapped
* **Then** the details of the specific request that was just completed are displayed (including any pics)
* **And** no other active requests are shown or confused with it

### Scenario 3 – Behavior is consistent for single and multiple active requests

* **Given** a Requestor has one or more active requests
* **When** any request is completed
* **Then** the ""Tap to view details"" link always appears and always links to the correct completed request

## ⚙️ Business Rules

* The ""Tap to view details"" link must always reference the specific Order # of the request that was just completed.
* The link must appear on the completion modal for all Requestors, regardless of how many active requests they have.
* Tapping the link must never navigate to a different request.

## 🧠 Dependencies / Notes

* The completion modal must pass the correct Order ID to the ""Tap to view details"" link at the time of completion.
* Figma design reference: https://www.figma.com/design/aRFH8dqUfSHLJTb89VZYNh/Jira-Tickets?node-id=85-5288

## 🧪 QA Notes

* Test with a Requestor who has a single active request — confirm ""Tap to view details"" appears and links to the correct request.
* Test with a Requestor who has multiple active requests — confirm the link identifies and displays only the completed request.
* Verify the modal and link render correctly at the point of completion notification.
* Test on both iOS and Android.

",https://gopherapp.atlassian.net/browse/G40-65
G40-68,Task,"Gopher App - Submitted Request - Gophers Interested, Bids or Counter Offers View - View Profile - Update Previous Job Views",In Progress,High,,John Newbury,John Newbury,worker,,2024-07-09T20:20:04.410+0530,2026-07-03T03:13:24.878+0530,"When a Requestor views a Gopher’s profile from the Gophers Interested, Bids, or Counter Offers screen, the previous jobs view must be updated to offer two viewing options: all previous jobs, and a filtered view showing only jobs matching the top-level category of the currently active request. The category-filtered view must dynamically reflect the relevant category and gracefully handle cases where the Gopher has no prior jobs in that category.

## 🧑‍💻 As a

Requestor reviewing a Gopher’s profile from the Gophers Interested, Bids, or Counter Offers screen,

## 🎯 I want

to be able to view all of a Gopher’s previous jobs or filter to only see jobs relevant to my current request category,

## ✅ So that

I can quickly assess whether a Gopher has relevant experience for the type of request I am posting.

## 💡 Context / Background

* When a Requestor taps View Profile on a Gopher from the Gophers Interested, Bids, or Counter Offers list, they can see the Gopher’s previous job history.
* Currently the view shows all previous jobs without any filtering option.
* Two viewing options must be available, with the full job history shown by default.
* The category filter must use the top-level category of the currently broadcast request, mapping to one of four values: **Delivery**, **Need A Ride**, **Service**, or **Other**
* Example: if the active request is Service → Home Service → Handyman, the filtered view label reads ""View Previous Service Jobs Only"" and shows only that Gopher’s past Service jobs.
* If the Gopher has no prior jobs in the relevant category, an empty state message is displayed.

## 💼 Viewing Options

* **View All Previous Jobs** — default view, shows the Gopher’s complete job history across all categories
* **View Previous \[Category\] Jobs Only** — filtered view showing only jobs that match the top-level category of the currently broadcast request. The category label is dynamic and reflects one of: Delivery, Need A Ride, Service, or Other

## 🗒️ Dynamic Category Label Examples

* Active request: Service → Home Service → Handyman → filter label: **View Previous Service Jobs Only**
* Active request: Delivery → Convenience Store → filter label: **View Previous Delivery Jobs Only**
* Active request: Need A Ride → filter label: **View Previous Need A Ride Jobs Only**
* Active request: Other → filter label: **View Previous Other Jobs Only**

## ❌ Current Behavior

* The View Profile screen displays all previous jobs with no filtering option
* There is no way for a Requestor to quickly identify category-relevant experience for the Gopher they are considering

## ✅ Expected Behavior

* The View Profile screen displays View All Previous Jobs by default
* Below the default view, a second option reads ""View Previous \[Category\] Jobs Only"" with the category dynamically populated based on the active request
* Tapping the category filter shows only jobs matching the top-level category of the active request
* If the Gopher has no jobs in the relevant category, an empty state is shown: ""No Previous \[Category\] Jobs""

## ✅ Acceptance Criteria

### Scenario 1 – Default view shows all previous jobs

* **Given** a Requestor taps View Profile on a Gopher from the Interested, Bids, or Counter Offers list
* **When** the profile screen loads
* **Then** all previous jobs are shown by default
* **And** the ""View Previous \[Category\] Jobs Only"" option is visible below

### Scenario 2 – Category filter label reflects the active request’s top-level category

* **Given** the active request is in the Service category
* **When** the Requestor views a Gopher’s profile
* **Then** the filter option reads ""View Previous Service Jobs Only""

### Scenario 3 – Category filter shows only matching jobs

* **Given** the Requestor taps ""View Previous \[Category\] Jobs Only""
* **When** the filtered view loads
* **Then** only previous jobs matching the top-level category of the active request are displayed
* **And** jobs from other categories are excluded

### Scenario 4 – Empty state when Gopher has no jobs in the relevant category

* **Given** the Gopher has no previous jobs in the active request’s category
* **When** the Requestor taps the category filter
* **Then** an empty state message is displayed: ""No Previous \[Category\] Jobs""

### Scenario 5 – Category label is correct across all four top-level categories

* **Given** the active request belongs to any of the four top-level categories
* **When** the Requestor views a Gopher’s profile
* **Then** the filter label correctly reads Delivery, Need A Ride, Service, or Other respectively

## ⚙️ Business Rules

* View All Previous Jobs is always the default view when the profile screen loads.
* The category filter label must always map to one of the four top-level categories: **Delivery**, **Need A Ride**, **Service**, or **Other** — sub-categories are not used in the label.
* The category is determined by the top-level category of the currently active/broadcast request, not the Gopher’s profile.
* If a Gopher has no jobs in the relevant category, the empty state must be shown — no jobs from other categories should appear as a fallback.
* This feature applies when viewing a profile from the Gophers Interested, Bids, and Counter Offers screens.

## 🧠 Dependencies / Notes

* The profile view must receive the top-level category of the active request at the time it is opened to dynamically populate the filter label and apply the correct filter.
* Previous jobs must be tagged or queryable by top-level category on the backend.
* Figma design reference: https://www.figma.com/design/aRFH8dqUfSHLJTb89VZYNh/Jira-Tickets?node-id=83-7733

## 🧪 QA Notes

* Test from a Service request — confirm filter label reads ""View Previous Service Jobs Only"" and shows only Service jobs.
* Test from a Delivery request — confirm filter label reads ""View Previous Delivery Jobs Only"".
* Test from a Need A Ride request — confirm filter label reads ""View Previous Need A Ride Jobs Only"".
* Test from an Other request — confirm filter label reads ""View Previous Other Jobs Only"".
* Test with a Gopher who has jobs in the relevant category — confirm only those jobs appear in the filtered view.
* Test with a Gopher who has no jobs in the relevant category — confirm the empty state ""No Previous \[Category\] Jobs"" is shown.
* Confirm View All Previous Jobs is always the default when the profile loads.
* Test from Gophers Interested, Bids, and Counter Offers screens — confirm behavior is consistent across all three.
* Test on both iOS and Android.

",https://gopherapp.atlassian.net/browse/G40-68
G40-69,Task,"Gopher Go - Active Request - SMS Message To Gopher Who Has Accepted A ""Need ASAP"" Request But Not Started After 10 min.",To Do,High,,,John Newbury,worker,,2024-06-11T01:55:21.971+0530,2026-07-03T21:51:18.809+0530,"When a Gopher accepts a ""Need ASAP"" request but fails to update the status to In Progress within 10 minutes, an automated SMS must be sent to prompt them to take action. If the request remains inactive after the SMS, push notification follow-ups must fire every 5 minutes until the Gopher updates the request to In Progress.

## 🧑‍💻 As a

Gopher who has accepted a Need ASAP request,

## 🎯 I want

to be reminded if I have not started a request within 10 minutes of accepting it,

## ✅ So that

I do not miss or delay a time-sensitive request and the Requestor receives timely service.

## 💡 Context / Background

* ""Need ASAP"" requests are time-sensitive by nature — a Gopher who accepts but does not start creates a poor experience for the Requestor.
* If a Gopher accepts a request but does not update the status to In Progress within 10 minutes, the system has no current mechanism to alert them.
* An automated SMS is sent at the 10-minute mark as the primary alert, followed by push notification reminders at 5-minute intervals until the Gopher takes action.
* This notification sequence applies only to Need ASAP requests, not scheduled requests.

## 📱 Notification Sequence

* **T+10 minutes:** SMS sent to the Gopher
* **T+15, T+20, T+25... (every 5 minutes):** Push notification follow-ups sent until the Gopher updates the request to In Progress
* **Notifications stop** the moment the Gopher updates the request status to In Progress

## 💬 SMS Message Template

Hi \[First Name\],

Your Gopher request hasn’t had any activity since you accepted it.

Please reach out to your customer ASAP and update the app to in-progress.

Thanks!

Gopher, Inc

## ❌ Current Behavior

* No SMS or push notification is sent when a Gopher accepts a Need ASAP request but fails to start it within 10 minutes
* There is no automated mechanism to prompt the Gopher to take action after acceptance

## ✅ Expected Behavior

* 10 minutes after a Gopher accepts a Need ASAP request without updating to In Progress, an automated SMS is sent using the template above
* Every 5 minutes after the initial SMS, a push notification follow-up is sent until the request is updated to In Progress
* All notifications stop immediately when the Gopher updates the request status to In Progress

## ✅ Acceptance Criteria

### Scenario 1 – SMS fires at 10 minutes of inactivity after acceptance

* **Given** a Gopher has accepted a Need ASAP request
* **When** 10 minutes pass without the request being updated to In Progress
* **Then** an automated SMS is sent to the Gopher using the defined message template

### Scenario 2 – Push notifications follow every 5 minutes after the SMS

* **Given** the initial SMS has been sent and the request is still not updated to In Progress
* **When** each 5-minute interval passes
* **Then** a push notification reminder is sent to the Gopher

### Scenario 3 – All notifications stop when Gopher updates to In Progress

* **Given** SMS and/or push notifications have been sent
* **When** the Gopher updates the request status to In Progress
* **Then** all scheduled notifications are cancelled immediately
* **And** no further SMS or push notifications are sent for this request

### Scenario 4 – Notification sequence does not fire for scheduled requests

* **Given** a Gopher has accepted a scheduled (non-Need ASAP) request
* **When** 10 minutes pass without an In Progress update
* **Then** no SMS or push notification is sent

## ⚙️ Business Rules

* This notification sequence applies exclusively to Need ASAP requests.
* The 10-minute timer starts from the moment the Gopher accepts the request, not from when the request was created.
* The initial alert is an SMS; all follow-ups are push notifications at 5-minute intervals.
* The notification sequence must stop immediately when the Gopher updates the request to In Progress.
* The SMS must dynamically populate the Gopher’s first name.

## 🧠 Dependencies / Notes

* A background timer or job must be triggered on request acceptance for Need ASAP requests to track inactivity.
* The timer and notification sequence must be cancelled immediately when the request status changes to In Progress.
* SMS delivery requires an active SMS provider integration (e.g. Twilio or equivalent).
* Push notification infrastructure must support scheduled/recurring notifications that can be cancelled on demand.

## 🧪 QA Notes

* Accept a Need ASAP request and do not update to In Progress — confirm SMS arrives at exactly the 10-minute mark with correct Gopher name.
* Continue waiting without updating — confirm push notifications arrive at 5-minute intervals after the SMS.
* Update the request to In Progress at any point — confirm all pending notifications are cancelled and no further alerts fire.
* Accept a scheduled request and wait 10+ minutes without updating — confirm no SMS or push notifications are sent.
* Test on both iOS and Android.

",https://gopherapp.atlassian.net/browse/G40-69
G40-70,Task,"Gopher HQ Dashboard — replace Active Admin ""Admin Panel"" + embed Gopher iQ (Gopher Brain); plug into DB",In Progress,Lowest,,John Newbury,John Newbury,spine,,2023-06-06T21:18:02.498+0530,2026-07-03T02:08:11.722+0530,"**This is a plug-in job, not a build.** A complete, working internal console — the **Gopher HQ Dashboard** — already exists and runs on **real production data**. It is intended to **completely replace the current Active Admin “Admin Panel,”** and it **embeds Gopher iQ — the “Gopher Brain.”** The developer’s job is to connect it to the production database + admin auth. No metrics or redesign work.

**▶ Full developer handoff (red carpet):** `docs/handoff/G40-70-gopher-hq-dashboard.md`
**▶ Artifact lives in:** `Documentation/Dashboard/` (built output: `output/Gopher_HQ_Dashboard.html`).

### What’s built

* \~30 views across Operate / Grow / Platforms / Reports / Listen / Tools (orders, users, revenue, funnels, ops cadence, marketplace, moderation, financials, geo/DMA, retention).
* Fed by the Gopher admin API via `gopher_pull.py` → `refresh.py` → `regen_*.py` → `build.py`. The `regen_*.py` transforms **are** the query spec (source table → metric block map is in the handoff).
* Locked definitions: **GMV = delivered-only ≈ $1.23M**; `delivered` = finished.
* **Gopher iQ (the Brain):** routing keyword vocab (8 categories, \~1,481 words), 182-entry FAQ, pill spec, and an **internal** moderation lexicon (11 policies / \~3,613 phrases). Includes an in-dashboard triage portal and a collision-guarded **propose→promote** write path. Public stores feed the customer-app search pill; moderation stays internal (exposure guard enforced by `build_iq.py`).

### What the developer plugs in (engineering only — no open product questions)

1. **Serve from the production DB** instead of baked CSV snapshots — re-point the existing transforms; paginate the 3 big row stores (`orders_full`, `users_sample`, `_allmsgs`). Real-time is the end state; automating the snapshot on a schedule is the fast first phase.
2. **Admin auth + retire the old Admin Panel** (real PII — auth is non-negotiable; owner-only for iQ + write-backs).
3. **Wire the write-backs:** moderation actions (`app_part4.js action()` BACKEND SEAM), iQ promote endpoint, pricing/promo.
4. Connect `moderation_rules.json` to the **G40-35** `POST /messages/precheck` (one moderation source of truth, not two). Automate the Invites CSV (last manual dataset).

Everything — how it’s built, what it pulls from the DB, and how Gopher iQ is embedded — is documented in the handoff so implementation is turnkey.",https://gopherapp.atlassian.net/browse/G40-70
G40-77,Task,Gopher App - Warn user of potential duplicate before submitting a new request,In Progress,Highest,,John Newbury,John Newbury,request,,2024-08-19T16:55:54.892+0530,2026-07-03T06:57:32.780+0530,"> ✅ **GROOMED + PROTOTYPE BUILT 2026-07-02.** The duplicate-warning modal is now **implemented in the new front-end** (`gopher-request.html`) following the repo's “build the UX, tag the BACKEND SEAM” convention. The only remaining work is the real **server-side duplicate lookup** (developer). Implementation notes + code refs are in the comment.

## 🎯 Behavior (as built in the prototype)

* **Trigger:** at the Review → Submit gate, immediately before broadcasting.
* **What counts as a duplicate:** a _virtually identical_ request the user already has **active/broadcasting** — same **category** + same **job description** + same **primary drop-off address**. Terminal statuses (completed / cancelled / expired) are excluded.
* **If a duplicate is found:** a soft-warning modal — _“You already have this request out”_ — shows the existing request (# + title) with two choices:

    * **Go back — keep the one I have** → dismiss, stay on Review, **all inputs preserved**.
    * **Submit anyway** → broadcasts the new request as normal.
    
* **If none:** broadcasts normally, no modal.

## ✅ Acceptance Criteria

**S1 — No duplicate (happy path).** No active/broadcasting match → broadcasts normally, no modal.

**S2 — Duplicate detected, proceed.** Active/broadcasting match → modal shown; “Submit anyway” broadcasts the new request.

**S3 — Duplicate detected, cancel.** “Go back” dismisses the modal, request not submitted, form inputs preserved.

**S4 — Active only.** A completed/cancelled/expired match does NOT trigger the modal.

## 🛠️ BACKEND SEAM (developer)

* Production must run the duplicate check **server-side against the user's live active orders** — the prototype checks the in-memory dashboard store (`DASH_DATA.activeRequests`). The client dedupe key is `category + normalized(description) + normalized(primary drop-off)`; production should use the authoritative order fields (category / subcategory-service + destination) per the definition above.
* Everything else — the modal, copy, the pre-broadcast gate, and preserve-inputs behavior — is already built in the front-end.

## 🧷 Split-out bug (separate ticket — recommendation unchanged)

Editing order 51811 incorrectly created a new order 51812 — a distinct bug. **NOTE:** the new build already separates _in-place edit_ (keeps the order #, tagged “G40-266”) from the _repost_ path (closes + mints a new #). Recommend confirming whether 51812 is still reproducible against the new build before opening a ticket. I can create + link that bug on request.

## 🎨 Design

Figma (modal design + copy): https://www.figma.com/design/aRFH8dqUfSHLJTb89VZYNh/Jira-Tickets?node-id=85-6644

## 🧪 QA Notes

* Test with 0, 1, and multiple active requests matching category + description + drop-off.
* Verify no modal for completed/cancelled/expired matches.
* Confirm “Go back” preserves all inputs; “Submit anyway” broadcasts.

",https://gopherapp.atlassian.net/browse/G40-77
G40-78,Task,Gopher App - Active Request - Allow Requestor to cancel only if no activity has been logged by the Gopher.,In Progress,Lowest,,John Newbury,Akshay,pay,,2023-03-29T16:42:15.377+0530,2026-07-03T20:41:52.885+0530,"Allow a requestor to cancel if Gopher has not updated request to “in-Progress.” If the request has started, this is not an option. When the request selects cancel, they have a pop-up with an option to cancel or instantly put the request back out. this will avoid the customer from having to contact us for the cancel and then they have to repost with a process. Front end and UX needs to be completely finished before handing to dev",https://gopherapp.atlassian.net/browse/G40-78
G40-80,Task,Both apps — Allow Gopher to reschedule an active request (Accepted through In Progress) with Requestor approval and Stripe authorization handling,In Progress,Low,,John Newbury,Jai,pay,,2023-05-10T20:02:31.323+0530,2026-07-03T07:04:44.011+0530,"## 🧑‍💻 As a

Gopher who has accepted a request but needs to change the agreed-upon time before completion,

## 🎯 I want

to propose a new date/time to the Requestor for their approval,

## ✅ So that

the request can continue under terms that work for both parties — rather than being cancelled and re-requested from scratch.

---

## 💡 Context / Background

* Gophers and Requestors occasionally need to shift the time of an already-accepted request (Gopher schedule conflict, Requestor change of plans, weather, etc.).
* Today, the only option is to cancel and have the Requestor re-submit the request, which loses the existing match, the rating history of the engagement, and the captured payment authorization.
* This ticket adds a **reschedule-with-approval** flow that preserves the existing match and order record.
* After approval, the request **behaves exactly like the current rescheduled-request feature** — it falls back into the Gopher's scheduled tab on Home and updates the Requestor's Home Screen as a scheduled request.
* The **Stripe payment authorization** is the highest-risk dependency — Stripe auths have a hard expiry (typically 7 days, up to \~30 on some cards), so the rule below handles three time-delta cases explicitly.

---

## 🔍 Scope

* **Platform:** Both apps (Gopher Go for the Gopher proposing, Gopher Request for the Requestor approving).
* **Initiator:** Gopher only.
* **Eligibility window:** at any active state from **Accepted** through to (but not including) **Completed** or **Cancelled**. This includes **In Progress** — a Gopher mid-job can request a reschedule if needed.
* **Approver:** the Requestor on the order.

---

## ✅ Expected Behavior

### Gopher-side propose flow

1. From an active request on Gopher Go, the Gopher selects **Reschedule** and picks a new date/time.
2. The Gopher confirms the proposed time. The request enters a **Reschedule Pending** sub-state — the underlying order status is unchanged at this point.
3. The Requestor is notified.

### Requestor-side approve / decline flow

1. Requestor receives a notification (push + in-app banner) with the proposed new time, including an Approve / Decline action.
2. **On Approve:**

    * The order's scheduled date/time is updated to the proposed value.
    * The order returns to a **scheduled** state and **falls back into the Gopher's scheduled tab on the Home Screen** (per current rescheduled-request feature behaviour).
    * The Requestor's Home Screen reflects the order as a scheduled request at the new time.
    * The Stripe payment authorization is handled per the rules below.
    * Both parties receive a confirmation notification.
    
3. **On Decline:**

    * The order remains at its original time and active state.
    * The Reschedule Pending sub-state is cleared.
    * Both parties receive a notification that the reschedule was not accepted.
    

### Approval window and timeout

* The Requestor has **4 hours** to respond, with a **reminder push at 1 hour remaining**.
* If the Requestor does not respond within 4 hours, the Reschedule Pending state expires automatically:

    * Treated as a decline — original time stands.
    * Both parties receive a notification that the reschedule request expired.
    

### Stripe payment authorization handling

This is the highest-risk part of the ticket and is broken into three time-delta cases:

| Case | Condition | Handling |
| --- | --- | --- |
| **A. New time within existing auth window** | Proposed time falls within the original Stripe authorization's expiry window. | No Stripe action required; the existing auth covers the new time. |
| **B. New time past existing auth window but extendable** | Proposed time falls past the existing auth expiry, but the auth supports incremental authorization / extension. | Call Stripe to extend the existing authorization to cover the new time. |
| **C. New time past existing auth window, not extendable** | Proposed time falls past the existing auth expiry and extension is not supported, OR Stripe rejects the extension. | Release the existing authorization and capture a new authorization on the card on file at the moment of Requestor approval. If the new capture fails (declined / expired card / insufficient funds), the reschedule is **rejected** and the order returns to its original time. The Requestor is notified that their card did not authorize, with a path to update their payment method and try again. |

In all three cases, the Stripe step happens at the moment of Requestor approval — not at the moment the Gopher proposes.

---

## 🧪 Acceptance Criteria

**Scenario 1 — Propose reschedule from Accepted state**

* **Given** an order is in Accepted state with a Gopher matched,
* **When** the Gopher proposes a new date/time and confirms,
* **Then** the order enters Reschedule Pending and the Requestor receives an approve/decline notification.

**Scenario 2 — Propose reschedule from In Progress state**

* **Given** an order is In Progress,
* **When** the Gopher proposes a new date/time,
* **Then** the same Reschedule Pending flow runs and the Requestor receives the approval notification — the order remains visibly In Progress until approval is resolved.

**Scenario 3 — Requestor approves — within existing Stripe auth window**

* **Given** a Reschedule Pending order with a proposed time within the original Stripe authorization window,
* **When** the Requestor approves,
* **Then** the order's scheduled time updates to the proposed value, the order returns to scheduled state in both Home Screens, and no Stripe action is required.

**Scenario 4 — Requestor approves — Stripe extension succeeds**

* **Given** a Reschedule Pending order whose proposed time exceeds the original Stripe auth window but supports extension,
* **When** the Requestor approves,
* **Then** Stripe extends the auth, the order's scheduled time updates, and both Home Screens reflect the new time.

**Scenario 5 — Requestor approves — Stripe extension not supported, recapture succeeds**

* **Given** a Reschedule Pending order whose proposed time exceeds the auth window and extension is not supported,
* **When** the Requestor approves and Stripe successfully captures a new authorization on the card on file,
* **Then** the original authorization is released, the new auth replaces it, and the reschedule completes.

**Scenario 6 — Requestor approves — new Stripe capture fails**

* **Given** a Reschedule Pending order requires a new capture and the card declines,
* **When** the Requestor's approval triggers the Stripe call,
* **Then** the reschedule is rejected, the order returns to its original time and state, the existing auth remains intact, and the Requestor is notified that their card did not authorize with a path to update their payment method.

**Scenario 7 — Requestor declines**

* **Given** a Reschedule Pending order,
* **When** the Requestor taps Decline,
* **Then** the order returns to its original time and state, the Reschedule Pending sub-state is cleared, and both parties receive notifications that the reschedule was declined.

**Scenario 8 — Approval window expires without response**

* **Given** a Reschedule Pending order and 4 hours have elapsed without a Requestor response,
* **When** the timeout fires,
* **Then** the order returns to its original time and state, and both parties receive expiration notifications.

**Scenario 9 — Reminder fires at 1 hour remaining**

* **Given** a Reschedule Pending order with 3 hours elapsed since the Gopher's proposal,
* **When** the reminder job runs,
* **Then** the Requestor receives a reminder push notification.

**Scenario 10 — Reschedule not available outside the active lifecycle**

* **Given** an order that is Completed or Cancelled,
* **When** the Gopher views the order,
* **Then** the Reschedule action is not available.

**Scenario 11 — Post-approval behaviour matches existing rescheduled-request feature**

* **Given** a reschedule is approved,
* **When** both parties view their Home Screens,
* **Then** the order appears in the Gopher's scheduled tab and on the Requestor's Home Screen as a scheduled request — indistinguishable from a normally-scheduled request, per the existing rescheduled-request feature.

**Scenario 12 — Only Gopher can initiate**

* **Given** an active order,
* **When** the Requestor views their order details,
* **Then** they do not have a Reschedule action — only Gophers can propose reschedules.

---

## 📐 Business Rules

* **Initiator:** Gopher only. Requestors cannot initiate a reschedule in this release.
* **Eligibility:** any active state from Accepted through to (but not including) Completed or Cancelled. Includes In Progress.
* **Approval:** the Requestor must explicitly approve via the in-app notification. Back-channel chat agreement does not constitute approval.
* **Approval window:** 4 hours from proposal, with a reminder at 1 hour remaining. No response = decline.
* **Stripe authorization:** the order's payment authorization must cover the new time at the moment of approval. The three handling cases (A / B / C in the table above) define the rule.
* **If recapture fails:** the reschedule is rejected and the order reverts to its original time and state.
* **Decline behaviour:** order returns to original time and state. The reschedule attempt does not cancel the order.
* **Post-approval state:** the order matches the existing rescheduled-request feature's behaviour exactly — scheduled tab on Gopher Home, scheduled request on Requestor Home Screen.
* Only one Reschedule Pending state can exist on an order at a time. If a pending reschedule already exists, the Gopher cannot propose another until the current one is resolved.
* The Stripe step runs at the moment of Requestor approval, not at the moment of Gopher proposal.

---

## 🔎 Implementation Considerations

* The state machine needs a new **Reschedule Pending** sub-state that overlays on top of the existing order state (Accepted / In Progress / etc.). The base state should not change during Pending so the order remains visibly active.
* Treat the pending reschedule as a separate record (`pending_reschedule_id`, `proposed_time`, `expires_at`, `created_by`) attached to the order — don't try to overload existing scheduled-time fields until approval lands.
* The 4-hour timeout and 1-hour reminder need either scheduled jobs or per-record scheduled tasks. Either approach is fine; the simpler one is a periodic sweep job that checks `pending_reschedule.expires_at <= now()` and fires the appropriate notification.
* The Stripe handling should be encapsulated in a single service function that takes the order + proposed time and returns `auth_ok` / `auth_failed`. Keep the three-case logic in one place so it's testable.
* Recommend deploying behind a feature flag — this touches state machine, payments, and dual-party UX simultaneously, so a flag for quick rollback is cheap insurance.
* If a Gopher is mid-In-Progress (e.g., already picked up items) and reschedules, the existing rescheduled-request feature's handling of partial progress should govern. This ticket does not attempt to define a separate partial-progress flow.
* Confirm Stripe API capability for incremental authorization on the card brands you accept — not all cards support it. If a card brand never supports extension, Case B effectively never fires for that brand and the logic falls through to Case C.

---

## 🎨 Design Reference

* **Figma:** https://www.figma.com/design/g7DWLbI86O6SqiwITY7jeL/%E2%9C%8F%EF%B8%8F-Gopher-UI_UX?node-id=6503-4701

---

## 🧪 QA Notes

* Reproduce every Scenario above end-to-end — each one corresponds to a real production state combination.
* Set up Stripe test cards with each of the three cases: an auth that can be extended, an auth that cannot, and a card that declines on capture. Confirm the right path is taken in each.
* Test the timeout and reminder by manipulating `expires_at` on the pending record.
* Test that proposing a reschedule on an order already in Reschedule Pending state is prevented.
* Test the In Progress case end-to-end: a Gopher mid-job proposes, Requestor approves, the order returns to scheduled tab without losing rating history or audit trail.
* Test feature flag rollback — disabling the flag should hide the Reschedule action without breaking existing orders.
* Test on both iOS and Android, both apps.

---

## 🧠 Dependencies / Notes

* Depends on the existing **rescheduled-request feature** being available as the post-approval state target — this ticket reuses that handling, not reimplements it.
* Depends on Stripe's incremental-authorization API for Case B. If not supported in your account configuration, Case B effectively falls through to Case C.
* Depends on the push-notification infrastructure for the 1-hour reminder.
* Out of scope: a Requestor-initiated reschedule flow. If desired in future, that's a separate ticket — the symmetry is straightforward but the approval direction reverses.
* Out of scope: bulk / recurring reschedule (e.g., ""move this every-week order forward by a day""). Not relevant unless recurring requests exist as a feature.

![](blob:https://media.staging.atl-paas.net/?type=external&localId=null&id=&&collection=&height=null&occurrenceKey=null&width=null&__contextId=null&__displayType=null&__external=false&__fileMimeType=null&__fileName=null&__fileSize=null&__mediaTraceId=null&url=blob%3Ahttps%3A%2F%2Fmedia.staging.atl-paas.net%2F%3Ftype%3Dfile%26localId%3Dnull%26id%3Dd0164932-16f4-404e-a788-70ed3ae22a28%26%26collection%3D%26height%3D1216%26occurrenceKey%3Dnull%26width%3D393%26__contextId%3Dnull%26__displayType%3Dnull%26__external%3Dfalse%26__fileMimeType%3Dnull%26__fileName%3Dnull%26__fileSize%3Dnull%26__mediaTraceId%3Dnull%26url%3Dnull)
",https://gopherapp.atlassian.net/browse/G40-80
G40-81,Task,"Gopher Go — Two-strike cancellation fee for unapproved Gopher cancellations, with admin oversight, 5-star rehabilitation, and Stripe negative-balance withholding",In Progress,Low,,John Newbury,Akshay,pay,,2023-03-29T13:53:16.094+0530,2026-07-03T07:04:50.648+0530,"## 🧑‍💻 As a

Gopher operations team protecting Requestors from unilateral Gopher cancellations while remaining fair to Gophers who occasionally need to cancel,

## 🎯 I want

a two-strike cancellation fee system with Requestor input, admin oversight, performance-based rehabilitation, and Stripe withholding for unpaid balances,

## ✅ So that

repeat offenders are financially accountable, well-behaved Gophers receive grace, and bad actors cannot evade fees by deleting and re-creating accounts.

---

## 💡 Context / Background

* A Gopher cancellation after acceptance — especially without Requestor agreement — imposes a real cost on the Requestor (lost time, replanning, payment authorization tied up). Without consequence, repeat offenders erode the platform's reliability.
* This system gives the Requestor a voice (Agreed vs Not Agreed), gives the Gopher a two-strike grace before any fee can apply, gives admin three-way oversight (Approve Cancel Fee / No Cancel Fee / Excused), and routes unpaid fees through Stripe as a negative balance offset against future payouts.
* A **performance-based rehabilitation** path lets reformed Gophers clear past strikes by stringing together 50 consecutive 5-star completions without another unexcused cancellation.
* Anti-evasion: a Gopher cannot delete their account while carrying a negative balance, and reaching a Stripe balance of **$-10 or lower** triggers auto-deactivation.

---

## 🔑 Definitions

| Term | Meaning |
| --- | --- |
| **Agreed Upon** | Requestor selected ""Agreed"" on the cancellation prompt. No rating, no fee, done. |
| **Not Agreed Upon** | Requestor selected ""Not Agreed"" OR did not respond within 6 hours OR deleted their account during the prompt window. |
| **Unexcused cancellation** | Any cancellation that ended up Not Agreed Upon, regardless of admin's final disposition. |
| **No Cancel Fee strike** | Admin disposition: the cancellation was unexcused but no fee was applied this time. Counts toward the 2-strike threshold for triggering a fee. |
| **Approved Cancel Fee** | Admin disposition: $5 cancellation fee assessed against the Gopher. Recorded as a negative balance on the Gopher's Stripe account. |
| **Excused** | Admin disposition: the cancellation is forgiven entirely. Does NOT count toward the 2-strike threshold. |
| **Rehabilitation** | 50 consecutive 5-star-rated completed requests with no intervening unexcused cancellation. Erases all prior No Cancel Fee strikes and Approved Cancel Fee strike records (but does not refund any already-applied negative balance). |

---

## ✅ Expected Behavior

### Step 1 — Gopher cancels

* Gopher cancels an active request (after the standard cancellation-comment flow from elsewhere in the spec).
* Requestor receives a notification prompting them to mark the cancellation **Agreed** or **Not Agreed**.

### Step 2 — Requestor response window (6 hours)

* The Requestor has **6 hours** to respond.
* **If Agreed:** no rating, no fee, done. Process ends.
* **If Not Agreed:** proceed to Step 3 immediately.
* **If no response within 6 hours:** treated as Not Agreed Upon. Proceed to Step 3 at the 6-hour mark.
* **If Requestor deletes their account before responding:** treated as Not Agreed Upon. Proceed to Step 3.

### Step 3 — Admin review (48 hours from when Step 3 starts)

* An email is sent to **admin@gophergo.io** with a link to choose Approve Cancel Fee / No Cancel Fee / Excused for this specific cancellation.
* The same three actions are available as buttons on the order in the Admin Panel.
* The Gopher receives an **initial email** notifying them their cancellation is under review.
* **Admin's choices and their gating:**

    * **No Cancel Fee** — always available. Logs a strike, applies no fee.
    * **Excused** — always available. Logs nothing toward strikes, applies no fee.
    * **Approve Cancel Fee** — only available if the Gopher already has ≥ 2 prior No Cancel Fee strikes on their record. Otherwise this option is disabled.
    
* **If admin does not respond within 48 hours, default applies:**

    * If the Gopher has ≥ 2 prior No Cancel Fee strikes → default to **Approve Cancel Fee** ($-5 applied).
    * If the Gopher has < 2 prior No Cancel Fee strikes → default to **No Cancel Fee** (strike logged, no fee).
    

### Step 4 — Outcome and notifications

* The Gopher receives a **follow-up email** with one of three messages corresponding to the outcome:

    * **Approve Cancel Fee** → ""You have been assessed a $5 cancellation fee.""
    * **No Cancel Fee** → ""The cancellation was unexcused, but you have NOT been assessed a fee this time.""
    * **Excused** → ""The cancellation was excused.""
    
* The Gopher's strike record and Stripe balance are updated per the outcome.

### Step 5 — Auto-deactivation check

* After applying the outcome, check the Gopher's standing:

    * If the Gopher's Stripe balance has reached **$-10 or lower**, **auto-deactivate** the Gopher's account. Balance is the **sole trigger** — a running count of Approved Cancel Fees is **not** used, because payouts offset the balance and rehabilitation erases strike records, so a strike count and the balance diverge over time.
    * Auto-deactivation follows the existing admin-deactivation flow (G40-225 — also auto-rejects the Stripe account).
    

### Step 6 — Rehabilitation tracking (ongoing)

* The system maintains a rolling counter of **5-star completed requests since the Gopher's last unexcused cancellation**.
* When this counter reaches **50**, all prior No Cancel Fee strikes AND Approved Cancel Fee strike records are **erased** — the Gopher returns to a clean record.
* Any new unexcused cancellation **resets** the counter back to 0.
* Rehabilitation erases the **strike records**, not any **already-applied negative balance**. A Gopher with a $-5 balance who rehabilitates still owes $5; it will simply be offset against the next payout.

---

## 💳 Stripe Negative-Balance Mechanics

* Gophers do not carry a balance — all payouts are instant. So a fee cannot be debited proactively.
* Approved Cancel Fees are recorded as a **negative balance** on the Gopher's Stripe account (e.g., $-5).
* The next payout offsets the negative balance before reaching the Gopher (e.g., a $20 job pays $15 with the $-5 retained).
* A Gopher with any negative balance **cannot delete their account** — the delete flow is blocked with a message explaining the balance must be resolved first.

    * This is critical: deleting the account would wipe the Stripe data and let the Gopher re-create a fresh account, evading the fee. Blocking the delete preserves accountability.
    
* The auto-deactivation at a **$-10-or-lower** balance terminates the Gopher's ability to take new work.

---

## 🧪 Acceptance Criteria

**Scenario 1 — Requestor selects Agreed**

* **Given** a Gopher cancels a request and the Requestor receives the Agreed/Not Agreed prompt,
* **When** the Requestor selects Agreed within 6 hours,
* **Then** no rating, no fee, and no admin review fires. The flow ends.

**Scenario 2 — Requestor selects Not Agreed**

* **Given** the Requestor receives the prompt,
* **When** the Requestor selects Not Agreed within 6 hours,
* **Then** admin review starts immediately and the 48-hour admin window begins.

**Scenario 3 — Requestor does not respond within 6 hours**

* **Given** the Requestor has not responded 6 hours after the prompt was sent,
* **When** the 6-hour timer expires,
* **Then** the cancellation is treated as Not Agreed Upon and admin review starts at the 6-hour mark.

**Scenario 4 — Requestor deletes account during the prompt window**

* **Given** the Requestor's account is deleted after the prompt is sent but before they respond,
* **When** the deletion is detected,
* **Then** the cancellation is treated as Not Agreed Upon and admin review starts.

**Scenario 5 — First and second unexcused cancellations cannot incur a fee**

* **Given** a Gopher with 0 or 1 prior No Cancel Fee strikes has an unexcused cancellation,
* **When** the admin review screen loads,
* **Then** the Approve Cancel Fee button is disabled — admin can only select No Cancel Fee or Excused.

**Scenario 6 — Third unexcused cancellation enables the fee**

* **Given** a Gopher with ≥ 2 prior No Cancel Fee strikes has an unexcused cancellation,
* **When** the admin review screen loads,
* **Then** all three actions (Approve Cancel Fee / No Cancel Fee / Excused) are available.

**Scenario 7 — Admin timeout, Gopher has < 2 priors**

* **Given** an admin review is open and the Gopher has < 2 prior No Cancel Fee strikes,
* **When** 48 hours elapse without admin response,
* **Then** the outcome defaults to No Cancel Fee.

**Scenario 8 — Admin timeout, Gopher has ≥ 2 priors**

* **Given** an admin review is open and the Gopher has ≥ 2 prior No Cancel Fee strikes,
* **When** 48 hours elapse without admin response,
* **Then** the outcome defaults to Approve Cancel Fee — $-5 is applied to the Gopher's Stripe balance.

**Scenario 9 — Excused outcome does not count toward strikes**

* **Given** an admin selects Excused,
* **When** the outcome is recorded,
* **Then** the Gopher's prior strike count is unchanged, no fee is applied, and the Gopher receives the ""excused"" follow-up email.

**Scenario 10 — Negative balance offsets next payout**

* **Given** a Gopher has a $-5 Stripe balance,
* **When** the Gopher completes a $20 job and is paid out,
* **Then** the Gopher receives $15 and the balance returns to $0.

**Scenario 11 — Negative balance blocks account deletion**

* **Given** a Gopher has any negative Stripe balance,
* **When** the Gopher attempts to delete their account,
* **Then** the deletion is blocked with a message explaining the negative balance must be resolved first.

**Scenario 12 — Auto-deactivation at balance ≤ $-10**

* **Given** applying an Approved Cancel Fee brings the Gopher's Stripe balance to **$-10 or lower**,
* **When** the outcome is applied,
* **Then** the Gopher's account is auto-deactivated via the standard admin-deactivation flow (G40-225), which also auto-rejects the Stripe account.

**Scenario 13 — Rehabilitation erases prior strikes**

* **Given** a Gopher with prior No Cancel Fee or Approved Cancel Fee strikes,
* **When** the Gopher accumulates 50 consecutive 5-star-rated completed requests with no intervening unexcused cancellation,
* **Then** all prior strike records are erased and the Gopher returns to a clean record. Any existing negative balance remains until offset by future payouts.

**Scenario 14 — Rehabilitation counter resets on a new unexcused cancellation**

* **Given** a Gopher has accumulated 30 5-star completions toward rehabilitation,
* **When** the Gopher has a new unexcused cancellation,
* **Then** the rehabilitation counter resets to 0.

**Scenario 15 — Admin email and admin-panel button both available**

* **Given** an admin review fires,
* **When** an admin opens either the admin@gophergo.io email or the order detail view in the Admin Panel,
* **Then** both surfaces present the same three actions (Approve Cancel Fee / No Cancel Fee / Excused) and resolve to the same outcome record.

**Scenario 16 — Gopher receives initial and follow-up emails**

* **Given** an admin review has fired,
* **When** the review opens and later resolves,
* **Then** the Gopher receives an initial email (cancellation is under review) and a follow-up email matching the final outcome (assessed / not assessed / excused).

---

## 📐 Business Rules

* The Requestor has **6 hours** to respond to the Agreed/Not Agreed prompt. No response defaults to Not Agreed.
* Admin has **48 hours** to act, measured from the moment the cancellation becomes Not Agreed.
* A cancellation fee is **$5**. There is no current path to vary this amount per cancellation.
* The fee can only be applied if the Gopher already has **≥ 2 prior No Cancel Fee strikes**. The first two unexcused cancellations are grace strikes.
* **Three admin dispositions:** Approve Cancel Fee (applies $5), No Cancel Fee (logs strike, no fee), Excused (no strike, no fee).
* **Default at admin timeout:** Approve Cancel Fee if ≥ 2 priors; No Cancel Fee otherwise.
* **Rehabilitation:** 50 consecutive 5-star-rated completed requests without an intervening unexcused cancellation erases ALL prior strike records (both No Cancel Fee and Approved Cancel Fee). Already-applied negative balance is not refunded.
* **Rehabilitation counter resets** to 0 on any new unexcused cancellation.
* A Gopher with any negative Stripe balance **cannot delete their account**.
* **Auto-deactivation** when the Gopher's Stripe balance reaches **$-10 or lower**. This is the **sole trigger** — not a count of Approved Cancel Fee strikes; the two diverge once payouts offset the balance or rehabilitation erases strike records. Triggers the standard admin-deactivation flow (G40-225), which also auto-rejects the Stripe account.
* The Gopher receives an **initial** email when review starts and a **follow-up** email when it resolves.
* The admin can take the action from either the **email link** or the **Admin Panel order view button** — both surface the same actions.
* This system interacts with **G40-42** (Requestor rating after Gopher cancellation): when the Requestor selects Agreed, NO rating screen fires AND no fee. The rating screen only fires per G40-42's existing triggers when Not Agreed (or default-to-Not-Agreed) results in admin review.

---

## 🔎 Implementation Considerations

* A dedicated table for cancellation review records is recommended: `cancellation_id`, `order_id`, `gopher_id`, `requestor_response` (agreed / not_agreed / timeout / requestor_deleted), `admin_disposition` (approve_fee / no_fee / excused / null), `created_at`, `requestor_responded_at`, `admin_resolved_at`, `auto_resolved`. The `auto_resolved` flag captures both the 6-hour Requestor timeout and the 48-hour admin timeout.
* The 6-hour and 48-hour timers should run as a single scheduled-sweep job that evaluates `created_at` and `requestor_responded_at` against `now()`. Avoid per-record scheduled tasks where possible.
* The Stripe negative-balance handling needs API integration: write a service that records a $-5 ledger entry on the connected account at the moment of Approve Cancel Fee disposition, and have the payout flow consult this ledger before computing the payout amount.
* The rehabilitation counter is a single integer on the Gopher record: increment on each 5-star completion, reset on each new unexcused cancellation, and check for the 50 threshold on each increment.
* The negative-balance check at account deletion must run server-side; client-side hiding alone is insufficient.
* Recommend a feature flag covering the entire mechanism so it can be rolled back if anomalies appear in early production.
* Coordinate with **G40-42** (rating after Gopher cancellation) and **G40-225** (Stripe auto-rejection on deactivation). This ticket extends both of those.
* The two admin paths (email link, Admin Panel button) should resolve to the same backend endpoint so behaviour is identical regardless of how admin dispositions.

---

## 🧪 QA Notes

* Cover every acceptance criterion end-to-end, including the timing-sensitive ones (6-hour Requestor timeout, 48-hour admin timeout) by manipulating timestamps on the cancellation record.
* Verify the Approve Cancel Fee button is correctly disabled on the admin review screen when the Gopher has 0 or 1 priors.
* Verify the timeout default switches correctly based on prior strike count.
* Verify Stripe negative balance is recorded and offset against the next payout.
* Verify account deletion is blocked with any negative balance and unblocked once the balance returns to $0.
* Verify auto-deactivation triggers exactly when the Stripe balance reaches $-10 or lower, and runs through the same flow as admin-initiated deactivation (G40-225), including auto-rejecting the Stripe account.
* Verify the rehabilitation flow: 50 consecutive 5-star completions with no intervening unexcused cancellation erases all strike records.
* Verify the rehabilitation counter resets to 0 on any new unexcused cancellation.
* Verify both admin surfaces (email link + Admin Panel button) post to the same endpoint and produce identical outcomes.
* Test on both iOS and Android for any Gopher-facing prompts.

---

## 🧠 Dependencies / Notes

* Depends on **G40-225** (auto-reject Stripe account on Gopher deactivation) for the auto-deactivation step.
* Depends on **G40-42** (Requestor rating after Gopher cancellation) for the rating screen interaction — specifically, this ticket's ""Agreed"" outcome must suppress the rating screen.
* Depends on the existing **5-star rating capture** flow being able to feed the rehabilitation counter.
* Depends on Stripe Connect account negative-balance ledger functionality.
* Out of scope: variable fee amounts per cancellation, refund of the negative balance after rehabilitation, and Requestor-initiated cancellation fee flow.

",https://gopherapp.atlassian.net/browse/G40-81
G40-82,Task,Gopher Rewards - Reward Payout - Add Ability To Load Money Into A Users Stripe Account (Both Apps),To Do,Lowest,,,John Newbury,"needs-info,pay",,2023-08-08T19:27:39.441+0530,2026-06-09T04:55:20.269+0530,Add the ability to add funds to a Requester or Gopher’s account for promo/rewards purposes. ,https://gopherapp.atlassian.net/browse/G40-82
G40-83,Task,"Gopher Go — Send a 1-hour nudge SMS (with push fallback) to a Gopher whose accepted ""Need ASAP"" delivery is still not completed and has no recent two-way communication",In Progress,Low,,John Newbury,John Newbury,worker,,2024-01-13T02:29:45.829+0530,2026-07-03T21:51:59.990+0530,"## 🧑‍💻 As a

Gopher operations team monitoring ""Need ASAP"" deliveries,

## 🎯 I want

to nudge any Gopher whose accepted ""Need ASAP"" delivery is still not completed 1 hour after acceptance, when there's no recent two-way communication with the Requestor,

## ✅ So that

deliveries that have stalled without explanation are surfaced to the Gopher proactively, and Requestors are protected from extended silence on a request they explicitly marked as urgent.

---

## 💡 Context / Background

* A ""Need ASAP"" delivery is a request the Requestor explicitly flagged as urgent. The platform's reliability promise on these is the highest, so an hour of unresolved silence is a meaningful signal that the Gopher needs a nudge.
* The nudge is **only sent when the silence is real** — if both parties are actively talking in the in-app chat, the nudge would be noise and is suppressed.
* This is a Gopher-facing intervention; the Requestor does not see this SMS.

---

## ✅ Expected Behavior

### Trigger

* **1 hour from the moment the Gopher accepted** the request, measured server-side.
* The order is still in an active, **not yet completed** state.
* The order is a **""Need ASAP"" Delivery** — scheduled deliveries and other request types are out of scope.

### Skip conditions (any one suppresses the nudge)

* The order has already been **completed** or **cancelled** at the moment the 1-hour job evaluates it.
* Both parties have **active two-way communication** in the in-app chat for this order — defined as at least one in-app message sent by EACH party within the last 30 minutes.
* The order is not a ""Need ASAP"" Delivery (scheduled deliveries, ride requests, services, etc.).

### Delivery channel

* Primary: **SMS** to the Gopher's verified mobile number.
* Fallback: if SMS is unavailable (no verified number, opt-out, delivery failure), send the equivalent as a **push notification** with the same intent but abbreviated for push length.
* The nudge is sent **once per order** — no follow-up reminders at 90 min, 2 hours, etc.

---

## 📨 SMS Copy

Hi \[Gopher first name\],

Your Gopher Delivery request has reached the 1 hour mark. Because this was a ""Need ASAP"" request, please make sure you're updating your progress accurately and have communicated with your Requestor regarding your ETA.

It is very important to contact your customer ASAP with an update. If you have already spoken with the customer and agreed on a delayed delivery, please disregard.

Thank You,

Gopher Support Team

**Push fallback (abbreviated):**

> Your ""Need ASAP"" delivery has reached the 1-hour mark. Please update your progress and contact the customer ASAP.

---

## 🧪 Acceptance Criteria

**Scenario 1 — Nudge fires at 1 hour for a stalled Need ASAP delivery**

* **Given** a Gopher has accepted a Need ASAP delivery and 1 hour has elapsed since acceptance,
* **And** the order is not yet completed or cancelled,
* **And** the two parties have not exchanged messages from EACH side within the last 30 minutes,
* **When** the 1-hour evaluation job runs,
* **Then** the SMS is sent to the Gopher's verified mobile number using the copy above.

**Scenario 2 — Active conversation suppresses the nudge**

* **Given** the Gopher and the Requestor have each sent at least one in-app message on the order in the last 30 minutes,
* **When** the 1-hour job evaluates,
* **Then** no SMS or push is sent.

**Scenario 3 — One-sided conversation does NOT count**

* **Given** the Gopher has sent messages in the last 30 minutes but the Requestor has not (or vice versa),
* **When** the 1-hour job evaluates,
* **Then** the SMS is still sent — a one-sided thread does not count as two-way communication.

**Scenario 4 — Stale conversation does NOT count**

* **Given** the Gopher and Requestor exchanged messages earlier but neither has messaged within the last 30 minutes,
* **When** the 1-hour job evaluates,
* **Then** the SMS is still sent.

**Scenario 5 — Completed before 1 hour skips the nudge**

* **Given** the order completed before the 1-hour mark,
* **When** the 1-hour job evaluates,
* **Then** no SMS or push is sent.

**Scenario 6 — Cancelled before 1 hour skips the nudge**

* **Given** the order was cancelled before the 1-hour mark,
* **When** the 1-hour job evaluates,
* **Then** no SMS or push is sent.

**Scenario 7 — Non-Need-ASAP request never triggers**

* **Given** an accepted Delivery that is NOT marked Need ASAP (e.g., a scheduled delivery),
* **When** 1 hour elapses,
* **Then** no SMS or push is sent.

**Scenario 8 — Push fallback when SMS unavailable**

* **Given** the Gopher does not have a verified SMS number (or SMS delivery failed / opted out),
* **When** the 1-hour job fires the nudge,
* **Then** the abbreviated push notification is sent instead.

**Scenario 9 — One nudge per order maximum**

* **Given** the SMS has already been sent for this order,
* **When** the job evaluates again later,
* **Then** no additional nudge is sent. The nudge is one-shot per order.

**Scenario 10 — Gopher first name correctly populated**

* **Given** the SMS is dispatched,
* **When** the Gopher reads it,
* **Then** ""\[Gopher first name\]"" is replaced with the Gopher's first name from profile — not a literal placeholder, not ""Name"".

---

## 📐 Business Rules

* The nudge fires only for **Need ASAP Delivery** request types. Other request types are out of scope.
* The 1-hour timer anchors to **Gopher acceptance**, server-side.
* The order must be in an **active, not-yet-completed, not-yet-cancelled** state at the moment of evaluation.
* The skip rule for two-way communication requires **at least one message from EACH party within the past 30 minutes**. One-sided or stale conversations do not count.
* The nudge is sent **once per order** — no follow-up reminders in this release.
* Primary channel is **SMS**; fallback is **push notification** with abbreviated copy if SMS is not available.
* The Requestor is not notified by this rule. This is a Gopher-side intervention only.

---

## 🔎 Implementation Considerations

* The 1-hour timer should run as a scheduled-sweep job that evaluates orders with `accepted_at <= now() - 1 hour AND status IN (active, in_progress) AND request_type = need_it_now_delivery AND nudge_sent_at IS NULL`. A periodic sweep is simpler than per-order scheduled tasks.
* The two-way communication check should query the order's message thread for at least one message from each party with `created_at >= now() - 30 minutes`. Index the message table on `(order_id, sender_role, created_at)` to keep this fast.
* Set `nudge_sent_at` on the order record at the moment the SMS or push is dispatched to guarantee one-shot behaviour.
* For SMS, reuse the existing Twilio / SMS provider integration — don't introduce a new sender for this surface.
* For push fallback, reuse the existing push infrastructure used elsewhere in the app.
* Recommend deploying behind a feature flag so the nudge can be toggled off quickly if false-positive rates are unexpectedly high.

---

## 🧪 QA Notes

* Accept a Need ASAP delivery on a test account, wait 1 hour without any messaging activity, and confirm the SMS is sent.
* Repeat with two-way messaging activity in the last 30 minutes — confirm no SMS.
* Repeat with one-sided messaging in the last 30 minutes — confirm SMS is still sent.
* Repeat with two-way messaging earlier than 30 minutes ago — confirm SMS is still sent.
* Complete the order before 1 hour — confirm no SMS.
* Cancel the order before 1 hour — confirm no SMS.
* Accept a non-Need-ASAP delivery (e.g., scheduled) and wait 1 hour — confirm no SMS.
* Trigger the job a second time on the same order — confirm only one SMS was sent total.
* Test the push fallback by simulating an unavailable SMS number.
* Verify the Gopher's actual first name appears in the SMS — not a literal ""Name"" or ""\[Gopher first name\]"" placeholder.

---

## 🧠 Dependencies / Notes

* Depends on the existing SMS provider integration (Twilio or equivalent) being usable for outbound nudges.
* Depends on the existing push-notification infrastructure for the fallback path.
* Depends on the order record having `accepted_at`, `status`, and `request_type` queryable, and the message thread being queryable by sender and timestamp.
* Out of scope: escalation reminders at 90 minutes / 2 hours, Requestor-side notifications, and any auto-cancellation or re-broadcasting if the Gopher continues to be unresponsive after the nudge. Those would each be separate tickets.

",https://gopherapp.atlassian.net/browse/G40-83
G40-85,Task,"Gopher Request — Extend TrustShield™ to give $1 off Ride Sharing requests, and send a targeted conversion email to non-TrustShield Requestors after Ride Sharing completions",To Do,Lowest,,,John Newbury,pay,,2023-12-19T03:09:09.075+0530,2026-06-09T01:19:35.245+0530,"## 🧑‍💻 As a

Gopher product / marketing team,

## 🎯 I want

to extend the existing TrustShield™ discount to cover Ride Sharing requests (in addition to age-restricted delivery), and send a targeted post-ride email to Requestors who don't have TrustShield to convert them,

## ✅ So that

TrustShield holders get a tangible discount on a second high-frequency request type, and non-TrustShield Ride Sharing users see what they could be saving and are nudged toward signing up.

---

## 💡 Context / Background

* TrustShield™ today provides discounts for age-restricted delivery requests. This ticket adds **Ride Sharing** as a second eligible category, with a flat **$1 discount per Ride Sharing request** for TrustShield holders.
* Separately, the ticket introduces a **new completed-request email template specifically for Ride Sharing** — but the email is **only sent to Requestors who do NOT have TrustShield**. It's a conversion nudge: ""Here's what you would have saved with TrustShield.""
* The discount mechanic mirrors the existing TrustShield age-restricted-delivery discount: same code path, **Gopher payout is preserved in full**, the platform absorbs the $1.
* The discount **can stack** with promo code redemptions on the same Ride Sharing request — additive, in the same way other promo discounts combine today.

---

## 📝 Two Deliverables (within this ticket)

| # | Type | Change |
| --- | --- | --- |
| 1 | Feature | **TrustShield Ride Sharing discount** — TrustShield holders get $1 off every Ride Sharing request. Mirrors existing age-restricted-delivery mechanic. |
| 2 | Feature | **Targeted Ride Sharing post-completion email** — sent only to Requestors who completed a Ride Sharing request AND do NOT have TrustShield. Marketing conversion play. |

---

## ✅ Expected Behavior

### Item 1 — TrustShield $1 off Ride Sharing

* When a TrustShield-holding Requestor submits a **Ride Sharing** request, a $1 discount is applied to their checkout / final cost.
* The Gopher's payout is **not reduced** — the platform absorbs the $1, matching how the existing age-restricted TrustShield discount works.
* The discount applies at the same point in the flow that the existing TrustShield age-restricted-delivery discount applies (price calculation / display / billing).
* **Stacking:** the $1 discount stacks additively with any promo code the Requestor redeems on the same request. The order of application doesn't matter mathematically; both reduce the Requestor's cost without affecting the Gopher's payout.

### Item 2 — Targeted post-ride email for non-TrustShield Requestors

* After a **Ride Sharing** request is completed by a Requestor who does **NOT** have TrustShield, the system sends the new completed-request email template (per the linked Figma).
* Requestors who **do** have TrustShield receive the existing completed-request email (or whatever standard email goes to TrustShield holders today) — they don't receive this new template.
* The email is sent in addition to whatever existing post-completion notifications fire — it's a category- and audience-specific marketing nudge, not a replacement for transactional confirmation.
* The email's purpose is to surface what TrustShield would have saved on this ride and drive sign-ups.

---

## 🧪 Acceptance Criteria

**Scenario 1 — TrustShield holder gets $1 off a Ride Sharing request**

* **Given** a Requestor has active TrustShield™,
* **When** they submit a Ride Sharing request and the price is calculated,
* **Then** a $1 discount is applied to their checkout total, visible in the price breakdown.

**Scenario 2 — Non-TrustShield Requestor sees no discount**

* **Given** a Requestor does NOT have TrustShield™,
* **When** they submit a Ride Sharing request,
* **Then** no $1 discount is applied to their checkout total.

**Scenario 3 — Gopher payout is unchanged by the discount**

* **Given** a TrustShield-holding Requestor's Ride Sharing request is completed,
* **When** the Gopher is paid out,
* **Then** the Gopher receives the full payout amount they would have received if there had been no discount — the platform absorbs the $1.

**Scenario 4 — Discount stacks with promo code**

* **Given** a TrustShield holder redeems a $2 promo code on a $20 Ride Sharing request,
* **When** the price is calculated,
* **Then** both discounts apply additively: Requestor pays $17 ($20 − $1 TrustShield − $2 promo). The Gopher's payout is still calculated against $20.

**Scenario 5 — Discount is Ride Sharing only**

* **Given** a TrustShield holder submits a Delivery request that is NOT age-restricted,
* **When** the price is calculated,
* **Then** no TrustShield discount applies (the existing rule covering only age-restricted delivery is unchanged).

**Scenario 6 — Existing age-restricted TrustShield discount remains intact**

* **Given** a TrustShield holder submits an age-restricted Delivery request,
* **When** the price is calculated,
* **Then** the existing TrustShield discount on age-restricted delivery still applies as it does today — no regression introduced by this ticket.

**Scenario 7 — Non-TrustShield Ride Sharing completion sends the new email**

* **Given** a Requestor without TrustShield completes a Ride Sharing request,
* **When** the post-completion flow runs,
* **Then** the new completed-request email template (per the Figma) is sent to that Requestor.

**Scenario 8 — TrustShield holder Ride Sharing completion does NOT send the new email**

* **Given** a Requestor with TrustShield completes a Ride Sharing request,
* **When** the post-completion flow runs,
* **Then** they receive their normal completion email, NOT the new template — the new template is specifically for non-TrustShield holders.

**Scenario 9 — Non-Ride-Sharing completions do not trigger the new email**

* **Given** a Requestor without TrustShield completes a Delivery or Service request,
* **When** the post-completion flow runs,
* **Then** they do NOT receive the new Ride-Sharing-specific template — it's scoped to Ride Sharing completions only.

---

## 📐 Business Rules

* The TrustShield Ride Sharing discount is a flat **$1** off, applied per request.
* The discount is available **only** to active TrustShield holders.
* The discount applies **only** to Ride Sharing requests. Other categories continue under their existing rules (age-restricted delivery still has its own TrustShield discount per existing logic; other categories have no TrustShield discount).
* **Gopher payout is preserved in full** — the platform absorbs the discount. Same accounting treatment as the existing age-restricted TrustShield discount.
* The discount **stacks additively** with promo code redemptions on the same request.
* The new Ride-Sharing completed-request email template is sent **only to non-TrustShield Requestors** who completed a Ride Sharing request. TrustShield holders receive their normal completion email.
* The new email is **scoped to Ride Sharing only** — it does not fire for Delivery, Service, or other request types.
* This ticket affects the **Gopher Request** app (Requestor experience). Gopher Go is not directly touched, though the underlying payout calculation must of course remain consistent.

---

## 🔎 Implementation Considerations

* The discount logic should reuse the existing TrustShield discount path — ideally a single function / service that takes (request type, TrustShield status) and returns the discount amount. Adding Ride Sharing to this lookup is the lowest-risk change.
* The Gopher-payout-preservation must be enforced at the same layer where the existing age-restricted discount is enforced. If that's a ledger entry recording the platform's subsidy, do the same for Ride Sharing.
* The post-completion email selection should be guarded by an explicit `IF (request_type == Ride Sharing) AND NOT (requestor.has_trustshield)` check, evaluated at the moment the post-completion email job dispatches.
* The new email template should pull the original Ride Sharing fare and (optionally) display ""You could have saved $1 with TrustShield"" with a CTA. Final copy is per the Figma.
* Recommend wrapping the whole feature in a feature flag so it can be rolled back independently.
* Coordinate with **G40-96** (Promo Code admin tool overhaul) — the stacking behaviour between TrustShield and promo codes should be tested specifically against the existing and new promo code types defined there.

---

## 🎨 Design Reference

* **Figma (Ride Sharing completed-request email):** https://www.figma.com/design/aRFH8dqUfSHLJTb89VZYNh/Jira-Tickets?node-id=161-1214

---

## 🧪 QA Notes

* Set up two test Requestor accounts: one with TrustShield active, one without.
* Submit a Ride Sharing request from the TrustShield account — confirm $1 discount appears in the price breakdown and Gopher payout is unchanged.
* Submit a Ride Sharing request from the non-TrustShield account — confirm no discount and confirm the new email template fires on completion.
* Submit a Ride Sharing request from the TrustShield account, redeem a promo code, complete it — confirm both discounts apply additively, Gopher payout still on the full original amount.
* Submit an age-restricted Delivery request from the TrustShield account — confirm existing age-restricted discount still applies (regression check).
* Submit a non-Ride-Sharing request from either account — confirm the new email template does NOT fire.
* Confirm the new email template renders correctly per the Figma on both desktop and mobile email clients.

---

## 🧠 Dependencies / Notes

* Depends on the existing TrustShield discount mechanism being extensible to a new request type (Ride Sharing).
* Depends on the existing post-completion email infrastructure supporting per-request-type and per-Requestor-attribute template selection.
* Coordinates with **G40-96** (Promo Code overhaul) for stacking behaviour.
* Out of scope: discounts on Ride Sharing other than the flat $1 (e.g., percentage-off, fare-based scaling). If desired in future, a separate ticket.
* Out of scope: equivalent conversion emails for Delivery, Service, or other categories. This ticket is Ride Sharing only — if the pattern is successful, additional categories can be added in follow-ups.

",https://gopherapp.atlassian.net/browse/G40-85
G40-86,Task,"Gopher Go — Scheduled Request — ""Add to Calendar"" trigger to the worker's native phone calendar",In Progress,Lowest,,John Newbury,John Newbury,worker,,2023-12-27T21:14:18.789+0530,2026-07-03T21:03:49.647+0530,"## Goal

Give workers a one-tap **“Add to Calendar”** link on a **scheduled order** that hands the order’s **title, date, and time** to their **native phone calendar**. The OS creates the event; the worker keeps or edits it. **Gopher Go is only the trigger** — after the hand-off it’s entirely between the user and their device. (This replaces the earlier “add a calendar page” framing — no in-app calendar page is needed.)

## Rules (John, 2026-07-02)

* **Only scheduled orders.** A **“flexible”** order counts as a scheduled order.
* **Flexible defaulting:** the calendar event defaults to the flexible window — **24 hours / 7 days / 2 weeks**. Because the worker views it in their own native calendar, they can change the date/time to whatever they want; that is **not** Gopher Go’s concern.
* No post-hand-off tracking or logic — Gopher Go simply triggers the calendar.

## Placement rule (John, 2026-07-03) — critical

* The button **only exists after the order is accepted**, in the **request details** of the scheduled order, **directly above the Start button** (its historical placement).
* It must **never** appear before acceptance — a Gopher who hasn’t accepted isn’t connected to the request and can’t schedule it. ASAP/now orders never reach this scheduled-detail state, so the button is inherently scheduled-only.

**▶ Full developer handoff:** `docs/handoff/G40-86-add-to-calendar.md`

## ✅ Done (front-end placement) — `_prototypes/Go/gopher-go-purchase-delivery-figma.html`

Built in John’s **real design screens** — the file that owns the accepted-job lifecycle (active → detail → update). New frame **“Scheduled order (accepted · pre-start)”**, reusing existing tokens/components (topbar, navy pay-hero, block cards, kv rows, `.pill` ● Scheduled, `.btn` system) — no makeshift markup.

* Post-accept surface: header pill **● Scheduled**, hero **“pays on completion”** — only reachable after accepting.
* The **foot is stacked**: outlined **Add to Calendar** sits **directly above** the green **Start job →** — the placement John specified.
* **Flexible** counts as scheduled and gets the same button (defaults to 24h / 7d / 2w, editable in the native calendar). Rule noted; no separate flexible frame drawn.

**Cleanup:** the earlier misplaced build in the reference-only concept file `gopher-go-worker.html` (button on the **pre-accept** browse job-detail, where Pass/Accept live) was **fully reverted** — CSS, markup, handler, and `.ics` util removed; 0 remnants. That placement was a logic bug (a Gopher could schedule a request they aren’t connected to) and lived in a file the manifest marks reference-only.

## 🔧 To build (developer / native)

* **Wire to the real accepted scheduled-order detail** (this frame is the placement reference — above Start, post-accept, scheduled/flexible only, never ASAP).
* **Use the order’s real structured datetime**, not a display label — pass the scheduled date/time (and flexible tier) straight into the calendar-event builder.
* **Build the** `.ics` / native hand-off: standard VEVENT (title, date/time + duration, location = on-site/pickup→drop-off, description) → open on device (cross-platform `.ics`, or iOS `EKEventStore` / Android `Intent.ACTION_INSERT`).
* **Flexible window source:** read the order’s flexible tier (24h / 7d / 2w); default the start from it with an “adjust in your calendar” note.

## Acceptance criteria

1. On an **accepted scheduled** order (flexible counts), an **Add to Calendar** action is available in the request details, **above the Start button**; **never** before acceptance and **never** on ASAP/now orders.
2. Tapping it opens the worker’s **native calendar** with the order’s **title, date, and time** pre-filled.
3. **Flexible** orders default to the **24h / 7d / 2w** window and remain fully editable in the native calendar.
4. Gopher Go performs **no** further action after the hand-off.

",https://gopherapp.atlassian.net/browse/G40-86
G40-88,Task,Gopher App - Updating A Submitted Request - Send Another Email to User and Update Active Admin Anytime there is an update. ,In Progress,Highest,,John Newbury,John Newbury,spine,,2024-02-06T00:48:11.035+0530,2026-07-03T06:57:33.481+0530,"> 🔧 **DEV MAP — see pinned comment (updated 2026-07-02 after owner review).** The updated-confirmation **email is consolidated into G40-305** (rebranded email program: template `request-updated-2026.ejs` / dispatcher type 36). The Figma board I first cited was tagged **G40-197, which is CANCELLED — ignore it**; source of truth is **G40-305** + `Documentation/SMS:Emails/`. **G40-88 now owns:** (1) the **admin order-log cost-delta** at `update.js:708`, and (2) making the requestor self-edit endpoint `update.js:52 exports.update_v2` fire the consolidated G40-305 email. Full step-by-step in the comment. Linked ↔ G40-305.

---

When a Requestor updates a submitted request, the system currently only sends the original order confirmation email and logs a generic ""Order Updated"" entry in the admin panel. To prevent disputes — particularly around financial changes — an updated order confirmation email must be sent to the Requestor on every update, and the admin order log must capture the specific details of what changed, including any cost adjustments.

## 🧑‍💻 As a

Requestor who has updated a submitted request,

## 🎯 I want

to receive an updated order confirmation email reflecting the changes I made,

## ✅ So that

I always have an accurate, up-to-date record of my order — especially when financial details have changed — and disputes can be avoided.

## 💡 Context / Background

* Currently, a confirmation email titled ""Gopher order confirmation #\[Order#\]"" is sent when a request is first submitted.
* When a Requestor later updates their request, no new email is sent — leaving the Requestor with an outdated confirmation and no record of the changes.
* Updates frequently involve financial changes (e.g. total cost adjustments), which can lead to confusion and disputes if not documented.
* The admin order log currently records a generic ""Order Updated"" entry with no detail on what changed. This must be updated to include specific change information, including cost deltas.

## 🗒️ Admin Order Log Format

**Current (incorrect):**

* 2025-02-07 04:56 PM — Order Created (Delivery-Convenience Store)
* 2025-02-07 05:01 PM — Order Updated (Delivery-Convenience Store)

**Required (correct):**

* 2025-02-07 04:56 PM — Order Created (Delivery-Convenience Store)
* 2025-02-07 05:01 PM — Order Updated (Delivery-Convenience Store) Total Cost from $43.23 to $54.32

## 📧 Updated Confirmation Email (now via G40-305)

* **Trigger:** Any update to a submitted request (requestor self-edit via `update_v2`).
* **Email:** the consolidated G40-305 request-updated email (type 36, `request-updated-2026.ejs`). Copy/subject may branch by trigger — finalize with G40-305.
* **Content:** Full updated order details reflecting all current request information, including any revised financials.

## ✅ Expected Behavior

* Every time a Requestor updates a submitted request, the consolidated updated-request email (G40-305) is sent to the Requestor.
* The admin order log entry for an update includes specific change details, including any cost adjustments showing the previous and new total.

## ✅ Acceptance Criteria

**Scenario 1 – Updated-request email is sent on every request update.** Given a Requestor updates a submitted request, when the update is saved, then the consolidated G40-305 request-updated email is sent to the Requestor and reflects the full updated order details.

**Scenario 2 – Admin order log captures change details including cost adjustments.** Given a Requestor updates a submitted request with a cost change, when saved, then the admin order log records the update with the specific change detail (previous and new total cost); format: Order Updated (\[Category\]) Total Cost from $\[old\] to $\[new\].

**Scenario 3 – Admin order log captures non-financial updates.** Given a Requestor updates without changing cost, when saved, then the log records the relevant change details AND the updated email is still sent.

**Scenario 4 – Multiple updates each trigger a new email and log entry.** Given a Requestor updates the same request more than once, when each update is saved, then a new email is sent for each, and a new timestamped log entry is added for each (never overwriting).

## ⚙️ Business Rules

* The updated-request email must be sent on every request update (via the consolidated G40-305 email).
* The admin order log must record the specific details of each update, including previous and new total cost when financials change.
* Each update must produce a separate, timestamped log entry — updates must never overwrite previous log entries.
* This applies to all request types and categories.

## 🧠 Dependencies / Notes

* **Email work is consolidated into G40-305** — G40-88 only needs to add the requestor self-edit (`update_v2`) as a trigger site for the type-36 email. The admin order-log cost-delta enrichment is G40-88's own work.
* The admin order log update logic must compare previous and new field values to generate the change detail string, including cost deltas.
* Source of truth: G40-305 + `Documentation/SMS:Emails/` (`request-updated-2026.ejs`, `impl-request-updated-trigger.md`).

## 🧪 QA Notes

* Update a request — confirm the consolidated request-updated email is sent with the correct updated details.
* Update with a cost change — confirm the admin log entry shows previous and new total cost.
* Update without a cost change — confirm the email is still sent and the log entry reflects the relevant change.
* Update the same request multiple times — confirm a new email and a new log entry are generated for each.
* Test across multiple request categories.

",https://gopherapp.atlassian.net/browse/G40-88
G40-91,Task,Gopher Go — Show full Requestor name and unblurred profile picture (skip anonymisation) when a request is sent to a MY Gopher,In Progress,Low,,John Newbury,John Newbury,worker,,2024-08-19T16:09:19.327+0530,2026-07-03T07:45:27.059+0530,"## 🧑‍💻 As a

Gopher on the Requestor's MY Gopher list who has been notified of one of their requests,

## 🎯 I want

to see the Requestor's full name and unblurred profile picture

## ✅ So that

I can immediately recognise that this is from someone who has already chosen me as a trusted Gopher — and respond accordingly, without the friction of the standard anonymisation that applies to general broadcasts.

---

## 💡 Context / Background

* Today, when a Gopher receives a broadcast for a submitted request, the Requestor's profile picture is blurred and their name is anonymised. This protects Requestor privacy when the recipient Gopher has no established relationship with them.
* That protection is unnecessary friction when the Requestor has already explicitly added the recipient Gopher to their **MY Gopher** list — a trust relationship already exists.
* This ticket adds a check: if the recipient Gopher is on the Requestor's MY Gopher list, **skip the anonymisation** entirely and show the full name and unblurred profile picture.
* Anonymisation continues to apply for all other recipients on the same broadcast.

---

## 🔍 Display Matrix

| Recipient Gopher's relationship to Requestor | Profile picture | Name |
| --- | --- | --- |
| **On Requestor's MY Gopher list** | Full, unblurred | Full name |
| Not on Requestor's MY Gopher list | Blurred (existing behaviour) | Anonymised (existing behaviour) |

The rule is evaluated **per recipient** — a single broadcast can simultaneously show full identity to MY Gopher recipients and anonymised identity to all others.

---

## ✅ Expected Behavior

### Surfaces in scope

The rule applies to **every pre-acceptance surface** that currently shows an anonymised Requestor identity to recipient Gophers, including:

* The push / SMS notification preview when a broadcast goes out.
* The in-app broadcast preview / request list card.
* The request details view shown before the Gopher accepts.

Wherever the existing system applies anonymisation, the new rule replaces it with full identity when the recipient is on the Requestor's MY Gopher list.

### Post-acceptance behaviour (unchanged)

* After a Gopher accepts the request, the Requestor's identity is already revealed to that Gopher per existing behaviour. This ticket does not change post-acceptance display.

---

## 🧪 Acceptance Criteria

**Scenario 1 — MY Gopher sees the full Requestor identity**

* **Given** a Requestor has Gopher A on their MY Gopher list,
* **When** the Requestor submits a request and Gopher A receives the broadcast,
* **Then** Gopher A sees the Requestor's full name and unblurred profile picture on every pre-acceptance surface (push notification, broadcast preview, request details).

**Scenario 2 — Non-MY-Gopher recipient still sees anonymised identity**

* **Given** a Requestor's broadcast is sent to Gopher B, who is NOT on the Requestor's MY Gopher list,
* **When** Gopher B receives the broadcast,
* **Then** Gopher B sees the Requestor's blurred profile picture and anonymised name per existing behaviour.

**Scenario 3 — Mixed broadcast (some recipients are MY Gopher, some are not)**

* **Given** a single broadcast goes to Gopher A (on the Requestor's MY Gopher list) and Gopher B (not on the list),
* **When** both Gophers receive the broadcast,
* **Then** Gopher A sees the full Requestor identity and Gopher B sees the anonymised version — the same broadcast renders differently per recipient.

**Scenario 4 — Rule applies to every pre-acceptance surface**

* **Given** Gopher A is on the Requestor's MY Gopher list and receives a broadcast,
* **When** Gopher A opens the push notification, then the in-app broadcast preview, then the request details view,
* **Then** the Requestor's full identity is shown on all three surfaces — the rule is applied uniformly.

**Scenario 5 — Removing a Gopher from MY Gopher reverts to anonymised**

* **Given** Gopher A was on the Requestor's MY Gopher list but has just been removed before the broadcast was sent,
* **When** Gopher A receives a subsequent broadcast,
* **Then** Gopher A sees the standard anonymised display.

**Scenario 6 — Post-acceptance display is unchanged**

* **Given** any recipient Gopher accepts the request,
* **When** the post-acceptance views render,
* **Then** the Requestor's full identity is shown per existing post-acceptance behaviour — this ticket does not change that path.

---

## 📐 Business Rules

* The rule is evaluated **per recipient** at the moment the broadcast is rendered for that Gopher. A single broadcast can produce different views for different recipients.
* The check is: ""is recipient Gopher on the Requestor's MY Gopher list at the moment of broadcast send?"" If yes, full identity; if no, existing anonymisation.
* The rule applies to **every pre-acceptance surface** that currently anonymises the Requestor.
* Post-acceptance display is unchanged — the Requestor's identity is already revealed to the accepting Gopher per existing behaviour.
* The rule applies on **Gopher Go** only — the Requestor app does not display the Gopher-side broadcast preview.

---

## 🔎 Implementation Considerations

* The anonymisation logic likely lives in a single place today (a serialiser or view-model for the broadcast payload). Adding the MY Gopher check there is the lowest-risk place to make this change, so it applies uniformly to every surface fed by that serialiser.
* If the anonymisation is applied independently at each surface, the change should be made in each of those code paths — and a refactor to centralise it should be considered as a follow-up.
* The MY Gopher membership check should run server-side at broadcast-send time, not client-side. A client-side check would require sending the Requestor's full identity to every recipient and conditionally rendering it, which leaks data.
* Recommend wrapping the change in the existing broadcast feature flag (if any) so it can be rolled back independently.

---

## 🎨 Design Reference

* **Figma:** https://www.figma.com/design/g7DWLbI86O6SqiwITY7jeL/%E2%9C%8F%EF%B8%8F-Gopher-UI_UX?node-id=5412-8407

---

## 🧪 QA Notes

* Add a test Gopher to a test Requestor's MY Gopher list. Submit a request that broadcasts to both that Gopher and at least one non-MY-Gopher.
* Confirm the MY Gopher recipient sees the full Requestor name and unblurred profile picture on push, broadcast preview, and request details.
* Confirm the non-MY-Gopher recipient sees the existing anonymised display on the same surfaces.
* Remove the Gopher from MY Gopher and trigger a new broadcast — confirm the anonymised display now applies to them.
* Verify on both iOS and Android.

---

## 🧠 Dependencies / Notes

* Depends on the MY Gopher list being queryable from the broadcast-send logic. If MY Gopher membership lives in a separate service, that lookup needs to be in the broadcast hot path.
* Out of scope: deactivated Gophers. Per the deactivation flow (G40-89 / G40-225), deactivated Gophers do not receive broadcasts, so the question of how to display the Requestor's identity to them does not arise.
* Out of scope: any analogous ""unblur for trusted Requestor"" mechanism going the other direction — the Gopher's identity is shown differently in different contexts but is not anonymised by the same mechanism.

![](blob:https://media.staging.atl-paas.net/?type=external&localId=null&id=&&collection=&height=null&occurrenceKey=null&width=null&__contextId=null&__displayType=null&__external=false&__fileMimeType=null&__fileName=null&__fileSize=null&__mediaTraceId=null&url=blob%3Ahttps%3A%2F%2Fmedia.staging.atl-paas.net%2F%3Ftype%3Dfile%26localId%3Dnull%26id%3D24cfed5f-3ccf-4afd-abb4-b2f42b3584fc%26%26collection%3D%26height%3D1270%26occurrenceKey%3Dnull%26width%3D393%26__contextId%3Dnull%26__displayType%3Dnull%26__external%3Dfalse%26__fileMimeType%3Dnull%26__fileName%3Dnull%26__fileSize%3Dnull%26__mediaTraceId%3Dnull%26url%3Dnull)
",https://gopherapp.atlassian.net/browse/G40-91
G40-92,Task,Gopher App - Pending Submitted Request - Any Activity Without A Response - Notifications - SMS Sent to engage with Activity. (Not applicable to Inbox messaging),In Progress,Medium,,John Newbury,John Newbury,spine,,2024-08-19T17:09:15.407+0530,2026-07-03T21:55:45.347+0530,"> 🔧 **DEV-READY HANDOFF — groomed 2026-07-02 (John Newbury).** Backend investigated; root cause identified. This block is authoritative; original 2024 body retained below. No open questions remain. Full handoff: `docs/handoff/G40-92-requestor-sms-followup.md`.

## 🔎 Root cause (evidence from `gopher-backend-api` export)

The symptom is **not** a flaky SMS queue. An SMS was only ever wired for **one** trigger (cost adjustment). The other events notify the requestor by **push only**, gated on a valid FCM token — so with no/expired token or notifications off, the requestor gets **nothing, no SMS fallback**. That reads as ""intermittent.""

| Trigger | What the old code sends to requestor | File:line |
| --- | --- | --- |
| Bid submitted | **Push only**, gated on `fcm_token`. No SMS. | `order_bids.js:148` |
| Counter-offer | **Push only**. No SMS. | `counter_offer.js:168` |
| Cost adjustment | **SMS** (+push). The only real requestor SMS. | `cost_adjustment.js:196` |
| Request accepted / ""select my worker"" | **Push only** to requestor. | `order_gophers.js` (accept path) |

Also: `lib/sendSms.js:19` re-throws on any Twilio error and call sites are inline `await send_sms(...)` with **no local try/catch** → a transient Twilio failure throws mid-request and the SMS is silently lost (no retry/queue). Push sends are fire-and-forget (unawaited). No acknowledgment gating on the requestor path. (`middleware/OOA_notif.js` is the **gopher-broadcast**, a different direction — out of scope, noted to avoid confusion.)

## ✅ Resolved decisions (John, 2026-07-02)

* **Target:** fix the **live backend now** (interim) **and** write the **new-build spec**.
* **Go-forward triggers:** Bid · Counter-offer · Cost adjustment · **Request accepted** (""Suggest My Gopher"" is **renamed** ""I'll select my worker"" — same behavior).
* **Inbox (NEW):** once a request is **connected**, an unacknowledged **inbox message** also fires an SMS. **Reverses** the old ""no SMS for inbox"" rule.

    * Recipient: **requestor only** (gophers excluded — saves Twilio cost).
    * **One SMS max per unacknowledged message** (no duplicate for same message; none if already read).
    

## 🛠️ Interim fix (live backend)

1. Add the missing requestor SMS at **bid** (`order_bids.js:148`), **counter-offer** (`counter_offer.js:168`), and **accept/""select my worker""** (`order_gophers.js`) — mirror the cost-adjustment SMS.
2. **SMS must not depend on push** — send regardless of `fcm_token`; do not nest inside the `if (fcm_token)` block.
3. Wrap each `send_sms` in its own try/catch + retry/queue so a Twilio error is logged and never aborts the bid/accept/adjustment action.
4. **Acknowledgment suppression** — no SMS if the requestor already viewed/responded.
5. Log every attempt (outcome keyed to `order_id`+event) and alert on failures; cross-check Twilio logs.

## ✅ Acceptance criteria (go-forward)

1. Bid submitted → requestor SMS (even with no FCM token).
2. Counter-offer → requestor SMS.
3. Cost adjustment pending → requestor SMS.
4. Request accepted / ""I'll select my worker"" → requestor SMS.
5. Connected request: new unread inbox message → exactly one requestor SMS per message; none if already read; gophers never get inbox SMS.
6. No SMS for any already-acknowledged event.
7. Every send attempt logged with outcome; failures alert.
8. A Twilio failure never aborts the underlying action.
9. Holds on iOS + Android + web.

---

## 📜 Original ticket (2024 — retained for context)

The platform is designed to send a follow-up SMS to a Requestor when key activity occurs on their pending request and they have not yet responded. This feature was reported firing intermittently. **Note:** the 2024 body listed triggers as bid / Suggest My Gopher / cost adjustment and said ""not applicable to Inbox messaging"" — both are **superseded** by the resolved decisions above (SMG → ""I'll select my worker""; counter-offer + request-accepted added; inbox now fires SMS once connected).

Original trigger events: Bid submitted · Suggest My Gopher accepted · Cost adjustment pending. Original business rules: SMS must fire reliably on every trigger; inbox excluded; no SMS if already acknowledged. Original QA: fire each trigger 5×+ to confirm consistent delivery; test iOS + Android.",https://gopherapp.atlassian.net/browse/G40-92
G40-94,Story,Update & Review AWS Environment,In Progress,Medium,,John Newbury,Robert Hazle,spine,,2024-09-09T17:38:21.834+0530,2026-07-03T06:59:05.041+0530,"> 🔧 **DEV-READY — governed by the RFP package (linked below). Groomed 2026-07-02 (John Newbury).** Triaged in the backlog-reduction pass: **KEEP · SOW Bucket C · ""AWS env review + outage alerts — pairs with Addendum AWS-SDK-v3.""** The current AWS environment is **keep-and-adapt (not rebuilt)**, so this work carries forward as infra hardening. It is fully covered by the code-verified RFP docs — build to those, not to the two-line original below. No open questions remain.

## 📂 Referenced docs the dev needs (in `Documentation/RFP/`)

* `Gopher-Scope-of-Work.md` §2 → Bucket C — ""Backend API — keep, adapt, harden."" This ticket lives in Bucket C. Deliverable explicitly = ""the infrastructure remediation and hardening detailed in the Technical Annex §5–§6.""
* `Gopher-RFP-Technical-Annex.md` _(bidder-safe — attach to RFP)_ — the authoritative infra picture:

    * **§2** Runtime infrastructure (AWS `us-east-1`: Elastic Beanstalk + CodePipeline; Aurora PG Serverless v2; S3; Route 53).
    * **§5 Infrastructure known issues** — esp. **#1** the EB ""Degraded"" health-flap + flood of AWS health-transition emails (root cause = worker-app socket auth expiry, **not** an outage), **#2** retired Node 18 platform, **#3** expired RDS cert on the two legacy instances.
    * **§6 Sequenced remediation** — esp. **item 6: ""set an AWS Budget + a real CloudWatch alarm""** (the outage-alerting half of this ticket) and **item 5: blue/green upgrade to Node 20/22** (the update-services half).
    
* `Gopher-AWS-Cost-Session-Recap.md` _(context)_ — cost shape (\~$1.7K/mo AWS, RDS-dominated; no AWS Budget configured; QuickSight/Amazon Q cancelled Jun 24). Backing zip: `Gopher-AWS-Cost-Handoff.zip`.

## 🎯 This ticket's two asks → where they're specced

1. **Outage alerts (email/SMS to CEO + CTO)** → Annex §6 item 6 (AWS Budget + CloudWatch alarm) and §5 Infra #1 (stop the redundant EB health-transition emails so real alerts aren't buried). **Recipients:** route Sev-1/outage alerts to **John Newbury (CEO)** and the **CTO** via **email + SMS** (CloudWatch → SNS topic; wire the actual contacts from config/secret). Distinguish real outages from the health-flap noise per Annex §5 #1.
2. **Update services / keep tech current + valid** → Annex §6 item 5 (retire Node 18 EB → Node 20/22 on AL2023, blue/green clone-and-swap; annex-confirmed low-risk), plus the **AWS SDK v3** modernization (Backlog-Reduction map: ""pairs with Addendum AWS-SDK-v3""), §6 item 3 (retire the two legacy Postgres instances → clears the expired-cert alert), and §6 item 5's dependency on §6 item 3 (DB cleanup before platform swap).

**Acceptance** = the Bucket C acceptance gate in the SOW (EB health-flap resolved + redundant notifications quieted; backend on a supported Node platform; legacy DB instances retired and cert alert cleared) **plus** a working AWS Budget + CloudWatch outage alarm notifying the CEO/CTO. Destructive steps (instance deletion, platform swap) are snapshot-first with rollback, in a maintenance window (Annex §6).

---

## 📜 Original ticket (2024 — Shaun Pack / Robert Hazle)

Gopher Inc’s AWS environment needs to be revamped as necessary including:

1. Add any alerts that will email/sms the CEO and CTO of any outages of service.
2. Update services and technology to ensure all services are up-to-date and valid.

_History: ""Jai and Shaun to discuss"" (2024-09); ""Moving this to the long-term backlog pending v4 transition"" (2024-11). The v4 transition is now underway and this is folded into SOW Bucket C per the docs above._",https://gopherapp.atlassian.net/browse/G40-94
G40-96,Task,"Active Admin — Promo Code admin tool: fix 2 bugs (Value save, auto-expire), 3 UX consolidations, and add Category scoping + platform-subsidised ""Add Money to Request"" Type",In Progress,Low,,John Newbury,John Newbury,pay,,2024-10-17T01:55:20.888+0530,2026-06-24T03:57:09.225+0530,"## 🧑‍💻 As a

Gopher admin managing Promo Codes,

## 🎯 I want

the Promo Code admin tool to work reliably, present a cleaner UI, and support category scoping plus a new platform-subsidised promo type,

## ✅ So that

I can configure codes correctly the first time, without working around bugs, and can run more targeted marketing campaigns including Gopher Rewards.

---

## 💡 Context / Background

This ticket bundles seven distinct improvements to the existing Promo Code admin tool. They are split into bugs (must fix), UX consolidations (clean up the existing screen), and feature additions. All seven land on the same screen and are best shipped together, but each is independently scoped below for clarity.

---

## 📋 The 7 Improvements

| # | Type | Change |
| --- | --- | --- |
| 1 | UX | **Applies To** — remove the ""Applies To"" selector entirely. Only Requestors submit requests, so the field has a single possible value and is redundant; all codes are requestor-only. |
| 2 | Feature | **Type** — add a new option for a **platform-subsidised promo** that adds money to the request budget. |
| 3 | Bug | **Value** — fix the bug where the value field intermittently fails to save (both $ and % variants). |
| 4 | UX | **Reduces tab merge** — combine ""Reduces"" and ""Reduces On Age Restricted Fee"" into a single tab with **multi-select checkboxes** (Gopher Fee, Instant Transfer Fee, Age-Restricted Fee) plus a **Select All** shortcut. A code can reduce one or more fees. |
| 5 | UX | **Duration** — remove the ""once"" option (already asked at the top of the page). |
| 6 | Feature | **Categories** — add ability to scope a promo code to specific request categories using checkboxes plus a Select All shortcut. |
| 7 | Bug | **Auto-expire** — codes must become inactive precisely at their expiration timestamp. Doesn't work today. |

---

## ✅ Expected Behavior — Per Item

### Item 1 — Remove the ""Applies To"" selector

* The ""Applies To"" selector is removed from the Promo Code admin screen entirely. Requestors are the only parties who submit requests, so the field has a single possible value and is redundant; every code is implicitly requestor-only.
* This supersedes the original ask of only removing the ""Gophers"" option — since Requestors is the sole remaining target, the whole selector is dropped rather than left as a one-option field. **Dev note: remove the field; do not ship a single-option dropdown.**
* Any existing codes that have ""Gophers"" set should be reviewed by admin; one-time migration is out of scope but those codes effectively become inert.

### Item 2 — New ""Add Money to Request"" Type

* Add a new Type option to the existing Type selector (alongside the existing reductive types).
* **Effect:** the Requestor's checkout total is reduced by the promo amount, while the **Gopher's payout is preserved in full**. The platform absorbs the difference.
* This is the foundation for Gopher Rewards / marketplace-incentive campaigns where the platform pays to attract demand without shorting the Gopher.
* The Value field, Duration, and Categories selectors all apply to this Type the same way they apply to existing types.
* The accounting impact (platform-side ledger entry recording the subsidy per redemption) needs to be captured so it can be reconciled.

### Item 3 — Fix the Value save bug

* The Value field must reliably persist whatever the admin entered (dollar amount or percentage), without requiring a second edit.
* Both $ amount and % off variants must save and reload identically to what was entered.
* Identify and fix the underlying cause — do not work around it with a client-side retry.

### Item 4 — Merge ""Reduces"" tabs into one multi-select

* Today there are two tabs: ""Reduces"" and ""Reduces On Age Restricted Fee.""
* Merge into a single tab listing the three fees a code can reduce:

    * Gopher Fee
    * Instant Transfer Fee
    * Age-Restricted Fee
    
* Use **checkboxes** for multi-select — a code can reduce one OR MORE of these — plus a **Select All** shortcut that toggles all three on or off. At least one fee must be selected.
* At redemption, the discount applies to the combined total of the selected fees.
* Migrate existing codes: a code currently set against the Age-Restricted Fee loads with the Age-Restricted Fee box pre-checked; everything else with the appropriate box(es) checked.
* **Note:** updated from the original single-select / radio design to multi-select checkboxes + Select All (product decision). See Implementation Considerations.

### Item 5 — Remove redundant Duration ""once""

* Remove the ""once"" option from the Duration selector. This option is already covered by a question asked at the top of the page, and having it in Duration creates redundant configuration.
* Migrate existing codes: any code currently set to Duration = once should be migrated to the equivalent state via the top-of-page question.

### Item 6 — Category selection

* Add a new field to scope a promo code to specific request categories.
* Categories available: **Delivery**, **Ride Sharing**, **Service**, **Other**.
* Use **checkboxes** for multi-select (a code can apply to one or more categories), plus a **Select All** shortcut that toggles every checkbox on or off.
* At redemption, the code is only valid if the order's request type falls within the selected categories. If no categories are selected, the code is invalid (admin must explicitly choose at least one, or Select All).

### Item 7 — Fix auto-expire

* When a code's expiration date / timestamp passes, the code must become inactive **precisely at that timestamp**, not on a deferred sweep.
* The check must run at the moment of redemption (server-side validation) so the timing is exact regardless of any background job cadence.
* Already-redeemed-before-expiration usages remain valid; only future redemptions are blocked.
* Active/inactive state displayed in the admin UI should reflect the live evaluation (active until expiration timestamp, inactive thereafter).

---

## 🧪 Acceptance Criteria

**Scenario 1 — Applies To selector removed**

* **Given** an admin opens the Promo Code create / edit screen,
* **When** they view the form,
* **Then** there is no ""Applies To"" selector at all (and therefore no ""Gophers"" option); codes are requestor-only by default.

**Scenario 2 — New Add Money to Request Type works**

* **Given** an admin creates a promo code with the new Type and a value of $5,
* **When** a Requestor redeems it on a request with a $20 budget,
* **Then** the Requestor's checkout total is reduced by $5, and the Gopher's payout on the resulting order is unchanged from what it would have been at the original $20 budget.

**Scenario 3 — Platform subsidy is captured in the ledger**

* **Given** the new Type code is redeemed,
* **When** the resulting transactions are recorded,
* **Then** a platform-side ledger entry captures the subsidy amount so it can be reconciled in financial reporting.

**Scenario 4 — Value field saves correctly**

* **Given** an admin enters a dollar amount in the Value field,
* **When** they save the code,
* **Then** the code reloads with the exact value entered — no need to re-edit.

**Scenario 5 — Value field works for percentages too**

* **Given** an admin enters a percentage in the Value field,
* **When** they save the code,
* **Then** the code reloads with the exact percentage entered.

**Scenario 6 — Reduces tabs are merged into one multi-select**

* **Given** an admin opens the Promo Code edit screen,
* **When** they view the Reduces section,
* **Then** they see a single section with three fee checkboxes (Gopher Fee, Instant Transfer Fee, Age-Restricted Fee) plus a Select All shortcut — not two separate tabs — and can select one or more. At least one fee is required.

**Scenario 7 — Existing Age-Restricted codes migrate cleanly**

* **Given** an admin opens a code that was previously configured against the Age-Restricted Fee tab,
* **When** the new merged UI loads it,
* **Then** the Age-Restricted Fee checkbox is pre-checked with no data loss.

**Scenario 8 — Duration ""once"" option is removed**

* **Given** an admin opens the Promo Code create / edit screen,
* **When** they view the Duration selector,
* **Then** ""once"" is no longer an option.

**Scenario 9 — Category multi-select with Select All works**

* **Given** an admin is configuring a new code,
* **When** they tick the Delivery and Ride Sharing checkboxes,
* **Then** the code is scoped to those categories. Tapping Select All ticks all four (Delivery, Ride Sharing, Service, Other); tapping it again unticks all.

**Scenario 10 — Category scoping enforced at redemption**

* **Given** a code scoped to Delivery only,
* **When** a Requestor attempts to redeem it on a Ride Sharing request,
* **Then** redemption is rejected with a clear ""not valid for this request type"" message.

**Scenario 11 — Auto-expire is precise**

* **Given** a code's expiration timestamp is 5:00 PM today,
* **When** a Requestor attempts redemption at 5:00:01 PM,
* **Then** redemption is rejected with an ""expired"" message — no sweep-job delay.

**Scenario 12 — Already-redeemed usages stay valid after expiration**

* **Given** a Requestor redeemed a code before its expiration timestamp,
* **When** that order is processed after the expiration timestamp,
* **Then** the order continues to honour the discount — expiration affects only future redemptions.

**Scenario 13 — Active / inactive display reflects live state**

* **Given** the admin views a code in the Promo Code list view,
* **When** the code's expiration timestamp passes,
* **Then** the list view shows the code as inactive without requiring a page refresh or admin action.

---

## 📐 Business Rules

* The new ""Add Money to Request"" Type **must preserve the Gopher's payout in full**. The discount is absorbed by the platform, not the Gopher.
* Every redemption of the new Type must produce a ledger entry recording the platform's subsidy for that order.
* Promo code expiration is evaluated **at redemption time, server-side**. No deferred sweeps.
* Category selection requires at least one category to be selected (or Select All); a code with zero categories is invalid.
* The Reduces tab merge does not change which fee(s) a given code reduces — existing codes migrate to the equivalent checkbox selection. A code may now reduce more than one fee; at least one fee is required.
* The Value field fix must address the root cause, not be a client-side workaround.
* The Applies To selector is removed entirely; codes are persisted as requestor-only. Existing codes with ""Gophers"" set become effectively inert (no migration of those codes is in scope).

---

## 🔎 Implementation Considerations

* The two bugs (Value save, auto-expire) likely live in separate code paths from the UI changes. Worth investigating early so any required backend changes are scoped before UI work begins.
* The new ""Add Money to Request"" Type touches multiple subsystems: promo-code redemption, order pricing, Gopher payout calculation, and platform accounting. Recommend mapping each subsystem and identifying the single source of truth for ""Gopher payout amount"" before changing anything.
* Auto-expire at redemption time is the right call for precision, but admin-side list views also need a way to display the current active/inactive state. The simplest implementation: compute active/inactive on the fly based on `expires_at <= now()` whenever the code is read.
* For category selection, consider whether existing codes (created before this feature) default to ""all categories"" or to a specific subset. Recommended default: all categories (matches today's behaviour where there was no category restriction).
* **(Updated) Reduces is multi-select** — checkboxes + Select All, not the single-select radio originally drafted. A code can reduce one or more fees and redemption discounts the combined total of the selected fees. Data model: `reducesFees: string[]` (legacy single-value `reducesFee` is normalized to an array on read). At least one fee is required.
* **(Updated) Applies To selector removed entirely** — not left as a single-option (""Requestors"") dropdown. Codes are persisted as requestor-only.
* Recommend deploying behind a feature flag covering the new Type and the new Category selector. The bug fixes and UX consolidations can ship unflagged once tested.

---

## 🧪 QA Notes

* Walk through every Scenario above explicitly — each maps to one of the 7 improvements.
* For the Value bug: create and save dozens of codes with varying $ and % values and reload each. The bug is intermittent today, so volume matters.
* For auto-expire: set a test code to expire in 60 seconds, wait, and confirm redemption fails. Repeat with millisecond precision boundaries to be sure.
* For the new Type: confirm both the Requestor checkout total and the Gopher payout against an order baseline that's been recorded before promo application.
* For the Reduces merge: open existing codes from both old tabs and confirm they load correctly under the new single multi-select section; confirm Select All toggles all three fees, that a code can reduce more than one fee, and that the redemption discount equals the combined total of the selected fees.
* For the Duration removal: open existing codes with Duration = once and confirm they have been migrated to the equivalent top-of-page state.
* Run on both the production-like staging environment and confirm against a Stripe test mode — the new Type's subsidy ledger entry must be visible in the test ledger.

---

## 🧠 Dependencies / Notes

* The new ""Add Money to Request"" Type is the foundation for **Gopher Rewards**, which is a forthcoming feature. Once this Type exists, marketing can run subsidised campaigns; the larger Gopher Rewards configuration is out of scope here.
* Depends on the existing Promo Code redemption pipeline being modifiable to support the platform-subsidised payout path.
* Out of scope: backfill / migration of existing codes that have ""Gophers"" set in Applies To. They become inert; admin can manually remove them if desired.
* Out of scope: any Requestor-facing UI changes (e.g., showing the promo savings on checkout). This ticket is admin-tool only — once a code is configured, the existing Requestor redemption UI is assumed to consume it correctly.

",https://gopherapp.atlassian.net/browse/G40-96
G40-99,Task,Gopher App - Submitted Request - Increase Broadcast Frequency,To Do,High,,,John Newbury,request,,2024-09-28T02:58:22.511+0530,2026-07-03T21:48:39.514+0530,"When a “Need ASAP” request is broadcast, We will send an App notification every 10 min until accepted, canceled or expired.

This does not impact the initial 10 min request notification, nor the SMS and/or Emails back-up.

IF the GOPHER wants the notifications to stop for that request, they can simply select Not Interested.",https://gopherapp.atlassian.net/browse/G40-99
G40-100,Task,"Both apps — Add Deleted tab to Inbox with swipe-left-to-delete, permanent-delete confirmation, 90-day auto-purge, and admin-expiration auto-move",In Progress,Low,,John Newbury,John Newbury,spine,,2024-09-10T03:29:42.552+0530,2026-07-03T08:11:11.101+0530,"## 🧑‍💻 As a

User of either app (Gopher Request / Gopher Go) managing my in-app Inbox,

## 🎯 I want

to delete messages with a swipe-left gesture and review removed messages in a dedicated Deleted tab before they are permanently gone,

## ✅ So that

I can keep my Inbox tidy with a familiar texting-app gesture while still having a brief safety window to recover or permanently remove messages on my own terms.

---

## 💡 Context / Background

* The in-app Inbox should feel like a standard mobile texting experience. Today there is no way for a user to delete messages from the Inbox.
* This ticket introduces a **two-stage delete** pattern:

    1. **Swipe left on a message in the Inbox** moves it to a new **Deleted** tab.
    2. **Delete from the Deleted tab** is the **permanent** delete — confirmed by a pop-up so an inadvertent tap can be aborted.
    
* The **""silence""** feature commonly seen on similar UIs is **not** part of this scope.
* Admin-sent messages that have an expiration date attached **auto-move from Inbox to Deleted** at the expiration date/time. They then follow the same rules as any other message in the Deleted tab.
* This work applies to **both apps** — Gopher Request and Gopher Go.

---

## ✅ Expected Behavior

### Inbox tab

* A user can **swipe left** on any message in the Inbox to move it to the Deleted tab.
* No silence affordance is added.

### Deleted tab

* A new **Deleted** tab is added to the Inbox view.
* Messages in the Deleted tab can only be **permanently deleted** — there is no ""restore to Inbox"" affordance in this release.
* Attempting to delete a message from the Deleted tab triggers a confirmation pop-up so an inadvertent swipe/tap can be aborted.
* Messages in the Deleted tab are **automatically purged after 90 days** measured from when they entered the Deleted tab.

### Admin expiration handling

* When an admin sends a message with an expiration date, that message **auto-moves from Inbox to Deleted at the expiration date/time**.
* Once in the Deleted tab, the admin message follows the same rules as any other deleted message — it can be manually permanently deleted by the user, and it auto-purges after 90 days.

---

## 💰 Confirmation Pop-up (default copy)

* **Title:** Delete permanently?
* **Body:** This cannot be undone.
* **Buttons:** Cancel (secondary) / Delete (primary destructive)
* Pull final copy from Figma if defined there — the above is a sensible default that gives the user the abort path you asked for.

---

## 🧪 Acceptance Criteria

**Scenario 1 — Swipe-left moves a message from Inbox to Deleted**

* **Given** a user is viewing the Inbox tab,
* **When** the user swipes left on a message,
* **Then** the message is removed from the Inbox and appears in the Deleted tab.

**Scenario 2 — No restore from Deleted to Inbox**

* **Given** a message is in the Deleted tab,
* **When** the user views the message in the Deleted tab,
* **Then** there is no ""restore to Inbox"" option — the only actions are read and permanent delete.

**Scenario 3 — Permanent delete from Deleted requires confirmation**

* **Given** a user is viewing the Deleted tab,
* **When** the user attempts to delete a message from that tab,
* **Then** a confirmation pop-up appears with the copy above and the user must tap Delete to proceed (Cancel aborts and leaves the message in place).

**Scenario 4 — 90-day auto-purge from Deleted**

* **Given** a message has been in the Deleted tab for 90 days,
* **When** the auto-purge runs,
* **Then** the message is permanently removed from the Deleted tab without further user action.

**Scenario 5 — Admin-sent message with expiration auto-moves to Deleted**

* **Given** an admin sent a message with an expiration date/time and the message is currently in the user's Inbox,
* **When** the expiration date/time is reached,
* **Then** the message automatically moves from Inbox to Deleted.

**Scenario 6 — Admin-expired messages follow the same Deleted-tab rules**

* **Given** an admin-sent message has been auto-moved to the Deleted tab,
* **When** the user views the Deleted tab,
* **Then** the message can be manually permanently deleted (with confirmation) and otherwise auto-purges 90 days after it entered the Deleted tab.

**Scenario 7 — Swipe-left silence affordance is NOT present**

* **Given** the feature has shipped,
* **When** a user swipes left on a message in the Inbox,
* **Then** no ""silence"" option appears — only the delete action.

**Scenario 8 — Both apps covered**

* **Given** the fix has shipped,
* **When** a user opens either Gopher Request or Gopher Go,
* **Then** the Deleted tab, swipe-left-to-delete, confirmation pop-up, 90-day purge, and admin-expiration auto-move all behave the same in both apps.

---

## 📐 Business Rules

* Deletion is **two-stage**: swipe-left moves Inbox → Deleted; explicit delete from the Deleted tab permanently removes.
* The permanent-delete action **must** be confirmed by a pop-up so accidental taps can be aborted.
* Messages in the Deleted tab **auto-purge after 90 days** regardless of how they got there (user swipe or admin expiration).
* No ""restore to Inbox"" affordance is in scope for this release.
* No ""silence"" affordance is in scope for this release.
* Admin-sent messages with expiration dates auto-move from Inbox to Deleted at their expiration time. Once in Deleted, they follow the same rules as any other deleted message.
* The Deleted tab is part of the Inbox view in **both** apps — Gopher Request and Gopher Go.

---

## 🔎 Implementation Considerations

* The 90-day auto-purge requires a background job (or a check-on-fetch in the Inbox API) that evaluates `deleted_at` timestamps and permanently removes records older than 90 days. Each Deleted-tab record must carry a `deleted_at` timestamp.
* Admin-expiration auto-move likewise requires either a scheduled job or an on-fetch check evaluating the admin message's `expires_at` and moving it.
* The two background processes can share the same job runner.
* The Deleted tab should still allow the user to **open and read** a message before deciding to permanently delete it.
* The Figma reference for visual design and pop-up styling is included in the description — follow that strictly for spacing, copy, and button order.

---

## 🎨 Design Reference

* **Figma:** https://www.figma.com/design/aRFH8dqUfSHLJTb89VZYNh/Jira-Tickets?node-id=107-15594

---

## 🧪 QA Notes

* Swipe-left on an Inbox message and confirm it appears in the Deleted tab and is gone from Inbox.
* Delete a message from the Deleted tab and confirm the pop-up appears; tap Cancel and confirm the message remains; tap Delete and confirm the message is gone.
* Place a message in Deleted, fast-forward (or test-data manipulate) the `deleted_at` timestamp to 90+ days ago, and confirm the auto-purge removes it.
* Send a test admin message with a near-future expiration date, confirm it sits in Inbox until expiration, then verify it auto-moves to Deleted.
* From the Deleted tab, manually delete an admin message and confirm the same confirmation flow runs.
* Confirm no ""silence"" affordance exists on swipe-left.
* Test on both iOS and Android.
* Test on both apps — Gopher Request and Gopher Go.
* Re-attach the two screenshots directly to this ticket (the existing `blob:` URLs do not render for other users).

---

## 🧠 Dependencies / Notes

* The admin-message expiration date model must exist on the admin side and be readable by the apps. If that field is not currently exposed, that work is part of this scope.
* The 90-day auto-purge is permanent — there is no recovery once purged. This is consistent with the permanent-delete confirmation behavior and the no-restore design.
* Consider deploying behind a feature flag so the auto-purge job can be toggled if the threshold needs adjustment in production.

",https://gopherapp.atlassian.net/browse/G40-100
G40-101,Task,Gopher Go - Active Request - Update Request - Cost Adjustment - Add Receipt Update,In Progress,Medium,,John Newbury,John Newbury,pay,,2024-06-24T22:19:19.367+0530,2026-07-03T06:59:06.699+0530,"> 🟢 **FRONT-END FLOW BUILT — 2026-07-02 (John Newbury).** The receipt flow is built into the prototypes across all in-scope surfaces; the **only remaining work is the backend seam** (one field). Full handoff: `docs/handoff/G40-101-cost-adjustment-receipt.md`. Canonical component: `docs/handoff/receipt-flow-component.html`.

## ✅ Decisions (John, 2026-07-02)

* Surfaces: worker = **Gopher Go**; customer review = **Request + Connect + Deals**.
* Build the **entire front-end flow**; make the **DB/backend seam as simple as possible** for the dev.
* **Deals:** has **no cost-adjustment review flow** in the prototype (abbreviated path — a Deal becomes a normal request tracked in the **Request** app), so the receipt review is inherited from Request/Connect; nothing built in `gopher-deals.html`.
* **Map gap:** G40-101 is **missing from** `Gopher-Backlog-Reduction-Map.csv` — fold in on the RFP reconciliation pass. Suggested: **Bucket B** (worker attach/gate/display) + **Bucket A** (requestor zoom).

## 🛠️ What was BUILT (front-end)

**One shared component** (`docs/handoff/receipt-flow-component.html`) injected byte-identical into each surface between `GOPHER-RECEIPT-COMPONENT (G40-101) START/END` markers — so the dev sees ONE pattern. Provides `__receiptThumb()` (tall/narrow 2:5, `object-fit:contain`, no crop), `__receiptViewer()` (fullscreen **pinch-to-zoom**: touch pinch + drag-pan + double-tap; desktop wheel + drag), and `__demoReceipt()` (DEMO-ONLY generated SVG receipt — delete in prod).

* `Final/gopher-request.html` & `Final/gopher-connect.html` — receipt renders tall/narrow + tap-to-zoom in the adjustment **card** and the full breakdown **modal**, **before** Approve/Decline (Scenarios 3–5). Connect's demo was labor-only (COG $0) → converted to a coherent **COG-increase** (re-footed) so the receipt applies.
* `_prototypes/Go/gopher-go-prototype.html` — the worker cost-adjustment is a guided **walkthrough** (status stepper), so the ""receipt"" step now shows a tappable, tall/narrow, **zoomable** receipt (Scenario 3, worker side).

## 🔌 What the DEVELOPER wires (backend — only remaining work)

Added to `gopher-go-backend-wiring-checklist.md` §5:

1. **Receipt upload** on a COG-increase adjustment → store `receipt_url` on the `cost_adjustment` record (same storage path as profile-photo upload).
2. **Serve it back** → customer screen reads `receipt_url` as `pendingAdjustment.receipt.src` (null → demo receipt shows; pass the real URL and the demo generator never runs).
3. ⚠️ **Enforce server-side** — reject/hold any COG-raising adjustment with no `receipt_url`; the Go popup that blocks submit is **UX only**.
4. Build the interactive **""popup blocks submit until receipt attached""** (Scenarios 1–2) in the real Go form (a walkthrough can't host a live gate). Rule: fire when `newCostOfItems > originalCostOfItems`; never when unchanged/decreased.

## ✅ Acceptance mapping

| # | Scenario | Status |
| --- | --- | --- |
| 1 | Popup on COG increase blocks submit | Dev builds in real Go form; rule + server gate specified |
| 2 | No popup when COG not increased | Same rule; renders nothing when `!P.receipt` |
| 3 | Receipt tall/narrow, no crop | **Built** (worker + customer) |
| 4 | Requestor pinch-to-zoom | **Built** |
| 5 | Receipt visible before approve/decline | **Built** |

---

## 📜 Original ticket (2024 — retained)

When a Gopher submits a Cost Adjustment where the Cost of Items exceeds the original, they must attach a receipt photo. Requirements: receipt displayed tall & narrow (≈2:5), requestor can pinch-to-zoom to verify, and a popup blocks the Gopher from proceeding on a Cost-of-Items increase until a receipt is added. No receipt when COG unchanged/decreased. Figma: card entry https://www.figma.com/design/g7DWLbI86O6SqiwITY7jeL/%E2%9C%8F%EF%B8%8F-Gopher-UI_UX?node-id=6505-9198 · receipt display https://www.figma.com/design/g7DWLbI86O6SqiwITY7jeL/%E2%9C%8F%EF%B8%8F-Gopher-UI_UX?node-id=4854-2407",https://gopherapp.atlassian.net/browse/G40-101
G40-103,Bug,"Gopher HQ Dashboard — Users detail must include ALL user info (Work Settings & Radius, Ride Sharing, Business, Ratings) — with DB source map",In Progress,Low,,John Newbury,John Newbury,spine,,2025-07-04T02:21:10.980+0530,2026-07-03T18:31:37.790+0530,"**Re-scoped (John, triage pass).** Original ask: the admin Users tab showed only sub-categories, not main categories. The **legacy Admin Panel already renders main categories** (`gopher_selecttype`), so that gap is closed there. The go-forward concern is the **Gopher HQ Dashboard** (the Admin-Panel replacement): its Users detail drawer must **mirror the full production View User page — ALL user info**.

## Current gap

The dashboard's `openUserDetail` (`Documentation/Dashboard/app_part4.js:1885`) currently shows Profile / Contact / Verification / Activity / Order log / Communication. **Missing:** Work Settings & Radius (**main categories, sub-categories, Gopher radius**), Ride Sharing Info, Business Info/Address, Ratings (avg + total), Payout Status, Last check-in, Requesting Primarily, Discover Gopher.

## Requirement already documented

`Documentation/Dashboard/CARRYOVER.md` §""DETAIL DRILL-DOWN"" states `openUserDetail` should mirror the production ""View User"" page and tracks fields ""NOT yet embedded (owner deferred)."" This ticket names the remaining missing fields and gives their exact DB source so there is **zero developer discovery**.

## What to do

1. **Pipeline** — extend `Documentation/Dashboard/regen_full.py` so the embedded user record carries the missing columns from `Users.csv` (selecttype, selectsubtype, radius, ride_sharing + car fields, business, avg/total rating, current_sign_in_at, requesting_primarly, discover_gopher).
2. **UI** — add ""Work Settings & Radius"", ""Ride Sharing"", ""Business"" sections + Ratings to `openUserDetail`, mirroring the production View User field order. Fields not yet in the export render with the existing 'Backfill at integration' badge.

## DB source map

Every field → exact table.column is in the handoff doc: `docs/handoff/G40-103-hq-dashboard-user-fields-db-map.md` (sourced from `controllers/admin/user.js` `get_user_by_id`, the query behind the production View User page). Key ones the original ticket is about:

* **Available for categories (main)** → `users_roles.selecttype` (role_id 2)
* **Available for sub categories** → `users_roles.selectsubtype` (role_id 2)
* **Gopher Radius** → `users_roles.radius` (role_id 2)

## Acceptance

The dashboard Users detail shows every field the production View User page shows, matching field order; categories/sub-categories/radius visible for a Gopher; not-yet-exported fields show the 'Backfill at integration' badge rather than blank.",https://gopherapp.atlassian.net/browse/G40-103
G40-104,Task,Gopher App - Expired Request - Email Update (1st Time Promo Code & Promo Code Already Used),To Do,Lowest,,,John Newbury,request,,2024-06-01T00:14:18.146+0530,2026-07-03T21:44:00.599+0530,"## Goal

When a Requestor's order **expires**, they receive the expired-request email carrying a **""ReDo"" promo** — unless they've already used it:

* Has **not** used ReDo → email **with** the promo code.
* **Has** used ReDo → same email **without** the promo code.

## Decisions (John, 2026-07-03)

* **Shape:** an **update to the existing transactional expired email** (a conditional block) — not a separate drip send. Stays transactional (`support@`, no unsubscribe), dispatcher **type 17**.
* **ReDo mechanics:** **100% of Gopher fees waived → $0 fees on the next request, redeemable once per account.**
* **Timing:** ""not in play until we start the Drip Campaign"" — build now, ship behind an activation flag.

**▶ Full developer handoff:** `docs/handoff/G40-104-expired-redo-promo.md` · impl detail: `Documentation/SMS:Emails/impl-expired-redo-promo-G40-104.md`

## ✅ Done (front-end) — `SMS:Emails/gopher-email-expired.html`

Conditional **ReDo promo card** authored directly above the ""Relist your request"" CTA, using the email's own design tokens (mint card, navy/green): eyebrow → **""Your next request is fee-free.""** → ""Relist with code **ReDo** and we'll waive every Gopher fee — you pay **$0 in fees**. One-time, our treat."" → dashed **ReDo** chip. Commented with the render rule (shown only when the requestor hasn't redeemed ReDo; suppressed after). Verified in-browser; screenshot shared. Preview shows the block-present state; redeemed state = same email without the block.

## 🔧 To build (developer) — no new promo infra needed; reuses the `coupons` model

1. **Create the ReDo coupon** (`coupons` row): `code:'ReDo'`, `applies_to:'requestor'`, `type:'percentOff'`, `value:100`, `reduces:'gopherFee'`, `once_per_acct:true`, `duration:'once'`, `active:true`, `redeem_by:<campaign end>`. Existing `verify_coupon_use` → `get_discounted_rate` already zeroes the fee.
2. **Gate** — reuse the `once_per_acct` pattern in `controllers/order/coupon.js:50-55`: `SELECT id FROM orders WHERE coupon_id=:redo AND requestor_id=:user` → row exists ⇒ suppress block.
3. **Fire point** — expiry cron `middleware/crons.js:259` & `:278` (`send_mail(17, …)`): compute `showReDo`, pass `showReDo` + `redoCode` into `email_data` (second query must also select `o.requestor_id`).
4. **Template** — port the rebranded `gopher-email-expired` markup to the type-17 view (`lib/sendEmail.js:44`) and wrap the card in `<% if (showReDo) { %> … <% } %>`.
5. **Activation flag** — gate on `EXPIRED_REDO_ENABLED` (flip at drip-campaign go-live).

## Acceptance criteria

1. Expired email shows the **ReDo** code when the requestor has not used it; **omits** it once redeemed (once per account).
2. ReDo applies **100% off the Gopher fee** ($0 fees) on the next request.
3. Delivered as the transactional expired email (type 17), not a new drip send.
4. Not active until the drip campaign begins (activation flag).

",https://gopherapp.atlassian.net/browse/G40-104
G40-107,Task,Both apps — App-store review pre-prompt for engaged users (Request: ≥5 completed + opens History; Go: ≥7 completed in 7 days),In Progress,Lowest,,John Newbury,Akshay,spine,,2023-03-29T13:55:29.407+0530,2026-07-03T07:52:40.251+0530,"## Goal

Nudge engaged, happy users to leave a store review at a positive moment, using the **platform-native** review APIs (iOS `SKStoreReviewController`, Android Play In-App Review `ReviewManager`). A **branded pre-prompt gate** is shown first (“Rate us / Not now”); only on **Rate us** does the app call the native API — so we ask in our own voice and keep the native prompt for users who opt in. Applies to **both apps** (Request + Go).

> **Eligibility rewritten (John, 2026-07-02) — replaces the old 3-in-a-row + all-5-star logic:**
>
> * **Gopher Request (Requestor):** eligible when a user with **≥ 5 completed requests** opens **Request History**; the pre-prompt shows there.
> * **Gopher Go (Gopher):** eligible after **≥ 7 completed requests within a rolling 7-day window** — the real trigger fires **post-completion** when that threshold is crossed.
> 

**▶ Full developer handoff:** `docs/handoff/G40-107-review-prompt.md`

## ✅ Done (front-end, verified in-browser)

* **Request web** (`Final/gopher-request.html`): branded `#reviewPromptOverlay` gate wired to open when **Request History** (`showSection('previous')`) opens and the user has **≥5 completed** requests; once per session. Copy: “Enjoying Gopher? … a quick App Store rating helps your neighbors find us.”
* **Gopher Go** (`Final/gopher-go.html`): branded `#goReviewOverlay` gate (dark theme) gated on a **≥7-completed-this-week** eligibility stub (dev replaces with the server’s rolling-7-day count); once per session. Copy: “Enjoy earning with Gopher Go? …”
* Both: **Rate us** swaps to a thank-you panel marking the native-API call seam; **Not now** dismisses. Demo helper `__previewReviewPrompt()`. Verified: gate fires only when eligible, once-guard holds, correct per-app copy + live counts, **zero console errors**; screenshots captured.

## 🔧 To build (developer / backend + native)

* **Native call** on Rate us: iOS `SKStoreReviewController.requestReview()` (scene-based on iOS 14+); Android Play In-App Review `ReviewManager`. OS renders its own prompt + enforces its own rate limit (iOS ≤ 3 / 365 days). **Do not track** the outcome — the APIs don’t expose it.
* **Server eligibility:** Request → lifetime completed-count ≥ 5; Go → rolling-7-day completed-count ≥ 7, computed post-completion, exposed as a `should_prompt_review` flag (replaces the Go stub).
* **Trigger wiring:** Request → on History open when eligible; Go → **after an order completes** when the 7-in-7 threshold is crossed (the prototype uses history-open only because a static page has no live completion event).
* **Feature flag** around the whole feature for rollback.

## Acceptance criteria

1. **Request:** a Requestor with ≥ 5 completed requests opens Request History → the branded pre-prompt appears (once). On **Rate us** the app calls the native review API.
2. **Go:** a Gopher reaches ≥ 7 completed requests within 7 days → after that completion the branded pre-prompt appears. On **Rate us** the app calls the native review API.
3. **Native only:** no custom prompt bypasses the native APIs; the OS shows its own UI and enforces its own frequency limit.
4. **No tracking:** the app does not record whether the user left a review.
5. **Feature-flagged:** the whole feature can be toggled off.

_Superseded: the previous 3-consecutive-completions + only-5-star-ratings-given eligibility and its acceptance scenarios are obsolete._",https://gopherapp.atlassian.net/browse/G40-107
G40-108,Task,Gopher Request — Send automated 48-hour check-in email to Requestor when a scheduled request is still un-accepted,In Progress,Low,,John Newbury,John Newbury,worker,,2023-12-05T03:44:41.153+0530,2026-07-03T19:23:30.125+0530,"## 🧑‍💻 As a

Gopher Request operations system,

## 🎯 I want

to send an automated 48-hour check-in email to a Requestor whose scheduled request is still un-accepted,

## ✅ So that

the Requestor knows we are still working on finding them a Gopher, and — if they no longer need the service — has a one-tap path to cancel the request rather than letting it sit live indefinitely.

---

## 💡 Context / Background

* A request that reaches the 48-hour mark un-accepted is, in practice, always a **scheduled** request — on-demand requests resolve (or expire) on a much shorter timeline.
* This email is a customer-care touchpoint: it reassures the Requestor that the platform is still actively trying to match them, and gives them a clear off-ramp if they have moved on (booked elsewhere, no longer need the service, etc.).
* The cancel path in the email uses the **existing deep link** into the Gopher Request app for that specific request, so the user lands directly on the request's cancel flow.

---

## ✅ Expected Behavior

* **Trigger:** 48 hours after request **submission**, evaluated continuously.
* **Gate:** the email is sent **only if** the request is still active and un-accepted at the 48-hour mark.

    * If the request has been accepted, completed, or cancelled before 48 hours have elapsed, **no email is sent**.
    
* **Recipient:** the Requestor's email address on file for the account that submitted the request.
* **Channel:** email only (no SMS, no in-app notification as part of this ticket).
* **One-time:** each request triggers at most one 48-hour check-in email — no repeats.
* **Cancel link:** uses the existing Gopher Request app deep link that opens the specific request and routes the user to its cancel flow.

---

## 📧 Email Content (draft — confirm against existing email template style)

* **From:** the standard Gopher Request system address (e.g., `admin@gophergo.io` or whatever the existing email-from is for system messages).
* **To:** Requestor's email on file.
* **Subject:** Still need a Gopher? We're on it.

**Body (draft):**

Hi \[First Name\],

We're still working on matching you with a Gopher for your scheduled request. Sometimes scheduled requests take a little longer to find the right fit.

If you still need help, no action is needed — we'll keep working on it.

If your plans have changed and you no longer need a Gopher, you can cancel your request here:

\[**Open request in app**\] → _deep-link to the specific request's cancel flow in the Gopher Request app_

Thanks for using Gopher.

_— The Gopher Team_

---

## 🧪 Acceptance Criteria

**Scenario 1 — Email sent at 48 hours when request is still un-accepted**

* **Given** a scheduled request was submitted exactly 48 hours ago and is still in an active, un-accepted state,
* **When** the 48-hour check-in job runs,
* **Then** the check-in email is sent to the Requestor's email on file.

**Scenario 2 — No email if accepted before 48 hours**

* **Given** a request was accepted by a Gopher before the 48-hour mark,
* **When** the 48-hour check-in job evaluates that request,
* **Then** no email is sent.

**Scenario 3 — No email if cancelled before 48 hours**

* **Given** a request was cancelled before the 48-hour mark (by the Requestor or by an admin),
* **When** the 48-hour check-in job evaluates that request,
* **Then** no email is sent.

**Scenario 4 — No email if completed before 48 hours**

* **Given** a request was completed before the 48-hour mark,
* **When** the 48-hour check-in job evaluates that request,
* **Then** no email is sent.

**Scenario 5 — One email per request, ever**

* **Given** a request has already received its 48-hour check-in email,
* **When** the job runs again for that request,
* **Then** no additional email is sent — the check-in is a one-time send per request.

**Scenario 6 — Cancel link deep-links to the correct request**

* **Given** the Requestor receives the check-in email,
* **When** the Requestor taps the cancel link on a device with Gopher Request installed,
* **Then** the app opens to the specific request's cancel flow, not the home screen and not a different request.

**Scenario 7 — Email is sent from the standard system sender and lands in inbox**

* **Given** the email is generated,
* **When** it is dispatched,
* **Then** it is sent from the standard Gopher Request system email address and successfully delivers to the Requestor's inbox (passes SPF/DKIM, not flagged as spam in routine testing).

---

## 📐 Business Rules

* The 48-hour timer is anchored to **request submission**, not to the start of broadcasting (in case those can differ).
* The check-in email is sent **at most once** per request, regardless of subsequent state changes.
* The email only sends if the request is **active and un-accepted** at the moment of evaluation.
* The cancel link in the email **must** use the existing Gopher Request app deep link for that specific request — do not introduce a new web cancel flow.
* The email is **email-only** — no SMS or in-app duplication is in scope for this ticket.
* This is **not** part of a multi-step nurture sequence — it is a single check-in. (The original ticket's ""Step 1"" phrasing was an error.)

---

## 🔎 Implementation Considerations

* The 48-hour check requires either a scheduled job (e.g., hourly cron evaluating requests submitted \~48 hours ago) or per-request scheduled task created at submission time. Either approach is acceptable; the per-request scheduled task is more precise but adds operational overhead.
* A `48h_checkin_sent_at` (or similar) flag on the request record is needed to enforce the one-time send rule.
* The deep link should follow the existing format the app already supports for opening a specific request — reuse, don't reinvent.
* If the Requestor's email on file is missing or invalid, log the failure and move on. Do not block the request.

---

## 🧪 QA Notes

* Submit a test request, fast-forward (or test-data manipulate) `submitted_at` to 48+ hours ago, run the check-in job, and confirm the email is sent.
* Repeat the above for a request that was accepted, cancelled, or completed before 48 hours — confirm no email is sent in each case.
* Run the check-in job twice against the same request and confirm only one email is sent.
* Tap the cancel link in the delivered email and confirm the Gopher Request app opens to that specific request's cancel flow.
* Test on both iOS and Android device email clients (Gmail, Apple Mail, Outlook) to confirm the deep link behaves correctly on each.
* Confirm the email passes basic deliverability (SPF/DKIM, not flagged as spam on standard inboxes).

---

## 🧠 Dependencies / Notes

* This ticket depends on the existing deep-link mechanism that opens the Gopher Request app to a specific request's cancel flow. If that deep link does not exist yet, that is in scope as a prerequisite.
* The system sender address and basic transactional email infrastructure are assumed to exist already (used elsewhere in the platform).

",https://gopherapp.atlassian.net/browse/G40-108
G40-110,Task,Major Release - Requestor - Gopher Subscription,To Do,Lowest,,,John Newbury,"needs-info,pay",,2023-12-26T22:17:33.492+0530,2026-06-09T04:55:29.535+0530,Details soon…,https://gopherapp.atlassian.net/browse/G40-110
G40-113,Task,"Active Admin — Capture Yes/No ""Suggested Offer Used"" on Delivery and Ride orders and surface in the Orders report + order detail view",In Progress,Low,,John Newbury,Shaun Pack,spine,,2024-11-08T18:39:11.590+0530,2026-07-03T21:06:56.156+0530,"## 🧑‍💻 As a

Gopher operations team analysing pricing behaviour,

## 🎯 I want

the Orders report and order detail view in the Admin Panel to record whether each Delivery or Ride request used the Suggested Offer Assistance pricing flow,

## ✅ So that

we can validate — with real data — whether the suggested-pricing feature is materially influencing Requestor pricing decisions and whether to invest further in it.

---

## 💡 Context / Background

* When a Requestor submits a Delivery or Ride request, they are shown the **Suggested Offer Assistance** modal containing a Low → Fair → Generous slider with a system-suggested amount.
* From that modal, the Requestor can either tap **SUBMIT** — which submits the request at whatever value the slider is currently on — or tap **BACK** to exit and enter their own price through a different flow.
* Today we have no way to distinguish, in our data, which Requestors submitted _through_ the Suggested Offer Assistance modal versus those who entered pricing through another path.
* Without that signal, we cannot answer the strategic question: is the pricing assistant actually influencing Requestor behaviour?

---

## ✅ Expected Behavior

* For every **Delivery** and **Ride Sharing** request submitted after this feature ships, capture a `suggested_offer_used` flag on the order record:

    * **Yes** — the Requestor submitted the request by tapping **SUBMIT** on the Suggested Offer Assistance modal (regardless of where they had moved the slider within the Low–Generous range).
    * **No** — the Requestor submitted the request through any other path (e.g., backed out of the assistance modal and entered a price elsewhere, or never opened the assistance modal).
    
* Surface this value in two places in the Admin Panel:

    * As a **new column** in the report generated from the **Orders** view (filterable / sortable / exportable).
    * As a **""Suggested Offer Used: Yes/No""** field on the **Order # detail view**.
    
* The flag is captured **going forward only** — existing orders submitted before this ships remain `null` / blank and are not back-filled.
* Request types other than Delivery and Ride Sharing are out of scope for this release — the field should be `null` / blank for those.

---

## 📊 Data Model (sketch)

* **Field name:** `suggested_offer_used` (or your existing naming convention equivalent).
* **Allowed values:** `true`, `false`, `null`.
* **Set to** `true` when: the request was submitted via the Suggested Offer Assistance modal's SUBMIT button.
* **Set to** `false` when: a Delivery or Ride request was submitted through any other path.
* **Set to** `null` when: the request is not a Delivery or Ride request, OR the order existed before this feature shipped (no backfill).
* **Immutable:** value is written once at submission and never changes thereafter.

---

## 🧪 Acceptance Criteria

**Scenario 1 — Submit via Suggested Offer Assistance = Yes**

* **Given** a Requestor is creating a Delivery or Ride request,
* **When** they tap **SUBMIT** on the Suggested Offer Assistance modal (whether or not they moved the slider),
* **Then** the order record's `suggested_offer_used` value is `true` and displays as **Yes** in the Admin Panel.

**Scenario 2 — Back out of the modal then submit elsewhere = No**

* **Given** a Requestor opens the Suggested Offer Assistance modal,
* **When** they tap **BACK** and then submit the request through a different pricing path,
* **Then** the order record's `suggested_offer_used` value is `false` and displays as **No** in the Admin Panel.

**Scenario 3 — Never open the modal = No**

* **Given** a Requestor creates a Delivery or Ride request and never opens the Suggested Offer Assistance modal,
* **When** they submit the request,
* **Then** the order record's `suggested_offer_used` value is `false` and displays as **No** in the Admin Panel.

**Scenario 4 — Non-applicable request types are null**

* **Given** a Requestor submits a request that is not Delivery or Ride Sharing,
* **When** the order record is created,
* **Then** `suggested_offer_used` is `null` / blank — the column displays empty for that row.

**Scenario 5 — Historic orders are not backfilled**

* **Given** the feature has shipped,
* **When** an admin opens the Orders report or any order detail view for an order submitted before the feature shipped,
* **Then** `suggested_offer_used` is `null` / blank for that order — no value has been inferred or backfilled.

**Scenario 6 — Admin Panel column visibility and filter**

* **Given** the feature has shipped,
* **When** an admin generates the Orders report,
* **Then** a new column named **Suggested Offer Used** is present and the report can be filtered, sorted, and exported on that column.

**Scenario 7 — Admin Panel order detail visibility**

* **Given** the feature has shipped,
* **When** an admin opens any individual order's detail view,
* **Then** a **Suggested Offer Used: Yes/No** field is visible (or blank for non-applicable orders).

**Scenario 8 — Value is immutable after submission**

* **Given** an order has been submitted with a `suggested_offer_used` value,
* **When** any subsequent change is made to the order (status changes, completion, cancellation, etc.),
* **Then** the `suggested_offer_used` value remains unchanged from what was set at submission.

---

## 📐 Business Rules

* `suggested_offer_used = true` **only** when the request was submitted via the Suggested Offer Assistance modal's SUBMIT button. Slider position at submission is irrelevant — anywhere within Low–Generous still counts as Yes.
* The flag applies **only** to Delivery and Ride Sharing requests in this release. All other request types: `null`.
* **No backfill.** Orders submitted before this feature ships remain `null` and are never inferred.
* The flag is set **once, at submission**, and is immutable thereafter.
* The flag must be visible in **both** the Orders report (as a filterable column) **and** the order detail view (as a Yes/No field).

---

## 🔎 Implementation Considerations

* The submission path that triggers `true` is specifically the SUBMIT button on the Suggested Offer Assistance modal — that is the only signal needed; do not also try to detect slider movement, time on screen, etc.
* Capture should happen server-side at the request submission API, not client-side only — the API call needs to receive an explicit indicator of which submission path was used.
* If future request types are added to the suggested-pricing flow, the same field should be reused rather than introducing a parallel field per request type.
* Recommend exposing this in any existing analytics or BI export pipeline that already pulls from the Orders table, so downstream reporting picks it up automatically.

---

## 🧪 QA Notes

* Submit a Delivery request via the SUBMIT button on the Suggested Offer Assistance modal — confirm `suggested_offer_used = Yes` in both the Orders report column and the order detail view.
* Submit a Delivery request after tapping BACK out of the modal — confirm `suggested_offer_used = No`.
* Submit a Delivery request without ever opening the modal — confirm `suggested_offer_used = No`.
* Repeat all three above for Ride Sharing.
* Submit a non-Delivery, non-Ride request — confirm `suggested_offer_used` is blank in both views.
* View an order created before this feature shipped — confirm the field is blank (no backfill).
* Generate the Orders report and confirm the new column is present, filterable, sortable, and included in any export.
* Take an order with `Yes` set and run it through status transitions (accepted, completed, cancelled) — confirm the value remains `Yes` throughout.

---

## 🧠 Dependencies / Notes

* This ticket depends on the existing Suggested Offer Assistance modal being live for Delivery and Ride Sharing. Reference screenshot of the modal is attached to this ticket.
* The Orders report and order detail view in the Admin Panel are assumed to exist already — this ticket adds one column and one field, not a new view.
* This is purely a capture-and-display ticket; no behavioural change to pricing or to the Requestor's experience is in scope.

",https://gopherapp.atlassian.net/browse/G40-113
G40-116,Task,Gopher App - Submitting A Request - Age-Restricted Mandatory ID Submission During Request Creation,To Do,High,,,John Newbury,age,,2024-11-10T21:21:53.458+0530,2026-06-09T01:22:30.708+0530,"Waiting until new UI/UX

We will require an ID for all age-restricted deliveries.

Under 21 = no age-restricted requests or visibility to the option

Between 21 and 30 years old requires TrustShield verification prior to submitting. Flow doesn’t change.

Over 30 requires new ID submission at request creation. Confluence will outline flow. ID can be saved for future use

<custom data-type=""smartlink"" data-id=""id-0"">https://www.figma.com/design/g7DWLbI86O6SqiwITY7jeL/%E2%9C%8F%EF%B8%8F-Gopher-UI_UX?node-id=93-8318</custom> ",https://gopherapp.atlassian.net/browse/G40-116
G40-122,Task,AI - Machine Learning Enhancement to Suggested Pricing,To Do,Lowest,,,John Newbury,pay,,2025-01-27T21:43:54.243+0530,2026-07-03T22:06:00.642+0530,"## Goal

Enhance the **suggested-pricing** algorithm (currently a static function of COGS only) to factor in demand/context signals.

**Add:** Day of week · Time of day · Google-recognized holidays · for **""Gopher can purchase from anywhere""** requests, distance from pickup to drop-off.

**Nature:** backend/pricing — **developer-only** (pricing logic fenced from AI edits). This ticket is groomed to a zero-discovery spec.

**▶ Full spec:** `docs/handoff/G40-122-smart-pricing-ml-enhancement.md`

## Current algorithm (the seam)

`controllers/order/create.js` → `get_smart_price` (\~lines 156-186). Takes only `service_cost` (sc):

```
base = 10.0; multiplier tiered by sc (0.10–0.20 for sc≥25; 0 below)
suggested_offer = base + multiplier * sc
```

Only input is COGS. _(Incidental:_ `sc===50` falls through to multiplier 0 — use `>=50`; `sc<25` returns flat $10.)

## Near-term deterministic design (ship before the model)

```
core         = base + multiplier(sc) * sc
demandFactor = dowFactor * todFactor * holidayFactor   // config lookup tables
distanceComp = isShopAnywhere ? perMileRate * miles(pickup,dropoff) : 0
suggested_offer = round(core * demandFactor + distanceComp)
```

* **dow/tod** — tuned lookup tables (weekend/evening higher).
* **holiday** — Google Calendar ""US Holidays"" (or holidays lib), cached yearly.
* **distance** — Google Maps Distance Matrix (Maps already integrated, RFP Annex §3), pickup→dropoff, shop-anywhere type only.
* **New inputs to** `get_smart_price`: `requested_at` (→ dow/tod), request type/category (→ isShopAnywhere), pickup+dropoff coords (→ miles). Today it only receives `service_cost`.

## ML path (AI-Inclusion epic G40-3)

Log each suggestion (features) with the realized **accepted offer** + time-to-accept (sources: `orders`, `orders_cogs.original_offer/original_cost`; or a new `pricing_suggestions` log). Train sc/dow/tod/holiday/distance/geo/category → accepted-offer; serve behind the same endpoint.

## Acceptance criteria

1. Suggestion factors day-of-week, time-of-day, and US holidays (not just COGS).
2. ""Purchase-from-anywhere"" requests add a pickup→dropoff distance component.
3. Logic centralized in `get_smart_price`; client contract unchanged.
4. Suggestions + accepted offers logged for later model training.

",https://gopherapp.atlassian.net/browse/G40-122
G40-135,Bug,Gopher Go - Refer App - Refer Yourself - Isn't Sending App Link With SMS,To Do,High,,,John Newbury,worker,Gopher Go App,2025-04-28T21:07:35.420+0530,2026-06-26T02:11:55.928+0530,"Feature not fully implemented. 

Looks like this:

![](blob:https://media.staging.atl-paas.net/?type=file&localId=null&id=80d9d232-16d6-449b-a7d1-941d009281f4&&collection=&height=213&occurrenceKey=null&width=211&__contextId=null&__displayType=null&__external=false&__fileMimeType=null&__fileName=null&__fileSize=null&__mediaTraceId=null&url=null)
Needs to look like this:

![](blob:https://media.staging.atl-paas.net/?type=file&localId=null&id=7efdb988-3253-4444-9423-25e2ee3091a6&&collection=&height=277&occurrenceKey=null&width=215&__contextId=null&__displayType=null&__external=false&__fileMimeType=null&__fileName=null&__fileSize=null&__mediaTraceId=null&url=null)
",https://gopherapp.atlassian.net/browse/G40-135
G40-137,Task,Gopher Go - Counter-Offer Monthly Credits,In Progress,Low,,John Newbury,John Newbury,worker,,2025-03-20T19:26:40.799+0530,2026-07-03T22:27:27.540+0530,"To encourage Gophers to accept offers as is, each “Standard” Gopher will have only 5 Counter-Offer credits per month. To encourage Elite+/Elite participation, Gopher Elite+/Elite will have unlimited Counter-Offers.

This will reset at the beginning of every month on the 1st.

<custom data-type=""smartlink"" data-id=""id-0"">https://www.figma.com/design/aRFH8dqUfSHLJTb89VZYNh/Jira-Tickets?node-id=94-11464</custom> ",https://gopherapp.atlassian.net/browse/G40-137
G40-138,Task,"Gopher Go - App Settings - Force ""Allow Always"" for Location Services When Using Gopher Go During A Live Request",To Do,High,,,John Newbury,worker,,2025-02-24T21:14:52.681+0530,2026-06-09T01:18:42.777+0530,"This feature is occurring a step too late in the process. If a Gopher accepts a request, once they start, location services are mandatory. 

We need to make this mandatory when a user signs in, otherwise their location defaults to their address and that might not be proximate to their actual location. ",https://gopherapp.atlassian.net/browse/G40-138
G40-139,Task,Gopher Go - Platform Stability Issue,In Progress,Medium,,John Newbury,John Newbury,worker,,2025-02-24T21:12:42.398+0530,2026-07-03T17:32:16.564+0530,"> 🔧 **DEV-READY HANDOFF — groomed 2026-07-02 (John Newbury).** No prototype build (native-lifecycle behavior); the core logic is already scaffolded + tested. No open questions. Full handoff: `docs/handoff/G40-139-available-tab-instant-refresh.md`.

## 🎯 The real issue (title is vague)

The **Available tab is slow to show new requests** after a push. The feed must refresh **instantly (\~1–2s)** when (a) the app opens via a push notification, (b) it returns to the foreground, or (c) a new-request payload arrives while open — **no** manual pull-to-refresh, **no** full reload/flash, and **no** scroll-position loss.

## 🧩 Core logic already scaffolded + tested (owner)

`G40-Build-Recap.md` → `wave2/g40-139/refreshDecider.js` (+ `useAvailableRefresh.jsx`): _refresh on push-foreground / app-foreground / in-app payload, debounced; hook wires Capacitor lifecycle; preserve scroll._ **Wire the FE to this; don't re-derive.**

## 📱 Developer work (native/FE runtime)

1. Mount `useAvailableRefresh` on the Available tab; drive `refreshDecider` on: **app-foreground-via-push** (iOS AppDelegate/SceneDelegate; Android `onResume`/foreground handler; Capacitor `App` resume + push `pushNotificationReceived`/`ActionPerformed`), **app-foreground-from-background**, and **in-app new-request payload** (foreground push, or a live socket event — confirm the channel is active + triggers the UI update).
2. **Debounce** overlapping triggers to one fetch; do an **incremental** update (no full reload) — preserve scroll, no flash.
3. Replace any polling-interval / tab-focus-only fetch causing the delay.

## 🖼️ Prototype

No build — the static prototype has no push/lifecycle/backend. Visual reference only: the **“Available jobs”** frame in `_prototypes/Go/gopher-go-prototype.html`.

## ✅ Acceptance (from ticket)

Open-via-push → request already visible (no manual refresh); app-open → real-time populate on notification; foreground-no-notification → immediate refetch; visible within **1–2s**; **no UI disruption or scroll loss**; iOS + Android.

---

## 📜 Original ticket (retained)

When a Gopher receives a push for a new available request, the Available tab takes significant time to refresh and show it — in a time-sensitive marketplace, Gophers miss requests. The tab must update immediately on push-open, foreground, or in-app new-request notification. Likely caused by a polling interval / full reload rather than a foreground/notification-triggered fetch. (Full ACs, repro, and QA notes preserved in the handoff doc.)",https://gopherapp.atlassian.net/browse/G40-139
G40-140,Task,AI - Activate Intercom Machine Leaning Feature For Chats,To Do,Lowest,,,John Newbury,spine,,2025-02-19T19:19:35.517+0530,2026-07-03T22:11:49.873+0530,"## Goal

Activate Intercom's AI (ML) answering for chats — learn from existing Intercom conversations plus pre-Intercom email conversations.

**Nature:** Intercom-console activation + knowledge/data ingestion, **not a code build**. Intercom is already SDK-wired in the backend (`lib/intercom.js` — `intercom-client`, `INTERCOM_ACCESS_TOKEN`, contact sync by `externalId`).

**▶ Full spec:** `docs/handoff/G40-140-intercom-ai-activation.md`

## Activation (Intercom workspace)

1. Enable **Fin AI Agent** (or Custom Answers / Resolution Bot per plan tier). Set auto-answer → escalate to human on low confidence.
2. Feed the knowledge sources below.

## Knowledge sources

* **Primary KB — Gopher iQ FAQ store:** `Documentation/Dashboard/iq_faq.json` (**182 curated Q&As**) → import as Intercom Articles / Fin content. The curated brain becomes Fin's answer set.
* **Past Intercom conversations:** Fin learns natively — ensure retention on.
* **Pre-Intercom email conversations:** export via `Dashboard/export_user_messages.py` + historical support email → import as Fin content.
* **In-app chat history:** backend `inbox` / `inbox_users` models → optional pipe to Intercom (only code touchpoint; `lib/intercom.js` already has the client).

## Guardrail

Fin answers must respect the **Gopher iQ moderation policy** (off-platform / foul language, G40-35 / `moderation_rules.json`).

## Dependencies

* Intercom plan tier that includes Fin AI / Custom Answers (per-resolution cost; Intercom is a current integration per RFP Annex §3).
* Data-prep owner to run the export + assemble email history.

## Acceptance criteria

1. Intercom AI answering enabled in the workspace.
2. Trained on the Gopher iQ FAQ set, retained Intercom conversations, and imported pre-Intercom email/chat history.
3. Low-confidence queries escalate to a human.
4. AI replies respect the Gopher iQ moderation policy (G40-35).

",https://gopherapp.atlassian.net/browse/G40-140
G40-142,Task,Gopher App - Active Request - Enhance Ride Sharing Info,In Progress,Medium,,John Newbury,John Newbury,request,,2025-01-31T20:29:35.963+0530,2026-07-03T07:29:57.856+0530,"> 🟢 **FRONT-END BUILT + browser-verified — 2026-07-02 (John Newbury).** Only the backend seam remains. Full handoff: `docs/handoff/G40-142-ride-vehicle-info.md`. Component: `docs/handoff/vehicle-card-component.html`.

## ⚠️ SPEC CHANGE (John, 2026-07-02) — real photos, no image API

The vehicle photo is now a **real photo the Gopher takes of their actual car — FRONT and BACK** — uploaded in Gopher Go → **Work Settings & Radius**. The requester sees those on the active ride screen. This **removes** the paid vehicle-image API (EVOX / CarsXE / VinAudit / CarImagery) and the ""auto-generate a representative photo from Year/Make/Model/Color"" mechanism from the original ticket. NHTSA Year/Make/Model dropdowns remain optional. **Organize it neatly** (done — see below).

## 🚗 What the rider sees

When a Gopher accepts a **Need A Ride** request, the requestor's active screen shows a neat “Look for this vehicle” card below the assigned Gopher: **front + rear car photos (tap to zoom)**, **Year/Make/Model**, **Color** (with swatch), **plate**, and the existing **message** button. Ride requests only; only after accept.

## 🛠️ What was BUILT (front-end)

* **Driver side —** `Final/gopher-go.html` Work Settings & Radius (already existed): the “Ride sharing info” section captures Make/Model/Year/Color/Max-pax/Plate/License/State + **Front (head-on)** and **Rear (plate visible)** photo uploaders with an “on file ✓” state. Matches the real-photo model — no change needed.
* **Requestor side —** `Final/gopher-request.html` (new): shared `window.__vehicleCard(v)` component injected (markers `GOPHER-VEHICLE-COMPONENT (G40-142) START/END`); rendered in `renderRequestDetail` → `cardFor`, **gated on** `category === 'ride'`. Photo tap-to-zoom **reuses the G40-101 receipt viewer**. Added an in-progress ride demo (**GR-00131**, RDU airport pickup, Sarah R. Elite+) with vehicle data so the card is demoable. Browser-verified: renders “2022 Toyota Camry”, Silver swatch, plate HXR-4471, front+rear photos, zoom works.

## 🔌 What the DEVELOPER wires (backend — only remaining work)

1. Store the **front + rear photo URLs** on the driver profile when uploaded in Work Settings (same image-upload path as profile/credential photos).
2. On **ride accept**, return `frontPhoto, rearPhoto, year, make, model, color, plate` on the accepted worker → the active screen renders `__vehicleCard(v)`. Null photo → demo car shows; pass real URLs and the demo generator never runs.
3. **Message button** already wired to existing in-app messaging (crew-card Text → `openInboxThread`) — nothing new.
4. (Optional) NHTSA `vpic.nhtsa.dot.gov/api` for standardized YMM dropdowns (free, no key).

## ✅ Acceptance mapping

| # | Scenario | Status |
| --- | --- | --- |
| 1 | Gopher registers vehicle + real front/back photos at setup | **Built** (Work Settings ride-sharing info) |
| 2 | Vehicle photos + YMM + color shown to rider after accept | **Built** (active-screen vehicle card) |
| 3 | Message button on ride active screen | **Built** (existing Text button) |
| 4 | Vehicle info only for Need A Ride | **Built** (gated on `category==='ride'`) |
| — | ~~Auto-generate photo via image API~~ | **Removed** — real front/rear photos instead |

---

## 📜 Original ticket (2025 — retained; image-API approach now superseded)

When a Gopher accepts a Need A Ride request, the Requestor's active screen should show enhanced vehicle info (photo, color, YMM) + in-app messaging, Uber-style, so the rider can identify the car. _(Original approach sourced the photo from a vehicle-image API keyed on Year/Make/Model/Color at driver setup — superseded 2026-07-02 by real Gopher-taken front/back photos per the spec change above.)_ Figma: https://www.figma.com/design/aRFH8dqUfSHLJTb89VZYNh/Jira-Tickets?node-id=94-11490",https://gopherapp.atlassian.net/browse/G40-142
G40-143,Task,Both apps — Block sign-ups that match an admin-deactivated account on 2+ of Name/DOB/Address and route to support,To Do,Low,,,John Newbury,spine,,2025-01-30T20:55:32.598+0530,2026-06-09T01:10:18.250+0530,"## 🧑‍💻 As a

Gopher trust & safety system protecting the platform from deactivated users returning under new credentials,

## 🎯 I want

to block new sign-ups whose identity matches a previously admin-deactivated user on at least 2 of 3 identity fields (Name, DOB, Address),

## ✅ So that

previously banned users cannot evade the ban simply by using a new Google Voice phone number and a fresh email address.

---

## 💡 Context / Background

* The existing duplicate-prevention logic already blocks sign-ups that reuse a known phone number or email — those mechanisms are out of scope for this ticket and continue to operate as today.
* The **evasion pattern this ticket targets**: deactivated users obtain a fresh Google Voice phone number and a new email, then attempt to re-create an account. Phone/email checks miss this because both values are new — but the underlying identity (real name, date of birth, address) is the same.
* This ticket adds an **identity-matching layer** on top of the existing duplicate-prevention logic: at sign-up, compare the new applicant's Name, DOB, and Address against the pool of admin-deactivated accounts. If at least 2 of the 3 fields match a single deactivated account, hard-block the sign-up and route the user to support.

---

## ✅ Expected Behavior

* At sign-up submission on **either app** (Gopher / Gopher Go), the system evaluates the applicant's Name, DOB, and Address against the pool of accounts that an admin has deactivated.
* **Match threshold:** at least **2 of 3** fields must match against the **same** deactivated account (not 2 different fields across 2 different deactivated accounts).
* If the threshold is met:

    * The sign-up is **hard-blocked at submission** — the new account is not created.
    * The applicant is shown a message directing them to **contact support@gophergo.io**.
    * The match event is **logged in the Admin Panel** for support visibility and audit.
    * Only an **admin manually overriding** the block can allow the applicant to proceed.
    
* If the threshold is not met, sign-up continues normally through existing flows.
* Phone number and email are **not** part of this match logic — they continue to be evaluated by the existing duplicate-prevention mechanisms.

---

## 🔍 Matching Rules

| Field | Match precision |
| --- | --- |
| **Name** | **Exact** case-insensitive match on first name + last name. No fuzzy / typo tolerance. |
| **DOB** | **Exact** match on YYYY-MM-DD. |
| **Address** | **Full address including unit number** — normalised street, unit, city, state, zip. _Note: this is a defaulted decision — see Open Questions below._ |
| **Matching pool** | Only accounts deactivated by an admin (admin-initiated bans for cause). Self-deleted accounts and inactive auto-deactivations are **not** in the pool. |
| **Threshold** | At least **2 of 3** fields match against the **same** deactivated account. |
| **Persistence** | The match rule applies **forever** — there is no time-based expiry. The block can only be lifted by an admin. |

---

## 💬 User-Facing Experience (draft — confirm copy)

When the threshold is met at sign-up submission, display a blocking message:

* **Title:** Account Cannot Be Created
* **Body:** We're unable to create your account at this time. Please contact our support team at **support@gophergo.io** for assistance.
* **Primary action:** Tap-to-email link that opens the user's mail client with `support@gophergo.io` pre-filled in the To field.

The user must **not** be told _why_ they were blocked or which fields matched. Disclosure here would teach evaders exactly how to bypass the check.

---

## 🛡️ Admin Visibility & Audit

* Every match-and-block event must be recorded in an admin-visible log with the following fields:

    * Timestamp of the sign-up attempt.
    * Applicant's submitted Name, DOB, Address, email, and phone number.
    * The matched **deactivated account ID** and the **specific fields that matched** (e.g., Name + DOB).
    * The applicant's IP address and device identifier where available.
    
* The log must be queryable so support can quickly locate the relevant record when an applicant emails in.
* Admins must have the ability to **manually allow** a previously blocked applicant to proceed — either by clearing the block on the matched deactivated account, or by approving the specific applicant.

---

## 🧪 Acceptance Criteria

**Scenario 1 — Two of three fields match → hard block**

* **Given** an applicant submits sign-up details whose Name, DOB, and Address fields produce a 2-of-3 match against a single admin-deactivated account,
* **When** the sign-up is submitted,
* **Then** the account is not created, the applicant sees the blocking message, and a match event is logged in the Admin Panel.

**Scenario 2 — All three fields match → hard block**

* **Given** an applicant matches a deactivated account on all three of Name, DOB, and Address,
* **When** the sign-up is submitted,
* **Then** the same hard-block behaviour applies as Scenario 1.

**Scenario 3 — Only one field matches → sign-up proceeds**

* **Given** an applicant matches a deactivated account on only one field (e.g., shared household address but different name and DOB),
* **When** the sign-up is submitted,
* **Then** the sign-up proceeds normally through existing flows.

**Scenario 4 — Matches split across two different deactivated accounts → sign-up proceeds**

* **Given** an applicant matches deactivated account A on Name and deactivated account B on Address (1 of 3 against each, not 2 of 3 against any single account),
* **When** the sign-up is submitted,
* **Then** the sign-up proceeds normally — the 2-of-3 threshold must be met against the **same** deactivated account.

**Scenario 5 — Self-deleted accounts do not participate in the match pool**

* **Given** a user who self-deleted their account previously attempts to re-create an account with the same identity,
* **When** the sign-up is submitted,
* **Then** the sign-up proceeds normally — self-deletions are not in the matching pool.

**Scenario 6 — Applicant is not told why they were blocked**

* **Given** the blocking message is shown to the applicant,
* **When** the applicant reads the message,
* **Then** the message does not name which deactivated account, which fields matched, or any other detail that would teach evasion.

**Scenario 7 — Admin can manually override**

* **Given** an applicant has been blocked by this rule and contacted support,
* **When** an admin investigates and decides to allow the applicant,
* **Then** the admin can clear the block and the applicant can complete sign-up.

**Scenario 8 — Audit log is created on every block**

* **Given** any sign-up is blocked by this rule,
* **When** the block fires,
* **Then** the Admin Panel records a match event including timestamp, applicant identifiers, matched deactivated account ID, and which fields matched.

**Scenario 9 — Both apps covered**

* **Given** the feature has shipped,
* **When** an applicant attempts sign-up on either Gopher or Gopher Go,
* **Then** the same matching, blocking, and logging behaviour applies.

---

## 📐 Business Rules

* The matching pool consists **only** of accounts that an admin has deactivated for cause. Self-deletions and inactivity-based deactivations are excluded.
* The threshold is **2 of 3 fields against the same deactivated account.** Matches that span multiple deactivated accounts do not aggregate toward the threshold.
* **Name** must match exactly (case-insensitive) on first + last. No fuzzy or typo-tolerant matching.
* **DOB** must match exactly.
* **Address** matching defaults to full address including unit number (see Open Questions).
* Phone number and email are **not** part of this rule. The existing duplicate-prevention logic for those fields continues to operate independently.
* The block is **hard** — only an admin can lift it. There is no automatic appeal or time-based unlock.
* The blocking message must not disclose the reason or matched fields to the applicant.
* The audit log must capture every match event for support and compliance.
* This rule applies to **both** apps (Gopher and Gopher Go).

---

## 🔎 Implementation Considerations

* Matching should run **server-side** at the sign-up submission API, never client-side. A client-side check would be trivially bypassable.
* Address normalisation is critical — ""123 Main St Apt 4"" and ""123 Main Street, #4"" should match. Use a standard address-normalisation library or service before comparison; do not rely on raw string equality.
* Name normalisation should strip leading/trailing whitespace and lowercase before comparison.
* The matching query should be indexed on the deactivated-account pool to keep sign-up latency acceptable.
* Consider whether a banned user creating an account that matches but does NOT trigger the 2-of-3 threshold (e.g., changes their DOB by one year) should also create a lower-severity audit event for support pattern-recognition. Out of scope for this ticket but worth flagging.
* Recommend deploying behind a feature flag so the block can be toggled off quickly if false-positive rates exceed support capacity.

---

## ⚠️ Open Question Still to Resolve

* **Apartment unit handling.** The current default is to match on the full address **including unit number**. The trade-off:

    * **Including unit (current default):** fewer false positives in apartment buildings and shared housing, but easier to evade by changing the unit number.
    * **Excluding unit (street + city + zip only):** harder to evade, but creates false positives for unrelated residents at the same building / complex.  
      Please confirm or override.
    

---

## 🧪 QA Notes

* Create a test admin-deactivated account with known Name, DOB, and Address.
* Attempt sign-up with all three matching — expect hard block + audit log + support message.
* Attempt sign-up with two of three matching — expect hard block.
* Attempt sign-up with one of three matching — expect normal sign-up to proceed.
* Attempt sign-up where matches split across two different deactivated accounts — expect normal sign-up to proceed.
* Create a self-deleted account with matching identity and attempt sign-up — expect normal sign-up to proceed.
* Verify the blocking message does not reveal any matched fields or account identifiers.
* Verify the audit log captures all required fields after each block.
* Have an admin lift a block and verify the applicant can complete sign-up.
* Test on both apps (Gopher and Gopher Go) and on both iOS and Android.
* Test with address variations (different formatting, extra whitespace, mixed casing) to confirm normalisation works.

---

## 🧠 Dependencies / Notes

* Depends on the existing admin deactivation flow producing a queryable record of deactivated accounts with the relevant identity fields. If those fields are not currently captured on deactivation, that work is in scope as a prerequisite.
* Depends on an address-normalisation capability — if one does not exist in the codebase, picking and integrating one is in scope.
* This rule sits alongside, not on top of, the existing phone and email duplicate-prevention logic. All three checks should run at sign-up; failing any one blocks the sign-up.
* Consider a follow-up ticket to expose the audit log as a dashboard or report so support can review patterns over time.

",https://gopherapp.atlassian.net/browse/G40-143
G40-147,Bug,"Both Apps - Account - My Profile - User Changing Email Address To An Existing Email Address Is Reporting ""Network Error"" Instead of ""That email is already in use""",To Do,Low,,,John Newbury,spine,"Gopher App (Requestor),Gopher Go App",2025-07-08T19:04:03.285+0530,2026-06-26T02:12:02.146+0530,"Need to replace general error message with specific. ""That email is already in use""",https://gopherapp.atlassian.net/browse/G40-147
G40-154,Bug,Both Accounts - Minimum Age To Sign Up Is 16,In Progress,Medium,,John Newbury,John Newbury,spine,,2025-07-20T00:40:54.863+0530,2026-07-03T21:04:35.197+0530,"Both apps currently allow users of any age to complete the sign-up flow. A minimum age of 16 must be enforced during account creation. Users who are under 16 must be blocked from creating an account with a clear, friendly message explaining the age requirement.

## 🧑‍💻 As a

platform enforcing minimum age requirements,

## 🎯 I want

to prevent any user under the age of 16 from completing account registration on either app,

## ✅ So that

the platform complies with its minimum age policy and underage users cannot access the marketplace.

## 💡 Context / Background

* The sign-up flow currently collects a date of birth but does not enforce a minimum age gate — users of any age can complete registration.
* The minimum age to create an account on either app is 16.
* When a user enters a date of birth that indicates they are under 16, account creation must be blocked immediately with a clear message.
* This applies to both the Gopher App (Requestor) and Gopher Go (Gopher).

## 🔁 Steps to Reproduce

1. Open the Gopher App or Gopher Go.
2. Begin the sign-up flow.
3. Enter a date of birth that results in an age under 16.
4. Observe that the sign-up flow continues and the account is created without any age restriction error.

## ❌ Current Behavior

* Users under 16 can complete the sign-up flow and create an account without any restriction
* No age validation or minimum age gate is enforced at sign-up

## ✅ Expected Behavior

* When a user enters a date of birth indicating they are under 16, account creation is blocked
* A clear, friendly message is displayed explaining that users must be at least 16 to create an account
* The user cannot proceed past the date of birth step if they are under 16

## ✅ Acceptance Criteria

### Scenario 1 – User under 16 is blocked from signing up

* **Given** a user enters a date of birth that makes them under 16 years old
* **When** they attempt to proceed past the date of birth step
* **Then** account creation is blocked and a message is displayed: ""You must be at least 16 years old to create an account.""
* **And** the user cannot continue the sign-up flow

### Scenario 2 – User exactly 16 can sign up

* **Given** a user enters a date of birth that makes them exactly 16 years old
* **When** they proceed past the date of birth step
* **Then** the sign-up flow continues normally

### Scenario 3 – User 17 or older can sign up

* **Given** a user enters a date of birth that makes them 17 or older
* **When** they proceed past the date of birth step
* **Then** the sign-up flow continues normally with no age-related block

## ⚙️ Business Rules

* The minimum age to create an account on either app is 16.
* Age validation must be enforced on the backend as well as the frontend — frontend-only validation is not sufficient.
* Age is calculated based on the user’s date of birth relative to today’s date — a user whose 16th birthday is today is eligible.
* This applies to both the Gopher App and Gopher Go.

## 🧠 Dependencies / Notes

* Confirm that date of birth is already collected during sign-up — if not, it must be added as a required field.
* Age validation must be performed on the backend at the time the profile data is submitted, not just on the frontend, to prevent bypass.
* Existing accounts created by users under 16 should be flagged for admin review — confirm with the team whether any remediation of existing under-age accounts is required.

## 🧪 QA Notes

* Enter a DOB that makes the user 15 years old — confirm sign-up is blocked with the correct message.
* Enter a DOB that makes the user exactly 16 today — confirm sign-up proceeds.
* Enter a DOB that makes the user 17 or older — confirm sign-up proceeds normally.
* Attempt to bypass the frontend validation via the API with an underage DOB — confirm the backend also rejects the request.
* Test on both the Gopher App and Gopher Go.
* Test on both iOS and Android.

",https://gopherapp.atlassian.net/browse/G40-154
G40-155,Bug,Gopher App - Favorite Gopher (MY Gopher) Recommendation View In Inbox Issue,In Progress,Medium,,John Newbury,John Newbury,request,,2025-07-20T18:18:15.390+0530,2026-07-03T22:03:54.636+0530,"When a Requestor receives a MY Gopher recommendation inbox message, three issues are present: the View Profile link for recommended Gophers does not open the profile popup modal as intended, the SMS sent to the referred party is missing app download links, and on Android the inbox message cannot be scrolled to reveal all recommended Gophers at the bottom of the list.

## 🧑‍💻 As a

Requestor who has received a MY Gopher recommendation in their inbox,

## 🎯 I want

to be able to view each recommended Gopher’s profile, receive a working SMS with app links, and scroll to see all recommendations,

## ✅ So that

I can fully evaluate each recommended Gopher and the referral experience works end-to-end.

## 💡 Context / Background

* When a Gopher App user uses Refer App → Recommend MY Gopher, the recipient receives an inbox message with a list of one or more recommended Gophers.
* Each recommended Gopher is displayed with their profile picture and a View Profile label to the left.
* Tapping anywhere from the profile picture to the View Profile text should open the standard Gopher profile popup modal — the same format used when viewing bids, interested Gophers, and counter offers.
* The referred party also receives an SMS notification about the recommendation. This SMS is missing the app download links.
* On Android devices, the inbox message list cannot be scrolled, cutting off any Gophers at the bottom of the recommendation list.

## ⚠️ Issue Breakdown

### Bug 1 – View Profile Link Not Functioning

* Tapping the recommended Gopher’s profile picture or the View Profile text in the inbox message does not open the profile popup modal
* The tappable area must span from the profile picture through to the View Profile label
* The profile popup modal that opens must match the format used for viewing bids, interested Gophers, and counter offers

### Bug 2 – SMS Missing App Download Links

* The SMS sent to the referred party when a MY Gopher recommendation is made does not include links to download the apps
* The SMS must include the following deep links:

* **Gopher App (Requestor):** https://api.gophergo.io/api/v1/app/requester
* **Gopher Go:** https://api.gophergo.io/api/v1/app/go

### Bug 3 – Android Scroll Issue (Bottom Gopher Not Visible)

* On Android, the inbox message view containing recommended Gophers cannot be scrolled
* When two or more Gophers are recommended, the bottom Gopher is cut off and inaccessible
* The recommended Gopher list must be scrollable on Android so all recommendations are accessible

## 🔁 Steps to Reproduce

### Bug 1 – View Profile

1. Receive a MY Gopher recommendation inbox message with at least one recommended Gopher.
2. Open the inbox message.
3. Tap the recommended Gopher’s profile picture or the View Profile text.
4. Observe that the profile popup modal does not open.

### Bug 2 – SMS App Links

1. Have a Gopher App user send a MY Gopher recommendation via Refer App.
2. Check the SMS received by the referred party.
3. Observe that no app download links are included.

### Bug 3 – Android Scroll

1. On an Android device, open a MY Gopher recommendation inbox message with two or more recommended Gophers.
2. Attempt to scroll down to see the bottom recommended Gopher.
3. Observe the list does not scroll and the bottom Gopher is cut off.

## ✅ Acceptance Criteria

### Scenario 1 – Tapping a recommended Gopher opens the profile popup modal

* **Given** a Requestor has opened a MY Gopher recommendation inbox message
* **When** they tap the recommended Gopher’s profile picture or the View Profile text
* **Then** the Gopher’s profile popup modal opens in the standard format used for bids, interested Gophers, and counter offers

### Scenario 2 – Referral SMS includes app download links

* **Given** a MY Gopher recommendation has been sent to a referred party
* **When** the referred party receives the SMS
* **Then** the SMS contains links to both the Gopher App (https://api.gophergo.io/api/v1/app/requester) and Gopher Go (https://api.gophergo.io/api/v1/app/go)

### Scenario 3 – Android inbox message is scrollable

* **Given** an Android user opens a MY Gopher recommendation inbox message with multiple recommended Gophers
* **When** they scroll down in the inbox message
* **Then** all recommended Gophers are visible and accessible

## ⚙️ Business Rules

* The tappable area on each recommended Gopher must span from the profile picture to the View Profile text.
* The profile modal opened from the recommendation must match the exact format used elsewhere in the app for Gopher profile views.
* The referral SMS must always include both app download links.
* The recommendation list in the inbox message must be scrollable on both iOS and Android regardless of the number of Gophers listed.

## 🧠 Dependencies / Notes

* Bug 1: Confirm whether the View Profile tap target is missing an onPress handler or whether the profile modal component is not being rendered in the inbox context.
* Bug 2: Update the SMS template for MY Gopher referrals to include both app deep links.
* Bug 3: The Android scroll issue is likely caused by a non-scrollable container wrapping the recommended Gopher list — ensure the list is wrapped in a ScrollView or FlatList with appropriate height constraints.
* Figma design reference: https://www.figma.com/design/aRFH8dqUfSHLJTb89VZYNh/Jira-Tickets?node-id=105-15465

## 🧪 QA Notes

* Open a MY Gopher recommendation inbox message and tap a recommended Gopher’s profile picture — confirm the profile modal opens.
* Tap the View Profile text — confirm the profile modal opens.
* Confirm the profile modal matches the standard format used for bids and interested Gophers.
* Send a MY Gopher recommendation and check the referred party’s SMS — confirm both app links are present and tappable.
* On Android, open a recommendation message with 2+ Gophers — confirm the list scrolls and all Gophers are accessible.
* Test on both iOS and Android.

",https://gopherapp.atlassian.net/browse/G40-155
G40-157,Story,Gopher App - New User Workflow Improvements,In Progress,Medium,,John Newbury,Robert Hazle,spine,"Gopher App (Requestor),Gopher Go App",2025-07-23T00:28:08.860+0530,2026-07-03T22:32:16.652+0530,"**As a** \[Prospective Customer Requesting a service - aka Requestor\],

**I want** \[sign up on the Gopher Request App with ease\],

**So that** \[I’m confident the platform is easy to use\]

‌

**As a** new user,

**I want** to quickly and easily sign up for the app, with an option to demo the app before giving my personal info.

**So that** I can start using the service without confusion or delay.

‌

**Supporting Acceptance Criteria**

These are the **conditions** that must be true for the story to be considered complete:

1. ✅ The sign-up screen is accessible from the home screen.
2. ✅ A demo is available to poke around before committing to signing up.
3. ✅ Users can sign up with phone number/OTP
4. ✅ Users must verify email address via OTP at sign-up conclusion.
5. ✅ Option to resend code if did not receive
6. ✅ Error messages are shown for missing/invalid fields.
7. ✅ A confirmation (e.g. email or SMS) is sent and required for account activation.
8. ✅ After successful sign-up, users are taken to a welcome screen or app tutorial.

",https://gopherapp.atlassian.net/browse/G40-157
G40-159,Story,Deactivated Gophers NOT ALLOWED To Be MyGophers,To Do,Medium,,,Robert Hazle,spine,Gopher App (Requestor),2025-07-23T00:50:09.202+0530,2026-06-15T02:42:54.810+0530,"Any Gopher that has been “barred” from being a Gopher (a user who utilizes the Gopher Go app to complete requests) - typically has been deactivated in the system - should no longer show up as a MyGopher from any all all Gopher lists (when selecting I want to use my specific Gopher).

Once a user is Deactivated, remove that user from all Requestor MY Gopher Lists.

That Gopher will not show up in favorites OR previous in-app messaging conversations.",https://gopherapp.atlassian.net/browse/G40-159
G40-160,Story,Gopher Connect (B2B) Allow for Business To Leverage Gopher Workforce,To Do,High,,,Robert Hazle,connect,Gopher B2B Portal,2025-07-23T01:15:55.152+0530,2026-06-15T02:43:13.825+0530,"A **business user** would need to be able to access the Gopher platform via a web portal to create requests that may be accepted by local gophers. These requests may be for work that the business needs completed and would like to leverage Gopher’s on-demand workforce.

The business user should be able to create the request just as if they were using the mobile app and be notified via email and/or text message that their request has been accepted, countered, or expired.

The business user should see thier requests via the portal and via the mobile app.",https://gopherapp.atlassian.net/browse/G40-160
G40-161,Epic,www.gophergo.io - full site redo (HTMLs all created),To Do,High,,,Robert Hazle,website,Gopher B2B Portal,2025-07-23T01:22:12.401+0530,2026-06-09T04:07:17.838+0530,"Revamp the Gopher Inc. Website ([gophergo.io](http://gophergo.io)) to be replaces by Claude HTMLs. Local file with John Newbury [jnewbury@gophergo.io](mailto:jnewbury@gophergo.io) Will need to replace existing site context. Current is is using Wordpress, element or and hosted via tiger technologies. Build and ship the front end for the rebuilt <custom data-type=""smartlink"" data-id=""id-0"">http://gophergo.io</custom> , implementing the Request and Connect front ends from the prepared HTMLs. Replaces the existing site.",https://gopherapp.atlassian.net/browse/G40-161
G40-164,Bug,Both Apps - Submitted and/or Active Request - In-App Messaging Not Being Documented In Active Admin Panel,To Do,Medium,,,John Newbury,spine,,2025-07-24T18:28:32.061+0530,2026-06-09T01:10:15.527+0530,"Discovering that some in-app messaging is not being registered in the Active Admin Panel. 

The below messaging occurred during order 45039, however there is no record of it. 

Makes it difficult to intervene during a customer service conversation when Gopher, Inc cannot see the correspondence. 

![](blob:https://media.staging.atl-paas.net/?type=file&localId=null&id=910aae99-6f9b-4890-b3ad-576bea50f0f3&&collection=&height=704&occurrenceKey=null&width=322&__contextId=null&__displayType=null&__external=false&__fileMimeType=null&__fileName=null&__fileSize=null&__mediaTraceId=null&url=null)
",https://gopherapp.atlassian.net/browse/G40-164
G40-165,Bug,Gopher Go - Available Request View - Remove Customer Apt #,To Do,Medium,,,John Newbury,worker,,2025-07-28T00:26:48.989+0530,2026-06-09T01:18:41.869+0530,"The Gopher Go Available tab is exposing the customer’s apartment or unit number to Gophers before a request has been accepted. The platform already hides the physical street address numbers prior to acceptance for privacy. The apartment/unit number must follow the same rule and be hidden until the request is accepted. This applies to all request types.

## 🧑‍💻 As a

platform protecting Requestor privacy,

## 🎯 I want

the customer’s apartment or unit number to be hidden from Gophers on the Available tab until they have accepted the request,

## ✅ So that

the Requestor’s specific unit details are not exposed to Gophers who have not been entrusted with fulfilling their request.

## 💡 Context / Background

* The platform already hides the physical street address numbers (e.g. house number or building number) from Gophers on the Available tab until a request is accepted.
* The apartment or unit number is a more specific piece of identifying information and must be subject to the same privacy restriction.
* Currently, the apartment/unit number is visible to all Gophers browsing available requests before acceptance.
* This applies to all request types across Gopher Go.

## 🔁 Steps to Reproduce

1. Log in to Gopher Go as a Gopher.
2. Navigate to the Available tab.
3. Open any available request where the Requestor has entered an apartment or unit number.
4. Observe that the apartment/unit number is visible before acceptance.

## ❌ Current Behavior

* The customer’s apartment or unit number is visible to all Gophers on the Available tab before a request is accepted
* The street address numbers are already correctly hidden, but the unit/apt number is not

## ✅ Expected Behavior

* The apartment or unit number is hidden from Gophers on the Available tab before acceptance
* Once a Gopher accepts the request, the full address including the apartment/unit number is revealed
* This behavior is consistent across all request types

## ✅ Acceptance Criteria

### Scenario 1 – Apt/unit number is hidden before acceptance

* **Given** a Gopher is browsing available requests
* **When** they view a request where the Requestor has entered an apartment or unit number
* **Then** the apartment or unit number is not visible

### Scenario 2 – Full address including apt/unit is revealed after acceptance

* **Given** a Gopher has accepted a request
* **When** they view the request details
* **Then** the full address including the apartment or unit number is displayed

### Scenario 3 – Applies to all request types

* **Given** any request type (Delivery, Need A Ride, Service, etc.) where an apt/unit number is entered
* **When** a Gopher views the request before accepting
* **Then** the apt/unit number is hidden

## ⚙️ Business Rules

* The apartment or unit number must be treated as private address information and hidden from Gophers until a request is accepted.
* This rule applies consistently to all request types and all address fields — street number and unit/apt number are both hidden pre-acceptance.
* The full address must be revealed immediately upon request acceptance.

## 🧠 Dependencies / Notes

* Identify where the address is being constructed for display on the Available tab and confirm the unit/apt field is being excluded from the pre-acceptance masked address string.
* The masking logic that already hides the street number should be extended to also strip the apartment or unit number from the pre-acceptance address display.
* Confirm the full unmasked address (including unit/apt) is correctly surfaced once the request is accepted.

## 🧪 QA Notes

* Create a request with an apartment or unit number and view it as a Gopher on the Available tab before accepting — confirm the apt/unit number is not visible.
* Accept the request and confirm the full address including the apt/unit number is now visible.
* Test across multiple request types — Delivery, Need A Ride, Service — to confirm consistent behavior.
* Confirm the street address number is also still hidden before acceptance (regression check).
* Test on both iOS and Android.

",https://gopherapp.atlassian.net/browse/G40-165
G40-170,Story,User Story - New User Incomplete Experience,In Progress,Medium,,John Newbury,John Newbury,spine,,2025-07-28T23:31:23.510+0530,2026-07-06T02:31:48.013+0530,"**As an** \[Owner\],

**I want** \[to ensure we’re capturing info from attempted users who do not complete the sign up expereincel\],

**So that** \[we can circle back with them with some sort of information or incentive to complete their profile\]

‌

**As an** owner,

**I want** add this potential users to the User tab in the Admin Panel,

**So that** I can follow up with these users and inspire them to sign up as a new user.

‌

**Supporting Acceptance Criteria**

These are the **conditions** that must be true for the story to be considered complete:

1. ✅ All entries a potential user makes and selects“continue” will be saved as a potential user (ie: name, DOB, email, etc) in Admin Panel
2. ✅ Admin Panel will have an “Incomplete”status added to represent the incomplete profile.
3. ✅ User will be identified with a unique ID just like current users currently in chronological order.

![](blob:https://media.staging.atl-paas.net/?type=file&localId=null&id=04ca9af2-3200-4cfd-9a36-c507aebd4468&&collection=&height=null&occurrenceKey=null&width=null&__contextId=null&__displayType=null&__external=false&__fileMimeType=null&__fileName=null&__fileSize=null&__mediaTraceId=null&url=null)‌",https://gopherapp.atlassian.net/browse/G40-170
G40-171,Bug,Gopher Go - Active Request - Pick-Up and Destination GPS Link(s) Update Integrations,To Do,Lowest,,,John Newbury,worker,,2025-07-28T23:36:01.648+0530,2026-07-03T22:41:50.020+0530,"## Goal

On the Gopher's **active request** screen, tapping **Pick-Up** or **Destination** opens a modal with **3 navigation options** — Google Maps (already integrated), Apple Maps, Waze — with a **set-default-platform** option, an **auto-prompt** when items are picked up, and a **purchase-from-anywhere countdown timer**.

**▶ Full handoff:** `docs/handoff/G40-171-navigation-links.md`

## ✅ Done (front-end) — `_prototypes/Go/gopher-go-purchase-delivery-figma.html`

New **""G40-171 · Navigation""** frame in the real accepted-lifecycle screen, built with the file's own tokens. Chooser bottom-sheet (open state): tappable Pick-up/Destination rows → **Google Maps** (`Integrated` badge), **Apple Maps**, **Waze** — each a **live deep-link**; **""Set as default for this request""** toggle; **60-min purchase-from-anywhere timer** (re-times to nav ETA once items picked up). Verified in-browser, no console errors; screenshot shared.

**Deep-link formats:** Google `maps/dir/?api=1&destination=…` (`comgooglemaps://`), Apple `maps.apple.com/?daddr=…` (`maps://`), Waze `waze.com/ul?q=…&navigate=yes` (`waze://`).

## 🔧 To build (native / dev)

* Wire the chooser to real Pick-Up/Destination taps; native app schemes with https fallback; pass the order's real pickup/drop coords.
* Persist the **default platform** (per request + optional user default; same platform for pick-up & destination).
* **Auto-open** the chooser on the ""Items Picked Up / Purchased"" status transition (or launch the default app).
* **Timer:** default 60:00 for ""pick up from anywhere""; on Items Picked Up, recompute remaining time from the **navigation ETA** (actual pickup → drop).
* **ETA for Requestor:** Apple/Waze deep-links don't return an ETA — compute server-side via **Google Directions / Distance Matrix** (Maps already integrated, RFP Annex §3) and surface on the requestor side.

## Acceptance criteria

1. Tap Pick-Up/Destination → modal with Google Maps, Apple Maps, Waze.
2. Can set a default platform for the request (used for both pick-up & destination).
3. Navigation auto-prompts when the request updates to ""items picked up.""
4. ""Pick up from anywhere"" starts a 60-min timer that re-times to the nav ETA after pickup.
5. (Ideal) Requestor sees an ETA (server-side Google Directions).

",https://gopherapp.atlassian.net/browse/G40-171
G40-172,Story,User Story - New Connect User Sign Up,To Do,Medium,,,John Newbury,connect,,2025-07-29T22:48:03.934+0530,2026-06-09T01:21:48.064+0530,"**As a** \[Prospective Business Requesting a service - aka Connect Requestor\],

**I want** \[sign up on the Gopher Connect App with ease\],

**So that** \[I’m confident the platform is easy to use\]

‌

**As a** new user,

**I want** to quickly and easily sign up for the platform, with an option to immediately add MY Gophers.

**So that** I can start using the service without confusion or delay.

‌

**Supporting Acceptance Criteria**

These are the **conditions** that must be true for the story to be considered complete:

1. ✅ The sign-up screen is accessible from the home screen.
2. ✅ A demo/info link is available for me to poke around before committing to signing up.
3. ✅ Connect Users must sign up with phone number/OTP and email/OTP
4. ✅ Option to resend code if did not received
5. ✅ Error messages are shown for missing/invalid fields.
6. ✅ A confirmation (e.g. email or SMS) is sent and required for account activation.
7. ✅ After successful sign-up, users are taken to a welcome screen or app tutorial.

",https://gopherapp.atlassian.net/browse/G40-172
G40-173,Story,User Story - Gopher Connect User Account Page,To Do,Medium,,,John Newbury,connect,,2025-07-29T23:17:02.836+0530,2026-06-09T01:21:47.590+0530,"**As a** \[Business User - aka Connect Requestor\],

**I want** \[manage my Account settings with ease\],

**So that** \[I’m able to update my account, add additional connect users, preferred workers (MY Gopher) easily\]

‌

**As a** Connect user,

**I want** to be able to navigate to my profile with ease and update my account info also with ease.

**So that** I can ensure I am sending requests to workers I’ve already vetted and can trust.

‌

**Supporting Acceptance Criteria**

These are the **conditions** that must be true for the story to be considered complete:

1. ✅ Connect users account is easily accessible on a menu page.
2. ✅ Connect users profile is easily accessible on a account page.
3. ✅ Account owner has the ability to authorize additional account users; invited by either SMS or email address.
4. ✅ Additional connect user permissions will be Owner, Admin and User
5. ✅ Additional users can be removed by a checkbox and confirmation
6. ✅ Preferred workers can be added, removed, updated (My Gophers)
7. ✅ Ability to review a MY Gophers job history

",https://gopherapp.atlassian.net/browse/G40-173
G40-176,Story,"User Story - Allow Dynamic Updating of Gopher Fee, Instant Transfer Fee and Age-Restricted Fee",To Do,Lowest,,John Newbury,Robert Hazle,age,"Gopher Admin Panel,Gopher App (Requestor)",2025-08-12T01:08:13.183+0530,2026-07-06T01:27:49.169+0530,"## Goal

Fees on Gopher requests must be **dynamic and editable via the admin portal** — currently hard-coded in `gopher-backend-api/constants/index.js`. Three fees: **Gopher Fee**, **Instant Transfer Fee**, **Age-Restricted Fee**. DB, backend, and admin panel all need updating.

**▶ Full handoff:** `docs/handoff/G40-176-dynamic-fees.md`

## ✅ Already coded — ""Pricing Control"" tool in the HQ Dashboard

**Where:** `Documentation/Dashboard/app_part4.js` → `VIEWS.pricing` (Pricing Control tab, `app_part1.js:169`, **OWNER**-gated). Renders in `output/Gopher_HQ_Dashboard.html`.

**Model** (`seedPricing()`, app_part4.js:284) — single source of truth seeded from the canonical pricing sheet:

```
PRICING = {
  gopherFee: { <category>: { request, connectStd, connectBiz } },  // 8 cats × 3 surfaces
  ageFee:    { request:1.99, connectStd:2.99, connectBiz:2.99 },   // Age-Restricted Fee
  instantTransfer: 0.08,                                           // Instant Transfer Fee
  deal: { serviceWaivesAll, boostPct }, _publishedAt }
```

All three fees are **editable today**: per-category×surface $ inputs, age-restricted row, instant-transfer % (`#px-it`).

**Working now:** editable schedule table · owner gate (`ROLE==='owner'`) · live **audit log** (`PRICING_AUDIT`/`logChange`) · live **parity check** vs backend + Connect client (`parityVs()`; CI script `pricing_parity_check.py`) · **backend patch generator** (`genBackendPatch()`, app_part4.js:398 — emits `FEE_SCHEDULES` + `INSTANT_TRANSFER_RATE` for `constants/index.js`) · Export/Import config. **Persistence today = localStorage** (prototype seam — not yet reaching the real DB/BE).

## 🔧 To build — connect the tool to DB / BE / FE

1. **DB:** `fee_schedules` table storing the full PRICING model (per surface×category gopher fee, ageFee/surface, instantTransfer, deal, published_at) + `fee_schedule_audit` table mirroring `PRICING_AUDIT`.
2. **Backend:** replace hard-coded fees in `constants/index.js` with a **cached DB read** (shape = `genBackendPatch()` output). Update consumers: `create.js` (`application_fee` by category/surface, `age_restricted_fee`), `lib/payment.stripe.js` (instant-transfer rate). Add owner-only `PUT/GET /admin/pricing`.
3. **Dashboard:** point `seedPricing()`/`persistPricing()` at `GET/PUT /admin/pricing` instead of localStorage — everything else stays.
4. **Client apps (FE):** consumer app + `gopher-connect.html` currently hard-code schedules (`GOPHER_FEE`/`AGE_FEE`/business) — point them at `GET /pricing?surface=…`; keep `pricing_parity_check.py` as the CI guard.

_Bonus:_ the backend ships no Connect schedule today, so Connect age-restricted orders fall back to $1.99 instead of $2.99 — the surface-aware DB shape fixes that.

## Acceptance criteria

1. Owner edits Gopher / Age-Restricted / Instant-Transfer fees in the dashboard — **done** (Pricing Control).
2. Edits persist to the **DB** via an owner-only admin API — _to build_.
3. Backend charges from the **DB-driven** schedule, not `constants/index.js` — _to build_.
4. Client apps display fees consistent with the DB (parity green) — _to build_.
5. Every change is audit-logged — **done** in-tool; persist server-side — _to build_.

",https://gopherapp.atlassian.net/browse/G40-176
G40-180,Story,User Story - Admin Panel Advertising Partner Entry,To Do,Medium,,,John Newbury,spine,,2025-08-14T21:53:33.426+0530,2026-06-09T01:10:14.122+0530,"**As a** \[Admin Panel User\],

**I want** \[add businesses to the Gopher App Home Screen via the admin panel\],

**So that** \[there is a central portal to activate, pause or remove advertisers\]

‌

**As a** admin panel user,

**I want** to be able to add advertiser info into the admin portal that populated only the gopher app Home Screen.

**So that** users can see what deals are available to them.

‌

**Supporting Acceptance Criteria**

These are the **conditions** that must be true for the story to be considered complete:

1. ✅ Admin portal will have an updated section for advertising partner entries

    1. ✅ Entry info will include: Add Advertiser ID, Add Business category, Name of business, Add logo, Add description of deal, Add URL and instructions to activate, Add ability to copy/paste deal, Add link to start a Gopher Request related to deal, Start Date, End Date, Track deal link clicks, Track gopher Request link clicks, Pop-up when ordering to remind users fulfillment through Gopher is not guaranteed
    
2. ✅ Admin panel will sync up with home page to showcase deals
3. ✅ Admin panel -> Advertising section will have a “Download CSV” report available
4. ✅ Admin Panel will allow for adding, activating and/or deactivating deals

![](blob:https://media.staging.atl-paas.net/?type=file&localId=null&id=97e8a347-d345-4fe5-b934-9ed450eec541&&collection=&height=null&occurrenceKey=null&width=null&__contextId=null&__displayType=null&__external=false&__fileMimeType=null&__fileName=null&__fileSize=null&__mediaTraceId=null&url=null)‌

![](blob:https://media.staging.atl-paas.net/?type=file&localId=null&id=803cadca-049a-468a-9b69-96d16cbf8de0&&collection=&height=null&occurrenceKey=null&width=null&__contextId=null&__displayType=null&__external=false&__fileMimeType=null&__fileName=null&__fileSize=null&__mediaTraceId=null&url=null)‌",https://gopherapp.atlassian.net/browse/G40-180
G40-181,Story,User Story - Gopher Go Connect,To Do,Low,,,John Newbury,connect,,2025-08-15T01:58:39.505+0530,2026-06-09T01:21:47.122+0530,"**User Story - Admin Panel Advertising Partner Entry**

‌

**As a** \[Gopher Go Connect User\],

**I want** \[add me businesses to the Gopher Go Connect Portal to view local jobs\],

**So that** \[I can increase the amount of jobs I perform\]

‌

**As a** Gopher Connect Worker,

**I want** to be alerted to relevant jobs that are available in my area.

**So that** I can potentially reduce the amount of ad spending on other less productive platforms.

‌

**Supporting Acceptance Criteria**

These are the **conditions** that must be true for the story to be considered complete:

1. ✅
2. ✅
3. ✅
4. ✅
5. ✅

",https://gopherapp.atlassian.net/browse/G40-181
G40-186,Task,Gopher App - Available Gophers Calculation Update,To Do,Medium,,,John Newbury,request,,2025-09-01T02:40:11.175+0530,2026-06-09T01:20:39.626+0530,"When a user submits an address while creating a request, the system must calculate and display an accurate count of eligible Gophers available for that request. The calculation must apply a strict set of qualification criteria and trigger a low-availability warning modal if fewer than 20 eligible Gophers are found.

## 🧑‍💻 As a

Requestor entering details for a new request,

## 🎯 I want

the app to show an accurate count of Gophers who are genuinely available and qualified for my request,

## ✅ So that

I have a realistic expectation of how quickly my request can be fulfilled and am warned if availability is low in my area.

## 💡 Context / Background

* The available Gopher headcount displayed during request creation is currently not filtered accurately enough.
* It may include Gophers who are unverified, inactive, out of range, or whose work settings do not match the request category.
* The calculation must be triggered when the Requestor submits their pick-up and/or drop-off address during request entry.
* If the qualified Gopher count falls below 20, a low-availability modal must be shown to the Requestor.

## 📍 Eligible Gopher Criteria

A Gopher is only counted as available if ALL of the following conditions are met:

* **Stripe Payout Account Verified** — only Gophers with a verified Stripe payout account are eligible
* **Within 15 Miles** — the Gopher’s GPS location or physical profile address must be within 15 miles of the pick-up and/or drop-off address
* **Work Settings & Radius Match** — the Gopher’s work settings and service radius must match the category being requested
* **Active Within Last 6 Months** — the Gopher must have logged in within the last 6 months

## ❌ Current Behavior

* The available Gopher count does not apply all required qualification filters
* Unverified, inactive, out-of-range, or category-mismatched Gophers may be included in the count
* The displayed headcount may be inflated and does not reflect genuine availability
* No low-availability warning is triggered when eligible Gophers are scarce

## ✅ Expected Behavior

* When a Requestor submits an address during request creation, the system recalculates the eligible Gopher count using all four qualification criteria
* Only Gophers meeting all criteria are counted
* The accurate eligible headcount is displayed to the Requestor
* If fewer than 20 eligible Gophers are found, a low-availability warning modal is displayed to the Requestor

## ✅ Acceptance Criteria

### Scenario 1 – Eligible count is calculated on address submission

* **Given** a Requestor submits a pick-up or drop-off address during request creation
* **When** the address is submitted
* **Then** the system recalculates the eligible Gopher count applying all four qualification criteria
* **And** the accurate count is displayed to the Requestor

### Scenario 2 – Unqualified Gophers are excluded from the count

* **Given** Gophers exist who are unverified, inactive, out of range, or whose work settings do not match the category
* **When** the eligible count is calculated
* **Then** those Gophers are excluded from the count

### Scenario 3 – Low-availability modal triggers when fewer than 20 eligible Gophers are found

* **Given** the eligible Gopher count for the request is fewer than 20
* **When** the count is calculated
* **Then** the low-availability warning modal is displayed to the Requestor

### Scenario 4 – No modal when 20 or more eligible Gophers are available

* **Given** the eligible Gopher count is 20 or more
* **When** the count is calculated
* **Then** no low-availability modal is shown and the Requestor proceeds normally

### Scenario 5 – Count updates when address changes

* **Given** a Requestor updates their pick-up or drop-off address after an initial calculation
* **When** the new address is submitted
* **Then** the eligible Gopher count is recalculated and updated accordingly

## ⚙️ Business Rules

* All four eligibility criteria must be applied simultaneously — a Gopher must meet every condition to be counted.
* Location is determined using the Gopher’s GPS location where available, falling back to their physical profile address.
* The 15-mile proximity check applies to the pick-up and/or drop-off address submitted by the Requestor.
* Work settings and service radius must match the specific category being requested, not just general availability.
* A Gopher who has not logged in within the last 6 months is considered inactive and must be excluded.
* The low-availability modal must trigger when the eligible count is fewer than 20, regardless of the total Gopher count in the system.

## 🧠 Dependencies / Notes

* Calculation must be triggered on address submission during request creation, not on page load.
* GPS location data for Gophers must be accessible at calculation time — confirm availability and fallback logic with the backend team.
* Stripe verification status must be queryable as part of the eligibility filter.
* Gopher work settings and service radius data must be structured to support category-level filtering.
* Reference Figma for the low-availability modal design: https://www.figma.com/design/aRFH8dqUfSHLJTb89VZYNh/Jira-Tickets?node-id=15-3913

## 🧪 QA Notes

* Test with an address that has 20 or more eligible Gophers — confirm accurate count is displayed and no modal appears.
* Test with an address that has fewer than 20 eligible Gophers — confirm the low-availability modal is triggered.
* Verify unverified Gophers (no Stripe payout account) are excluded from the count.
* Verify Gophers outside the 15-mile radius are excluded.
* Verify Gophers whose work settings or service radius do not match the request category are excluded.
* Verify Gophers who have not logged in within the last 6 months are excluded.
* Test updating the address after an initial calculation — confirm the count recalculates correctly.
* Test across multiple request categories to ensure work settings filtering applies correctly per category.
* Test on both iOS and Android.

",https://gopherapp.atlassian.net/browse/G40-186
G40-187,Task,"Both apps — Require OTP to change profile email, then notify old + new address with support escalation path",To Do,Low,,,John Newbury,spine,,2025-09-01T20:22:16.485+0530,2026-06-30T20:47:32.697+0530,"## 🧑‍💻 As a

User of either app (Gopher / Gopher Go) updating the email address on my profile,

## 🎯 I want

the change to be OTP-verified and confirmed by notification emails sent to both my old and new address,

## ✅ So that

my email cannot be silently changed by anyone other than me, and if a change ever does happen without my knowledge, I have an immediate notification at my existing address with a clear path to recover the account.

---

## 💡 Context / Background

* Email is the primary identifier for an account and the channel through which password resets and other security-critical messages flow. An attacker who silently changes the email locks the legitimate owner out.
* The existing **standard email OTP** mechanism (already used elsewhere in the apps) is reused here — no new OTP component is built.
* The dual-notification pattern (old + new address) is the standard industry approach to protect against account takeover: even if an attacker controls a session, the legitimate owner will see the notification at their existing address and can escalate immediately.

---

## ✅ Expected Behavior

### Email change flow

1. User initiates an email change from **My Profile** by entering a new email address.
2. **Pre-OTP validation:**

    * If the new email is the **same** as the current email on file, reject with **""No change detected""** and do not send an OTP.
    * If the new email is **already in use on another account**, reject with **""This email address is not available""** and do not send an OTP.
    * If the new email is **invalid format**, reject with a standard format-validation message and do not send an OTP.
    
3. **OTP send:** The system sends an OTP via the existing standard OTP flow to the **NEW email address only**.
4. **OTP entry:** The user enters the OTP in the app.

    * OTP retry limits, expiry, and resend behaviour follow the existing standard OTP rules — no bespoke rules apply on this surface.
    
5. **On successful OTP entry:**

    * The email on the user's account is updated to the new address.
    * **Two confirmation emails** are sent:
    
        * One to the **OLD** address.
        * One to the **NEW** address.
        
    * Both use the **standard email template** for the respective app (Gopher / Gopher Go).
    * The event is **logged in the Admin Panel audit trail**.
    
6. **On OTP failure** (exhausted attempts or expired):

    * The email is not changed.
    * The user is returned to the email-change entry point.
    * The failed attempt is logged in the Admin Panel audit trail.
    

---

## 📧 Confirmation Email Content (draft — confirm against existing template style)

Both confirmation emails use the standard template for the respective app and contain:

* **Subject:** Your email address was changed
* **Body:**

Hi \[First Name\],

The email address on your Gopher account was just changed.

* **From:** \[old email address\]
* **To:** \[new email address\]
* **When:** \[timestamp in user's local timezone\]
* **Where:** \[device + approximate location, e.g., ""iPhone, Raleigh, NC""\]

If you made this change, no further action is needed.

**If this wasn't you, please contact support@gophergo.io as soon as possible.**

Thanks,

_— The Gopher Team_

---

## 📊 Notification Content Rules

* Include: timestamp (local timezone), device, approximate location (city / region level only).
* Do **not** include: IP address (not user-friendly and adds noise without value).
* Do **not** include: a one-click reversal link in this release — the ticket specifies the support email as the recovery path. If a self-serve revert link is added in future, it would be a separate ticket.
* The body must be identical in content for both the old and new address sends (single source of truth).

---

## 🛡️ Admin Visibility & Audit

Log every email-change event in the Admin Panel with the following fields:

* Timestamp of the attempt.
* Account ID.
* Old email and new email.
* Event type: **Success**, **OTP failure (exhausted/expired)**, or **Duplicate-collision attempt**.
* Device identifier and approximate location.

The log enables security pattern review and gives support an immediate record when a user emails in about an unauthorised change.

---

## 🧪 Acceptance Criteria

**Scenario 1 — Happy path: OTP succeeds, email updates, both addresses notified**

* **Given** a signed-in user enters a valid new email different from their current one and not in use on any other account,
* **When** they submit the change and enter the correct OTP delivered to the new email,
* **Then** the account's email is updated to the new address, a confirmation email is sent to both the old and new addresses, and the change is logged in the Admin Panel.

**Scenario 2 — OTP sent to NEW email only (not OLD)**

* **Given** a user has initiated an email change,
* **When** the OTP is dispatched,
* **Then** it is sent only to the new email address — the old address is not used for OTP.

**Scenario 3 — Same-as-current rejected before OTP**

* **Given** a user enters their current email as the ""new"" email,
* **When** they submit,
* **Then** the request is rejected with ""No change detected"" and no OTP is sent.

**Scenario 4 — Duplicate collision rejected before OTP**

* **Given** a user enters a new email that is already in use on another account,
* **When** they submit,
* **Then** the request is rejected with ""This email address is not available,"" no OTP is sent, and the attempt is logged.

**Scenario 5 — Invalid format rejected before OTP**

* **Given** a user enters an email in an invalid format,
* **When** they submit,
* **Then** standard format validation rejects the input and no OTP is sent.

**Scenario 6 — OTP failure does not change the email**

* **Given** a user has been sent an OTP for an email change,
* **When** the user fails OTP entry per existing standard OTP rules (attempts exhausted or expired),
* **Then** the account email remains unchanged, no confirmation emails are sent, and the failed attempt is logged.

**Scenario 7 — Old-address notification supports the ""wasn't me"" path**

* **Given** a user receives a confirmation email at their old address,
* **When** the user reads the email,
* **Then** the body clearly directs them to email support@gophergo.io if the change was not initiated by them.

**Scenario 8 — Notification contains timestamp + device + location**

* **Given** the confirmation emails are dispatched,
* **When** a user reads either confirmation,
* **Then** the email contains the timestamp (in local time), device identifier, and approximate city/region of the change.

**Scenario 9 — Standard template for the respective app**

* **Given** the change happens on Gopher,
* **When** the confirmation emails are dispatched,
* **Then** they use the Gopher standard email template. The same rule applies for Gopher Go using the Gopher Go template.

**Scenario 10 — Abandoned mid-flow**

* **Given** a user starts an email change and never enters the OTP,
* **When** the OTP expires per existing OTP rules,
* **Then** the email on the account remains the original address — nothing partial is persisted.

**Scenario 11 — Both apps covered**

* **Given** the feature has shipped,
* **When** a user changes their email on either Gopher or Gopher Go,
* **Then** the same OTP, dual-notification, and audit behaviour applies.

---

## 📐 Business Rules

* The new email address must pass three pre-OTP checks (different from current, not in use elsewhere, valid format) before any OTP is sent.
* The OTP is sent to the **NEW** email address only — verifying the user controls the destination mailbox.
* OTP retry limits, expiry, and resend behaviour are inherited from the existing standard OTP mechanism — no bespoke rules.
* The email on file is updated **only** after successful OTP entry. No partial state is persisted on abandonment or OTP failure.
* On success, confirmation emails go to **both** the old and new addresses, using the **standard email template** for the respective app.
* The confirmation email includes timestamp, device, and approximate location.
* The confirmation email **does not** include a one-click revert link in this release — support@gophergo.io is the only recovery path.
* Every email-change event (success, OTP failure, duplicate collision) is logged in the Admin Panel audit trail.
* This applies to **both** apps (Gopher and Gopher Go).

---

## 🔎 Implementation Considerations

* All checks must run server-side at the email-change API. Client-side validation alone is bypassable.
* The pre-OTP duplicate-email check must run **before** sending the OTP. Sending an OTP first and rejecting after on collision both wastes a delivery and leaks account-existence information via delivery timing.
* The two confirmation emails should be dispatched in parallel from the same job/transaction so neither can succeed without the other.
* The audit log entry should be written in the same transaction as the email update to guarantee record integrity.
* Reuse the existing standard OTP flow and standard email templates wherever they live in the codebase — do not introduce a new OTP service or template variant for this surface.

---

## 🧪 QA Notes

* Initiate an email change with a valid new email — confirm OTP arrives at the new address only.
* Enter the OTP correctly — confirm the email updates, both old and new addresses receive confirmation emails, and the event is in the Admin Panel audit log.
* Repeat with an invalid OTP / expired OTP — confirm the email does not change and the failure is logged.
* Submit the current email as the ""new"" email — confirm ""No change detected"" with no OTP sent.
* Submit an email that is in use on another account — confirm rejection with no OTP sent and a logged event.
* Submit an invalid-format email — confirm rejection with no OTP sent.
* Abandon the flow after submitting the new email but before entering the OTP — confirm the account email is unchanged.
* Verify the confirmation email body contains the From / To, timestamp, device, and approximate location.
* Verify the ""if this wasn't you"" line directs the user to support@gophergo.io.
* Run on both apps (Gopher and Gopher Go) and both iOS and Android.

---

## 🧠 Dependencies / Notes

* Depends on the existing standard email OTP mechanism being usable for this flow.
* Depends on the existing standard email templates for Gopher and Gopher Go.
* Depends on the device + approximate-location signal being available at the email-change API. If only one of those is reliably captured today, it can ship with what's available and the rest added later.
* Out of scope for this ticket: a self-serve ""Revert this change"" one-click link in the old-address notification. If desired in future, that would be a separate ticket given the additional flow (token issuance, expiry, single-use enforcement) it requires.

",https://gopherapp.atlassian.net/browse/G40-187
G40-189,Task,Active Admin - Orders - Allow Admin To Update A Request,To Do,Lowest,,,John Newbury,spine,,2025-09-01T20:26:32.489+0530,2026-07-06T02:16:46.637+0530,"In the Orders tab, an admin can perform any/all functions for a **live** request (advance to in-progress, mark items picked up, mark delivered, etc.). Every admin action stamps the order log/timestamp as **""Updated by admin.""**

_Surface: build into the **Gopher HQ Dashboard** order page — Active Admin is being replaced. Groomed dev-ready; full spec in_ `docs/handoff/G40-189-admin-update-live-request.md`.

---

## Current state (verified, June-2026 backend export `e9bf57a3`)

* **Gopher-side lifecycle transitions exist but are scoped to the assigned gopher.** `controllers/order/update.js` advances `aasm_state` (assigned → in_progress → picked_up/purchased → delivered) under `where: { id, gopher_id: decoded.id }`, each writing an `order_logs` row.
* **Admin API exists and is auth-gated** (`routes/admin.routes.js`, `verify_auth` requires JWT `userType==='ADMIN'`), but `controllers/admin/orders.js` can only **cancel** (`cancelOrder`, writes `aasm_state='cancelled'` + `order_logs`) or delete — **no** endpoints to advance a live request.
* `order_logs` has no actor column (`models/order_logs.model.js`) — nothing records that a change came from an admin, so ""Updated by admin"" has nowhere structured to live.
* **Dashboard order page is read-only** (`app_part4.js` → `renderOrderPage`, `VIEWS.order`): it already renders a ""Timing & status"" section + Order log (with `Updated at` earmarked) — the exact host slots — but has no action controls.

**Conclusion:** order-detail surface exists both ends; the interactive admin override is **net-new**.

## What to build

1. **DB** — add `updated_by INTEGER` + `source VARCHAR` to `order_logs`; backfill existing rows to `source='gopher'`.
2. **Backend** — in `controllers/admin/orders.js`, add admin-authed lifecycle endpoints (`PATCH /orders/:id/in-progress|picked-up|delivered`, optional generic status) mirroring `update.js` transitions but **without** the `gopher_id` guard; validate legal transitions; write an `order_logs` row stamped `source:'admin', updated_by:req.user.userId`, null geo; fire the same single-recipient status notifications. Mirror `cancelOrder` for structure.
3. **Dashboard** — owner-gated action buttons in the order page's ""Timing & status"" card for legal next transitions; render admin-sourced log rows with an **""Updated by admin""** badge.
4. **Audit** — the stamped `order_logs` row (who/what/when) is the audit trail; gate strictly to owner/admin.

## Acceptance criteria

* Owner/admin can advance a live order through its legal lifecycle from the dashboard without being the assigned gopher.
* Each action persists the new `aasm_state` + an `order_logs` entry with `source='admin'`, `updated_by=<admin id>`, no gopher GPS.
* The order log renders those entries with an ""Updated by admin"" label at the correct timestamp.
* Requester/gopher still receive normal status notifications (single-recipient, unchanged).
* Illegal transitions rejected with a clear error; controls hidden from non-admin roles.

",https://gopherapp.atlassian.net/browse/G40-189
G40-192,Task,Gopher Go - Completed Request - Age-Restricted Protocol & No Show Feature Used - Payout Delay,To Do,High,,,John Newbury,age,,2025-09-04T04:15:35.842+0530,2026-06-09T01:22:29.167+0530,"When a Gopher completes an age-restricted request, a structured verification flow must be followed before payout is released. The flow branches based on whether the recipient has TrustShield and whether the customer is present. If the Requestor is a no-show after a 10-minute timer, the payout is paused for 24 hours and the order enters a Confirmation Pending state until resolved by auto-completion or admin action. Additional no-show safeguards require GPS proximity verification, Requestor timer acknowledgment, and a fraud alert on no-show submission. This ticket incorporates all requirements from G40-267.

## 🧑‍💻 As a

Gopher completing an age-restricted request,

## 🎯 I want

a clear, structured verification flow that confirms the recipient’s identity before my payout is released,

## ✅ So that

age-restricted deliveries are completed compliantly, fraudulent payouts are prevented, and I am fairly compensated even in no-show situations.

## 💡 Context / Background

* Age-restricted requests require identity verification before a Gopher can complete the order and receive payout.
* The verification flow branches based on whether the recipient has TrustShield (pre-verified identity) or requires on-site ID capture.
* If the recipient is not present, the Gopher triggers a 10-minute wait timer before being able to log a no-show.
* To prevent fraudulent no-show submissions, three additional safeguards apply when a Gopher attempts to submit a Requestor No Show: GPS proximity to the drop-off location must be checked, the Requestor must have acknowledged the timer, and a fraud alert must be triggered on submission.
* The admin team must be notified by email whenever a no-show payout hold is triggered so they can monitor frequency and enforce best practices.
* Admins can manually complete a Confirmation Pending order to expedite payout if needed.

## 🔀 Complete Flow

### Step 1 – Gopher Marks Request Completed

* Gopher taps Update to Completed
* A popup modal is displayed
* If Continue is tapped: GPS location and timestamp are logged in the admin panel
* If ""Do Not Show Me Again"" was previously selected: tapping Update – Completed automatically triggers the GPS/timestamp log without the popup

### Step 2A – TrustShield Path (Recipient is Pre-Verified)

* The TrustShield verification screen is displayed
* Gopher taps ID and Identity Confirmed
* Gopher is taken to the ratings screen
* Figma reference: https://www.figma.com/design/aRFH8dqUfSHLJTb89VZYNh/Jira-Tickets?node-id=24-11580

### Step 2B – No TrustShield Path (On-Site ID Capture Required)

* The active camera screen is displayed for ID capture
* Gopher captures the recipient’s ID
* Gopher taps ID and Identity Confirmed
* Gopher is taken to the ratings screen
* Figma reference: https://www.figma.com/design/aRFH8dqUfSHLJTb89VZYNh/Jira-Tickets?node-id=24-11713

### Step 2C – Customer Not Present Path

* Gopher taps Set Timer – Customer Not Present
* A 10-minute countdown timer begins
* Requestor receives a banner notification and text message alerting them the Gopher is waiting — the Requestor must acknowledge this notification
* Figma reference: https://www.figma.com/design/aRFH8dqUfSHLJTb89VZYNh/Jira-Tickets?node-id=24-11657

### Step 3 – After 10-Minute Timer Expires

* Gopher is shown two options: Confirm ID and Identity or Requestor No Show
* If Confirm ID and Identity is tapped: flow proceeds to the ratings screen as normal
* If Requestor No Show is tapped, three checks are performed:

* **GPS proximity check** — the system checks whether the Gopher’s current location is within 50 feet (\~15 meters) of the drop-off location’s lat/long. This check is non-blocking — the Gopher can still proceed. However, if the Gopher is outside the 50-foot radius, a warning notification is shown: ""You appear to be outside the expected drop-off location. Submitting a no-show from this location will trigger a fraud alert and may affect your payout speed if a dispute arises."" The Gopher must confirm to proceed.
* **Requestor acknowledgment check** — the Requestor must have acknowledged the timer notification before the No Show can be submitted. If the Requestor has not acknowledged the timer, the Gopher is shown a message indicating the Requestor has not yet confirmed receipt of the wait notification.
* **Fraud alert trigger** — when a Requestor No Show is submitted, a fraud alert notification is automatically triggered and flagged in the admin panel for review, regardless of GPS proximity.

* Once all checks are passed or acknowledged, payout is paused for 24 hours and the order enters Confirmation Pending status
* Figma reference: https://www.figma.com/design/aRFH8dqUfSHLJTb89VZYNh/Jira-Tickets?node-id=24-11685

### Step 4 – Confirmation Pending Resolution

* The order remains in Confirmation Pending status for up to 24 hours
* After 24 hours with no action, the order auto-completes and payout is released
* An admin can manually complete the order in the admin panel at any time to expedite the payout
* An automated notification email is sent to admin@gophergo.io when a no-show payout hold is triggered

## ✅ Acceptance Criteria

### Scenario 1 – GPS and timestamp are logged on completion

* **Given** a Gopher taps Completed on an age-restricted request
* **When** Continue is tapped on the popup (or Do Not Show Me Again was previously selected)
* **Then** the Gopher’s GPS location and timestamp are logged in the admin panel

### Scenario 2 – TrustShield path completes to ratings screen

* **Given** the recipient has TrustShield
* **When** the Gopher taps ID and Identity Confirmed
* **Then** the Gopher is taken to the ratings screen and payout is released

### Scenario 3 – No TrustShield path requires ID capture before completion

* **Given** the recipient does not have TrustShield
* **When** the Gopher reaches the completion step
* **Then** the active camera screen is displayed for ID capture
* **And** once ID and Identity Confirmed is tapped, the Gopher proceeds to the ratings screen

### Scenario 4 – Customer Not Present triggers 10-minute timer and Requestor notification

* **Given** the recipient is not present when the Gopher arrives
* **When** the Gopher taps Set Timer – Customer Not Present
* **Then** a 10-minute countdown timer begins and the Requestor receives a banner notification and text message requiring acknowledgment

### Scenario 5 – Gopher within 50 feet can submit No Show without warning

* **Given** the 10-minute timer has expired and the Gopher’s GPS is within 50 feet of the drop-off location
* **When** the Gopher taps Requestor No Show
* **Then** no location warning is shown and the no-show submission proceeds

### Scenario 6 – Gopher outside 50 feet receives a warning before submitting No Show

* **Given** the 10-minute timer has expired and the Gopher’s GPS is more than 50 feet from the drop-off location
* **When** the Gopher taps Requestor No Show
* **Then** a warning is shown: ""You appear to be outside the expected drop-off location. Submitting a no-show from this location will trigger a fraud alert and may affect your payout speed if a dispute arises.""
* **And** the Gopher must confirm to proceed
* **And** the no-show can still be submitted after confirmation

### Scenario 7 – Requestor No Show triggers fraud alert

* **Given** a Gopher submits a Requestor No Show
* **When** the no-show is confirmed
* **Then** a fraud alert is automatically triggered and flagged in the admin panel for review

### Scenario 8 – Requestor No Show triggers 24-hour payout hold

* **Given** the Gopher has confirmed the no-show submission
* **When** the no-show is processed
* **Then** the payout is paused for 24 hours, the order enters Confirmation Pending status, and an automated email is sent to admin@gophergo.io

### Scenario 9 – Confirmation Pending auto-completes after 24 hours

* **Given** an order is in Confirmation Pending status
* **When** 24 hours pass with no admin action
* **Then** the order auto-completes and the payout is released

### Scenario 10 – Admin can manually complete a Confirmation Pending order

* **Given** an order is in Confirmation Pending status
* **When** an admin manually marks the order as complete
* **Then** the order completes immediately and the payout is released ahead of the 24-hour window

## ⚙️ Business Rules

* Identity verification is mandatory for all age-restricted request completions — payout cannot be released without it.
* TrustShield recipients bypass on-site ID capture; non-TrustShield recipients require active camera ID capture.
* GPS location and timestamp must be logged in the admin panel upon every age-restricted completion.
* The Customer Not Present timer is exactly 10 minutes. The Requestor must be notified immediately when the timer starts and must acknowledge the notification.
* The GPS proximity check at No Show submission uses a 50-foot (\~15 meter) radius from the drop-off lat/long. It is non-blocking but triggers a warning and fraud flag if the Gopher is outside the radius.
* Every Requestor No Show submission triggers a fraud alert in the admin panel regardless of GPS proximity.
* Tapping Requestor No Show triggers a mandatory 24-hour payout hold — this cannot be bypassed by the Gopher.
* Every Requestor No Show event must trigger an automated notification to admin@gophergo.io for monitoring.
* Confirmation Pending orders auto-complete after 24 hours if no admin action is taken.
* Admins may manually complete a Confirmation Pending order at any time to expedite payout.

## 🧠 Dependencies / Notes

* TrustShield status must be queryable at the time of completion to determine which verification branch to trigger.
* GPS and timestamp logging must be tied to the Continue action on the completion popup and to the Update – Completed action when Do Not Show Me Again is set.
* The 10-minute timer must send a push notification and SMS to the Requestor at the moment it starts, and must track whether the Requestor has acknowledged the notification.
* GPS proximity at No Show submission must be calculated against the drop-off location lat/long stored on the request record. The 50-foot radius (\~15 meters) accounts for large apartment complexes and multi-unit buildings.
* The fraud alert on No Show submission must create a flagged record in the admin panel linked to the order and the Gopher’s account.
* Automated email to admin@gophergo.io must fire on every Requestor No Show event.
* Admin panel must expose a manual Complete action on all Confirmation Pending orders.
* This ticket incorporates all requirements from G40-267 (No Show Update – Driver Must Be Near Drop-Off Location). G40-267 can be closed as a duplicate.
* Figma – Full flow: https://www.figma.com/design/aRFH8dqUfSHLJTb89VZYNh/Jira-Tickets?node-id=22-11153
* Figma – Completion popup / GPS log: https://www.figma.com/design/aRFH8dqUfSHLJTb89VZYNh/Jira-Tickets?node-id=37-12942
* Figma – TrustShield screen: https://www.figma.com/design/aRFH8dqUfSHLJTb89VZYNh/Jira-Tickets?node-id=24-11580
* Figma – No TrustShield / ID capture screen: https://www.figma.com/design/aRFH8dqUfSHLJTb89VZYNh/Jira-Tickets?node-id=24-11713
* Figma – 10-minute timer screen: https://www.figma.com/design/aRFH8dqUfSHLJTb89VZYNh/Jira-Tickets?node-id=24-11657
* Figma – No Show / post-timer options: https://www.figma.com/design/aRFH8dqUfSHLJTb89VZYNh/Jira-Tickets?node-id=24-11685
* Figma – Ratings screen: https://www.figma.com/design/aRFH8dqUfSHLJTb89VZYNh/Jira-Tickets?node-id=24-11751

## 🧪 QA Notes

* Test TrustShield path — confirm verification screen appears, ID and Identity Confirmed leads to ratings screen, and GPS/timestamp is logged.
* Test No TrustShield path — confirm active camera launches for ID capture, ID and Identity Confirmed leads to ratings screen.
* Test Customer Not Present — confirm 10-minute timer starts and Requestor receives banner and SMS notification.
* After timer expires, attempt No Show with Gopher GPS within 50 feet of drop-off — confirm no location warning is shown and submission proceeds.
* After timer expires, attempt No Show with Gopher GPS more than 50 feet from drop-off — confirm the location warning appears with the correct copy and the Gopher must confirm before proceeding.
* Submit a No Show — confirm a fraud alert is flagged in the admin panel linked to the order and Gopher account.
* Submit a No Show — confirm payout is paused, order enters Confirmation Pending, and admin notification email is sent to admin@gophergo.io.
* Test Confirmation Pending auto-completion — confirm order completes and payout releases after 24 hours.
* Test admin manual completion of a Confirmation Pending order — confirm payout is released immediately.
* Verify GPS and timestamp are correctly logged in the admin panel for all completion paths.
* Verify Do Not Show Me Again suppresses the popup on subsequent completions and still logs GPS/timestamp.
* Test on both iOS and Android.

",https://gopherapp.atlassian.net/browse/G40-192
G40-194,Bug,Gopher Go — Prevent deletion of the last payout card on file to avoid Stripe account loss,To Do,Medium,,,John Newbury,pay,,2025-09-06T20:38:44.512+0530,2026-06-15T02:42:27.586+0530,"## 🧑‍💻 As a

Gopher managing my payout cards in Gopher Go,

## 🎯 I want

the system to prevent me from deleting my only card on file until I've added a replacement,

## ✅ So that

my Stripe account and full payout history are preserved and my future payouts are not disrupted.

---

## 💡 Context / Background

* Currently, when a Gopher removes all cards on file, the Stripe account itself is deleted along with the entire payout history.
* This is unacceptable — the Stripe account and history must persist for the lifetime of the Gopher's account.
* The fix is to block deletion of the only card on file until a replacement card has been added.

---

## 🚫 Current Behavior

* A Gopher with only one payout card on file is able to delete that card.
* Doing so removes the last card from Stripe, which causes Stripe to delete the connected account.
* The deletion of the Stripe account wipes the full payout history.

---

## ✅ Expected Behavior

* A Gopher must always have at least one payout card on file.
* If a Gopher attempts to delete their only card on file, the deletion is blocked and the following modal is displayed:

**Modal copy (per Figma):**

* **Title:** Attention!
* **Body:** Stripe requires a card on file in order to maintain your account history. Please add the new card and then you can delete the old one.
* **Primary button:** Back
* This rule applies regardless of card health — even an expired, declined, or otherwise invalid card cannot be removed until a replacement has been added.
* Once a new card is successfully added, the original card may be deleted without restriction.
* The Stripe account and payout history must remain intact through this entire flow.

---

## 🎨 Design Consideration / Open Question

The modal as designed only includes a **Back** button — there is no primary CTA that takes the Gopher directly to the Add New Card flow. Worth aligning with design on whether to:

* Add a primary **Add New Card** CTA that routes the Gopher to the card-add flow, with **Back** as a secondary action, **or**
* Keep the modal as-is and require the Gopher to navigate to Add New Card manually.

Recommendation is the first option — it reduces friction and aligns the user's next action with what the modal copy is asking them to do.

---

## 🧪 Acceptance Criteria

**Scenario 1 — Block deletion of the only card**

* **Given** a Gopher has exactly one payout card on file,
* **When** the Gopher attempts to delete that card,
* **Then** the deletion is blocked and the ""Attention!"" modal is displayed.

**Scenario 2 — Add new card, then delete the original**

* **Given** a Gopher has dismissed the ""Attention!"" modal and added a valid new card,
* **When** the Gopher returns to delete the original card,
* **Then** the original card is successfully removed and the new card is the active payout method.

**Scenario 3 — Normal delete with multiple cards**

* **Given** a Gopher has two or more payout cards on file,
* **When** the Gopher deletes any card that is not the only card,
* **Then** the deletion succeeds without showing the modal, and at least one card remains on file.

**Scenario 4 — Stripe account preservation**

* **Given** a Gopher has only one payout card on file,
* **When** the deletion is blocked by the modal,
* **Then** the Gopher's Stripe account and full payout history remain intact and accessible.

**Scenario 5 — Bad card cannot be removed without replacement**

* **Given** a Gopher's only card on file is expired, declined, or otherwise invalid,
* **When** the Gopher attempts to remove that bad card,
* **Then** the deletion is still blocked and the modal is displayed.

---

## 📐 Business Rules

* A Gopher must always have at least one payout card on file in Stripe — the count must never drop to zero through user action.
* The last-card check must run server-side before the Stripe detach API is called, not client-side only.
* The rule applies regardless of card health — valid, expired, declined, and otherwise invalid cards are all subject to the same block.
* Deleting the Stripe account or wiping payout history is never an acceptable side effect of a user action.
* The replacement flow must add the new card to the same Stripe account, not create a new one.

---

## 🧪 QA Notes

* Reproduce by attempting to delete the only card on a test Gopher account — confirm the ""Attention!"" modal appears and the card is not removed.
* Confirm in the Stripe dashboard that the connected account and payout history are still present after the attempt.
* Add a second card, delete the original, and confirm the new card becomes the active payout method.
* Test with an expired or otherwise invalid card as the only card — confirm the block still applies.
* Test on both iOS and Android.
* Re-attach the modal screenshot directly to this ticket (the existing `blob:` URL does not render for other users).
* **Figma reference:** https://www.figma.com/design/g7DWLbI86O6SqiwITY7jeL/%E2%9C%8F%EF%B8%8F-Gopher-UI_UX?node-id=7046-28668

---

## 🧠 Dependencies / Notes

* This bug is closely related to the payout-failure flow tickets — if a payout fails because the only card is invalid, the resolution path depends on the Gopher being able to add a replacement card. The block here ensures the Gopher cannot accidentally orphan their Stripe account during that recovery flow.
* Design alignment is needed on the ""Add New Card"" CTA question raised above before development begins.

",https://gopherapp.atlassian.net/browse/G40-194
G40-199,Task,Gopher GO - GOPHER Pro/Pro+ Rebranding To Gopher Elite,To Do,Low,,,John Newbury,worker,,2025-09-09T22:01:26.454+0530,2026-06-09T01:18:38.924+0530,"Once Connect launches, the following Branding changes will take place. 

Gopher Pro will Become **Gopher Elite** 

Gopher Pro+ will become **Gopher Elite+**

Gophers who have been vetted for being licensed and insured with become **Gopher Pro**

We will grandfather our current Pro and Pro+ workers to Gopher Elite and Elite+

We need to add a feature through the app where a worker can submit their credentials to apply for a Gopher Pro",https://gopherapp.atlassian.net/browse/G40-199
G40-200,Task,Both Apps - Fraud Prevention Measures,To Do,Medium,,,John Newbury,spine,,2025-09-10T16:11:36.679+0530,2026-06-09T01:10:12.388+0530,"A real fraud scenario has been identified on the platform: two accounts sharing the same address, one acting as a Requestor and the other acting as a Gopher submitting a counter offer, with the payment subsequently declining. This type of collusion-based fraud — where a bad actor controls both sides of a transaction — is one of several fraud patterns that must be detected, flagged, and actioned. This ticket covers implementing platform-wide fraud detection signals and automated response logic to identify and prevent known fraud patterns across both apps.

## 🧑‍💻 As a

platform operator and admin,

## 🎯 I want

the system to automatically detect and flag known fraud patterns across both apps,

## ✅ So that

fraudulent transactions are blocked or reviewed before they cause financial harm, and repeat bad actors can be identified and removed from the platform.

## 💡 Context / Background

* The Gopher platform is a two-sided marketplace where Requestors and Gophers interact, creating opportunity for both payment fraud and collusion-based abuse.
* A real incident was observed: two accounts sharing the same address, where one account submitted a request and the other submitted a counter offer as a Gopher. The payment on the Requestor’s account then declined. This is a textbook collusion/self-dealing fraud pattern.
* Marketplace fraud typically falls into several categories: collusion/self-dealing (controlling both sides of a transaction), payment fraud (declined cards, stolen cards, card testing), account abuse (multiple accounts from the same device or address), and chargeback fraud (completing a transaction then disputing it).
* Detection must combine passive signals (device ID, IP address, geolocation, account creation timing) and active signals (billing address, phone number, email) to identify linked accounts and suspicious patterns.

## ⚠️ Known Fraud Patterns to Detect

### 1. Self-Dealing / Collusion (Same Person, Both Sides)

* Two accounts sharing the same address, device ID, phone number, or IP address, where one acts as Requestor and the other as Gopher
* One account submits a request; the linked account submits a bid or counter offer
* Payment declines after the transaction is accepted
* Mutual 5-star ratings exchanged between linked accounts to build false credibility

### 2. Multi-Account Abuse (Same Individual, Multiple Accounts)

* Multiple accounts created from the same device ID or IP address in a short window
* Multiple accounts sharing the same billing address, phone number, or email domain
* Accounts created in rapid succession (e.g. two accounts within hours of each other)
* Banned or suspended users re-registering under a new account with matching device or contact details

### 3. Payment Fraud

* High volume of card declines on a new or recently created account
* Multiple different payment methods attempted in a short time window (card testing)
* Billing address does not match the card’s AVS record
* IP address or device location does not match the billing address country or state
* Payment declines after a request is accepted — especially when this pattern repeats across multiple requests

### 4. Chargeback Fraud

* A Requestor completes a request and receives the service, then disputes the charge
* Pattern of completed requests followed by chargebacks from the same account

### 5. New Account High-Risk Behavior

* Account created and request submitted within minutes of sign-up
* First transaction is unusually high value
* Account created with a temporary or disposable email address

### 6. Rating Manipulation

* Burst of 5-star ratings on a new account from accounts sharing device ID or IP
* Two accounts with a history of rating each other highly across multiple transactions

## 🛡️ Detection & Response Framework

### Passive Signals to Collect and Cross-Reference

* **Device ID** — flag accounts sharing the same device ID
* **IP Address** — flag accounts created or transacting from the same IP in a short window
* **GPS/Geolocation** — flag significant mismatches between device location and billing address
* **Account creation timestamp** — flag accounts created within a short window of each other with shared signals

### Active Signals to Cross-Reference

* **Billing/physical address** — flag multiple accounts sharing the same address
* **Phone number** — flag accounts with matching or sequential phone numbers
* **Email domain** — flag use of disposable email domains or matching email patterns
* **Payment method** — flag multiple accounts using the same card BIN or declining card pattern

### Automated Response Tiers

* **Flag for review** — suspicious signals identified; transaction proceeds but is queued for admin review
* **Block transaction** — high-confidence fraud signal; transaction is blocked and user is notified
* **Suspend account** — confirmed or repeat fraud; account is suspended pending admin review
* **Link accounts** — admin panel shows linked account relationships so the full fraud ring is visible

## ✅ Acceptance Criteria

### Scenario 1 – Self-dealing / collusion is detected and flagged

* **Given** two accounts share the same address, device ID, or phone number
* **When** one account submits a request and the other submits a bid or counter offer on the same request
* **Then** the system flags the transaction for review and prevents the self-dealing bid from being surfaced or accepted

### Scenario 2 – Multiple accounts from the same device are detected

* **Given** two or more accounts are created from the same device ID or IP address
* **When** the second account is created or first transacts
* **Then** the system flags the accounts as potentially linked and queues them for admin review

### Scenario 3 – Repeated payment declines on a new account are flagged

* **Given** a recently created account experiences multiple payment declines in a short window
* **When** the threshold of declines is exceeded
* **Then** the account is flagged and further payment attempts are blocked pending review

### Scenario 4 – Admin can view linked accounts in the admin panel

* **Given** the system has identified accounts with shared signals
* **When** an admin views either account
* **Then** the admin panel displays the linked account relationships and the signals that triggered the link

## ⚙️ Business Rules

* A Gopher account must never be permitted to bid on or accept a request submitted by an account that shares their device ID, IP address, billing address, or phone number.
* All fraud signals must be logged against the account and visible to admins.
* Repeat fraud signals must escalate the automated response tier (flag → block → suspend).
* Linked account relationships must be surfaced in the admin panel so the full scope of a fraud ring can be investigated at once.
* This applies to both the Gopher App and Gopher Go.

## 🧠 Dependencies / Notes

* Device fingerprinting must be implemented or verified as active on both apps to enable device ID-based signal collection.
* Stripe Radar rules (configured in the Stripe Dashboard) can be used to automatically block or flag transactions that fail AVS, CVC, or match known fraud patterns. Reference: https://docs.stripe.com/radar
* Consider integrating a dedicated fraud intelligence platform (e.g. Sift, Sardine, Unit21, or Persona) for graph-based linked account detection and behavioral analytics at scale.
* The admin panel must be updated to expose: fraud signal flags, linked account relationships, and account risk scores.
* Related ticket: G40-11 (Additional User Info Required For Security) — billing address and full card details collected there feed directly into AVS and fraud scoring here.
* Work with legal/compliance to confirm data retention and cross-account signal sharing is compliant with applicable privacy regulations.

## 🧪 QA Notes

* Create two accounts with the same address and have one bid on the other’s request — confirm the self-dealing flag fires and the bid is blocked.
* Create two accounts from the same device — confirm both accounts are flagged as linked in the admin panel.
* Simulate multiple payment declines on a new account — confirm the account is flagged and blocked after the threshold is reached.
* In the admin panel, view a flagged account — confirm linked accounts and the signals that triggered the link are visible.
* Confirm legitimate accounts with shared household addresses (e.g. two family members) are reviewed rather than auto-blocked, to minimize false positives.
* Test on both the Gopher App and Gopher Go.

",https://gopherapp.atlassian.net/browse/G40-200
G40-202,Task,Gopher Go - Completed Request - Rate The Requestor - Add Block Requestor,To Do,Medium,,,John Newbury,worker,,2025-09-13T02:13:12.487+0530,2026-06-09T01:18:38.431+0530,"Currently, Gophers have no way to block a Requestor they do not want to work with again. During the post-completion rating flow in Gopher Go, a block checkbox must be added so the Gopher can opt out of receiving future requests from that Requestor. If selected, the Requestor is added to the Gopher’s blocked list and will no longer be matched with them.

## 🧑‍💻 As a

Gopher who has just completed a request,

## 🎯 I want

to be able to block a Requestor during the rating process so I do not receive their requests in the future,

## ✅ So that

I have control over which Requestors I work with and can avoid being matched with someone I had a poor experience with.

## 💡 Context / Background

* Requestors currently have the ability to block Gophers. This ticket extends the same protection to Gophers — giving them the ability to block Requestors they do not want to work with again.
* The block option is presented as a checkbox on the post-completion rating screen with the label: ""Do not send me requests from this Requestor again.""
* The checkbox is optional — the Gopher is not required to check it. Rating submission proceeds regardless.
* If checked, the Requestor is added to the Gopher’s blocked list and future requests from that Requestor will not be surfaced to the Gopher.

## ❌ Current Behavior

* Gophers have no ability to block a Requestor at any point in the current flow
* The post-completion rating screen does not include a block option

## ✅ Expected Behavior

* The post-completion rating screen in Gopher Go includes an optional checkbox: ""Do not send me requests from this Requestor again.""
* If the Gopher checks the box and submits the rating, the Requestor is added to the Gopher’s blocked list
* If the box is not checked, no block action is taken and rating proceeds as normal
* Once blocked, future requests from the blocked Requestor are not shown to or matched with the Gopher

## ✅ Acceptance Criteria

### Scenario 1 – Block checkbox appears on the rating screen

* **Given** a Gopher has completed a request and is on the rating screen
* **When** the rating screen loads
* **Then** an optional checkbox is displayed with the label ""Do not send me requests from this Requestor again.""

### Scenario 2 – Checking the box blocks the Requestor on rating submission

* **Given** a Gopher has checked the block checkbox and submits their rating
* **When** the rating is submitted
* **Then** the Requestor is added to the Gopher’s blocked list
* **And** future requests from that Requestor are no longer shown to or matched with the Gopher

### Scenario 3 – Not checking the box has no effect on matching

* **Given** a Gopher does not check the block checkbox and submits their rating
* **When** the rating is submitted
* **Then** no block action is taken and the Requestor continues to appear in the Gopher’s available requests as normal

### Scenario 4 – Blocked Requestor’s requests are excluded from the Gopher’s Available tab

* **Given** a Gopher has blocked a Requestor
* **When** the blocked Requestor submits a new request
* **Then** the request does not appear in the Gopher’s Available tab and the Gopher is not notified of it

## ⚙️ Business Rules

* The block checkbox is optional — a Gopher may submit their rating without blocking.
* The block action is only processed if the checkbox is checked at the time of rating submission.
* Once a Requestor is blocked by a Gopher, that Requestor’s future requests must not be surfaced to or matched with that Gopher.
* The block is one-directional — it affects the Gopher’s view only and does not notify the Requestor.

## 🧠 Dependencies / Notes

* A Gopher-side blocked Requestors list must exist or be created in the data model to store these relationships.
* The request matching and Available tab filtering logic must be updated to exclude requests from Requestors on the Gopher’s blocked list.
* The block should be applied at the same time the rating is saved — both actions in a single submission.
* Figma design reference: https://www.figma.com/design/aRFH8dqUfSHLJTb89VZYNh/Jira-Tickets?node-id=99-11894

## 🧪 QA Notes

* Complete a request as a Gopher — confirm the block checkbox appears on the rating screen with the correct label.
* Check the box and submit the rating — confirm the Requestor is added to the Gopher’s blocked list.
* Have the blocked Requestor submit a new request — confirm it does not appear in the Gopher’s Available tab.
* Submit a rating without checking the box — confirm no block is applied and the Requestor’s future requests appear normally.
* Confirm the Requestor is not notified when they are blocked.
* Test on both iOS and Android.

",https://gopherapp.atlassian.net/browse/G40-202
G40-203,Task,Both Apps - Changing Phone Number,To Do,Medium,,,John Newbury,spine,,2025-09-22T23:57:05.349+0530,2026-07-01T19:50:38.293+0530,"Users currently have no self-service way to change their phone number. Because the phone number is the primary authentication method (SMS OTP login) and is linked to payment and payout accounts, any phone number change flow must follow strict security best practices to prevent account takeover. The only current path is through an admin, which creates unnecessary support burden. This ticket implements a secure, self-service phone number change flow for both apps.

## 🧑‍💻 As a

Gopher App or Gopher Go user who needs to update their phone number,

## 🎯 I want

to change my phone number securely from within the app without requiring admin intervention,

## ✅ So that

I can keep my account up to date when my number changes, without losing access to my account or disrupting my linked payment accounts.

## 💡 Context / Background

* The phone number is the primary authentication identifier — it is used for SMS OTP login across both apps.
* Because of this, changing the phone number is a high-security action. A bad actor who gains temporary access to a device could attempt to hijack an account by swapping in their own number.
* The phone number is also associated with payment accounts (Stripe) and payout accounts (Gopher Go). Any change must not disrupt or detach these linked accounts.
* Best practice for phone number changes requires dual verification: OTP to the current number (proving possession) AND OTP to the new number (proving the new number is accessible) before the change is committed.
* A security notification must be sent to the old number after the change is completed, so the legitimate user is alerted if their number was changed without their knowledge.

## 🔀 Phone Number Change Flow

### Step 1 – User Initiates Change

* User navigates to Account → Settings → Change Phone Number
* The current phone number is displayed (partially masked, e.g. ••••••1234)
* User taps Change and enters their new phone number

### Step 2 – Verify Current Number (Possession Check)

* An OTP is sent to the current phone number on file
* The user must enter the OTP to prove they still have access to the current number before the change can proceed
* If the OTP is incorrect or expires, the change is blocked

### Step 3 – Verify New Number

* An OTP is sent to the new phone number entered by the user
* The user must enter the OTP to confirm ownership of the new number
* If the OTP is incorrect or expires, the change is blocked

### Step 4 – Change is Committed

* Once both OTPs are verified, the phone number is updated on the account
* All linked payment and payout accounts (Stripe) remain associated with the account — the phone number change must not detach or reset them
* A security notification SMS is sent to the old phone number: ""Your Gopher account phone number was recently changed. If you did not do this, please contact support immediately.""
* The user is signed out of all other active sessions and must re-authenticate with the new number

## ❌ Current Behavior

* There is no self-service phone number change option in either app
* Users must contact admin to change their phone number

## ✅ Expected Behavior

* Users can initiate a phone number change from Account Settings
* The change requires dual OTP verification: current number then new number
* The phone number is updated without disrupting linked payment or payout accounts
* A security alert SMS is sent to the old number confirming the change
* All other active sessions are signed out after the change

## ✅ Acceptance Criteria

### Scenario 1 – User can initiate a phone number change from settings

* **Given** a user navigates to Account → Settings
* **When** they tap Change Phone Number
* **Then** they are prompted to enter their new phone number

### Scenario 2 – OTP sent to current number must be verified first

* **Given** a user has entered a new phone number
* **When** they proceed
* **Then** an OTP is sent to the current number on file and must be verified before the process continues

### Scenario 3 – OTP sent to new number must be verified before change is committed

* **Given** the current number OTP has been verified
* **When** the user proceeds
* **Then** an OTP is sent to the new number and must be verified before the change is committed

### Scenario 4 – Phone number is updated after both OTPs are verified

* **Given** both OTPs have been successfully verified
* **When** the change is committed
* **Then** the phone number is updated on the account
* **And** a security alert SMS is sent to the old number
* **And** all other active sessions are signed out

### Scenario 5 – Linked payment and payout accounts are not disrupted

* **Given** a user has completed a phone number change
* **When** they view their payment or payout account
* **Then** all linked Stripe payment and payout accounts remain intact and functional

### Scenario 6 – Change is blocked if either OTP fails

* **Given** a user enters an incorrect OTP at either step
* **When** the incorrect OTP is submitted
* **Then** the phone number change is blocked and the user is prompted to retry or resend

## ⚙️ Business Rules

* Phone number changes require dual OTP verification — current number first, then new number. No change may be committed without both.
* A security alert SMS must always be sent to the old number after a successful change.
* All other active sessions must be invalidated after a phone number change.
* Linked Stripe payment and payout accounts must not be detached or reset as a result of the phone number change.
* A phone number already in use by another account cannot be assigned to a new account.
* This applies to both the Gopher App and Gopher Go.

## 🧠 Dependencies / Notes

* OTP delivery for both the current and new number must go through the existing SMS provider (Twilio or equivalent).
* Confirm with the backend team that the Stripe customer ID and payment method associations are stored against the platform account ID — not the phone number — so a phone number change does not affect them.
* Session invalidation must be implemented to sign out all other active sessions on phone number change.
* The new phone number must be checked against existing accounts before the change is committed to prevent number reassignment fraud.
* OTP expiry should be 5 minutes per code, with the ability to resend once per step.
* Figma design reference: https://www.figma.com/design/aRFH8dqUfSHLJTb89VZYNh/Jira-Tickets?node-id=99-12921

## 🧪 QA Notes

* Navigate to Account Settings and confirm the Change Phone Number option is available.
* Initiate a change — confirm OTP is sent to the current number and must be verified before proceeding.
* Enter the correct current OTP — confirm OTP is then sent to the new number.
* Enter the correct new OTP — confirm the phone number is updated successfully.
* Confirm a security alert SMS is sent to the old number after the change.
* Confirm all other active sessions are signed out after the change.
* Confirm linked payment and payout accounts remain intact after the change.
* Enter an incorrect OTP at either step — confirm the change is blocked and the user is prompted to retry.
* Attempt to change to a phone number already used by another account — confirm the change is blocked.
* Test on both the Gopher App and Gopher Go.
* Test on both iOS and Android.

",https://gopherapp.atlassian.net/browse/G40-203
G40-204,Task,Gopher Go - 2+ Workers Needed Labor Request - Add Pop-Up Modal To Avoid Unnecessary Cancellations,To Do,Medium,,,John Newbury,worker,,2025-09-29T19:51:18.396+0530,2026-06-09T01:18:37.826+0530,"When a Gopher attempts to select a labor request that requires 2 or more workers, a popup modal must appear before acceptance is confirmed. The modal ensures the Gopher fully understands the required headcount and any specific directions for the job before committing. This prevents cancellations caused by Gophers accepting multi-worker requests without realizing the staffing requirement.

## 🧑‍💻 As a

Gopher browsing available requests in Gopher Go,

## 🎯 I want

to be clearly informed of the worker headcount and job directions before accepting a 2+ worker request,

## ✅ So that

I only accept requests I can actually fulfill, reducing unnecessary cancellations and improving the experience for Requestors.

## 💡 Context / Background

* Some labor requests require multiple Gophers to complete the job (e.g. moving, heavy lifting, assembly).
* Gophers can currently accept these requests without being explicitly reminded of the headcount requirement at the point of acceptance.
* This leads to cancellations when a Gopher arrives alone or realizes after accepting that they cannot fulfill the staffing requirement.
* A confirmation modal must appear when a Gopher taps to select a 2+ worker request, surfacing the required headcount and any job-specific directions before the Gopher confirms acceptance.

## ❌ Current Behavior

* No popup or warning appears when a Gopher selects a 2+ worker request
* The Gopher can accept without being explicitly reminded of the headcount or job directions at that moment
* This contributes to unnecessary cancellations from Gophers who did not arrive prepared with the required number of workers

## ✅ Expected Behavior

* When a Gopher taps to select a request requiring 2 or more workers, a popup modal fires before the acceptance is confirmed
* The modal displays the required headcount and any relevant job directions
* The Gopher must actively confirm they understand and can fulfill the requirement before the request is accepted
* If the Gopher dismisses the modal without confirming, the request is not accepted

## ✅ Acceptance Criteria

### Scenario 1 – Modal fires when Gopher selects a 2+ worker request

* **Given** a Gopher taps on a request that requires 2 or more workers
* **When** the selection is tapped
* **Then** a popup modal appears displaying the required headcount and job directions before acceptance is confirmed

### Scenario 2 – Gopher confirms and request is accepted

* **Given** the modal has been shown to the Gopher
* **When** the Gopher taps the confirmation button
* **Then** the request is accepted and the standard acceptance flow proceeds

### Scenario 3 – Gopher dismisses the modal without confirming

* **Given** the modal has been shown to the Gopher
* **When** the Gopher dismisses the modal without confirming
* **Then** the request is not accepted and the Gopher is returned to the Available tab

### Scenario 4 – Modal does not appear for single-worker requests

* **Given** a Gopher taps on a request that requires only 1 worker
* **When** the selection is tapped
* **Then** no popup modal is shown and the standard acceptance flow proceeds as normal

## ⚙️ Business Rules

* The popup modal must fire for any request specifying 2 or more workers required.
* The modal must display the required headcount and any job-specific directions from the request.
* The Gopher must actively confirm — dismissing the modal without confirming must not accept the request.
* Single-worker requests are unaffected and do not trigger the modal.

## 🧠 Dependencies / Notes

* The required worker count must be readable from the request data at the point of selection to determine whether the modal should fire.
* The modal must pull the required headcount and directions from the request record dynamically.
* Figma design reference: https://www.figma.com/design/g7DWLbI86O6SqiwITY7jeL/%E2%9C%8F%EF%B8%8F-Gopher-UI_UX?node-id=6829-9746

## 🧪 QA Notes

* Tap a 2+ worker request — confirm the popup modal appears with the correct headcount and job directions.
* Confirm acceptance on the modal — confirm the request is accepted and the standard flow proceeds.
* Dismiss the modal without confirming — confirm the request is not accepted and the Gopher is returned to the Available tab.
* Tap a single-worker request — confirm no modal appears and acceptance proceeds normally.
* Test with requests specifying exactly 2, 3, and 4+ workers to confirm the modal fires in all cases.
* Test on both iOS and Android.

",https://gopherapp.atlassian.net/browse/G40-204
G40-205,Task,Gopher App - In-App Messaging - Add Favorite & Block A Gopher,To Do,Medium,,,John Newbury,request,,2025-10-06T22:57:00.495+0530,2026-06-15T02:43:03.909+0530,"When a Requestor views a Gopher’s profile from within an in-app messaging conversation, they must be able to add that Gopher as a Favorite or block them directly from the profile view. This extends the Favorite and Block capabilities that exist elsewhere in the app to the messaging context, ensuring a consistent experience across all surfaces where a Gopher’s profile can be accessed.

## 🧑‍💻 As a

Requestor who is in an in-app messaging conversation with a Gopher,

## 🎯 I want

to be able to add the Gopher as a Favorite or block them directly from their profile in the messaging view,

## ✅ So that

I can manage my Favorite and Blocked Gophers lists without having to leave the conversation or navigate elsewhere in the app.

## 💡 Context / Background

* Requestors can currently add Gophers as Favorites or block them from a completed request. This ticket extends those actions to the in-app messaging context.
* When a Requestor is in a messaging conversation, they can tap View Profile to see the Gopher’s profile.
* The Favorite and Block actions must now be available from this profile view, consistent with how they work in all other contexts where a Gopher’s profile is accessible.
* The underlying Favorite and Block logic, lists, and downstream effects (matching, request visibility) remain unchanged — this ticket only surfaces those actions in the messaging profile view.

## ❌ Current Behavior

* When a Requestor taps View Profile from a messaging conversation, the Favorite and Block options are not available
* The Requestor must navigate to a completed request or another context to access these actions for that Gopher

## ✅ Expected Behavior

* When a Requestor taps View Profile from a messaging conversation, the Gopher’s profile displays both a Favorite option and a Block option
* Tapping Favorite adds the Gopher to the Requestor’s Favorites list using the standard Favorite flow
* Tapping Block adds the Gopher to the Requestor’s Blocked Gophers list using the standard Block flow
* If the Gopher is already a Favorite, the Favorite button reflects that state (e.g. filled/active icon)
* If the Gopher is already blocked, the Block button reflects that state

## ✅ Acceptance Criteria

### Scenario 1 – Favorite and Block options appear on the Gopher profile in messaging

* **Given** a Requestor is in a messaging conversation and taps View Profile
* **When** the Gopher’s profile loads
* **Then** both the Favorite and Block options are visible on the profile

### Scenario 2 – Tapping Favorite adds the Gopher to the Favorites list

* **Given** a Requestor views a Gopher’s profile from messaging
* **When** the Requestor taps Favorite
* **Then** the Gopher is added to the Requestor’s Favorites list
* **And** the Favorite button updates to reflect the active state

### Scenario 3 – Tapping Block adds the Gopher to the Blocked list

* **Given** a Requestor views a Gopher’s profile from messaging
* **When** the Requestor taps Block
* **Then** the Gopher is added to the Requestor’s Blocked Gophers list
* **And** the Block button updates to reflect the active state

### Scenario 4 – Existing Favorite state is reflected correctly

* **Given** the Gopher is already in the Requestor’s Favorites list
* **When** the Requestor views the Gopher’s profile from messaging
* **Then** the Favorite button displays in its active/filled state

### Scenario 5 – Existing Block state is reflected correctly

* **Given** the Gopher is already in the Requestor’s Blocked Gophers list
* **When** the Requestor views the Gopher’s profile from messaging
* **Then** the Block button displays in its active state

## ⚙️ Business Rules

* Both the Favorite and Block options must be available on the Gopher’s profile when accessed from any in-app messaging conversation.
* The existing Favorite and Block logic, lists, and downstream matching effects are unchanged.
* The Favorite and Block button states must accurately reflect the current relationship between the Requestor and the Gopher at the time the profile is opened.
* A Gopher cannot be both a Favorite and Blocked simultaneously — adding to one list must remove from the other if applicable.

## 🧠 Dependencies / Notes

* The Gopher profile view component used in messaging must be updated to include the Favorite and Block action buttons.
* Button states (active/inactive) must be loaded from the Requestor’s Favorites and Blocked Gophers lists at the time the profile is opened.
* No changes to the underlying Favorite or Block logic are required.
* Figma design reference: https://www.figma.com/design/aRFH8dqUfSHLJTb89VZYNh/Jira-Tickets?node-id=99-13099

## 🧪 QA Notes

* Open a messaging conversation and tap View Profile — confirm both Favorite and Block options are visible.
* Tap Favorite — confirm the Gopher is added to the Favorites list and the button updates to active state.
* Tap Block — confirm the Gopher is added to the Blocked Gophers list and the button updates to active state.
* Open the profile for a Gopher already in Favorites — confirm the Favorite button shows as active.
* Open the profile for a Gopher already blocked — confirm the Block button shows as active.
* Add a Gopher as a Favorite who is currently blocked — confirm they are removed from the Blocked list.
* Test on both iOS and Android.

",https://gopherapp.atlassian.net/browse/G40-205
G40-209,Task,Gopher App - Submitted Request Info Modals Up To Cancellation,To Do,High,,,John Newbury,request,,2025-10-18T20:48:08.193+0530,2026-06-09T01:20:38.382+0530,"This ticket covers the full modal and notification flow a Requestor experiences from the moment a request is submitted through to potential cancellation. It includes the submission confirmation popup, the 10-minute no-activity reminder, the edit request flow, the rebroadcast logic, and the cancellation flow once a Gopher has accepted.

## 🧑‍💻 As a

Requestor who has submitted a request,

## 🎯 I want

to be guided through clear, timely modals and notifications from submission through to completion or cancellation,

## ✅ So that

I am always informed of my request status, have the opportunity to improve my offer if no Gophers respond, and can cancel responsibly if needed.

## 🔀 Complete Flow

### Step 1 – Submission Confirmation Modal

* Immediately after a request is submitted, a popup modal is shown with next steps
* The modal includes a ""Do Not Show Me Again"" option
* If selected, future ""Your request has been submitted"" popups are suppressed for this Requestor
* Figma reference: https://www.figma.com/design/aRFH8dqUfSHLJTb89VZYNh/Jira-Tickets?node-id=2-6164

### Step 2 – T+10 Min No-Activity Reminder

* If after 10 minutes there have been no bids, counter offers, or Gophers Interested, the Requestor receives a push notification and a popup modal
* The modal presents two options: Edit Request or OK
* Figma reference: https://www.figma.com/design/aRFH8dqUfSHLJTb89VZYNh/Jira-Tickets?node-id=2-6815

### Step 3A – Requestor Taps OK or Ignores the Reminder

* If the Requestor taps OK or ignores the reminder for 5 minutes, the request is automatically rebroadcast with the original details
* This rebroadcast does not extend the original broadcast end time

### Step 3B – Requestor Taps Edit Request

* A second popup is shown with two options: Change Offer or Edit Details
* Figma reference: https://www.figma.com/design/aRFH8dqUfSHLJTb89VZYNh/Jira-Tickets?node-id=5-1048

### Step 4A – Change Offer

* A simple prompt allows the Requestor to update their offer amount
* Requestor taps OK to confirm
* The request is rebroadcast with the updated offer
* Figma reference: https://www.figma.com/design/aRFH8dqUfSHLJTb89VZYNh/Jira-Tickets?node-id=5-1166

### Step 5 – Broadcast Duration Rules

* Edits, rebroadcasts, and ignored reminders do not extend or reset the original broadcast end time
* Example: a Delivery request submitted at 10:00 AM broadcasts until 11:00 AM. The T+10 reminder fires at 10:10 AM. If edited and rebroadcast, or ignored and rebroadcast at 10:15 AM, the broadcast still ends at 11:00 AM

### Step 6 – Cancellation Flow (After Acceptance, Before In Progress)

* Once a request is accepted by a Gopher, the Requestor may cancel — but only if the Gopher has not yet updated the request to In Progress
* The Requestor is first encouraged to contact the Gopher via text or call before cancelling
* If the Requestor still wishes to cancel, they are prompted to select a cancellation reason
* The cancellation reason is logged and an email is sent per current cancellation logic
* Once the Gopher updates the request to In Progress, the Requestor can no longer cancel
* Figma reference – cancellation: https://www.figma.com/design/aRFH8dqUfSHLJTb89VZYNh/Jira-Tickets?node-id=10-2312
* Figma reference – cancellation reason: https://www.figma.com/design/aRFH8dqUfSHLJTb89VZYNh/Jira-Tickets?node-id=11-2346

## ✅ Acceptance Criteria

### Scenario 1 – Submission confirmation modal appears on request submit

* **Given** a Requestor submits a request
* **When** the submission is confirmed
* **Then** the submission confirmation modal is displayed with next steps

### Scenario 2 – Do Not Show Me Again suppresses future submission popups

* **Given** a Requestor selects Do Not Show Me Again on the submission modal
* **When** they submit future requests
* **Then** the submission confirmation modal is no longer shown

### Scenario 3 – T+10 reminder fires when no activity

* **Given** a request has been live for 10 minutes with no bids, counter offers, or Gophers Interested
* **When** the 10-minute threshold is reached
* **Then** a push notification and popup modal are sent with Edit Request and OK options

### Scenario 4 – OK or ignored reminder triggers rebroadcast with original details

* **Given** the Requestor taps OK or ignores the reminder for 5 minutes
* **When** the condition is met
* **Then** the request is rebroadcast with the original details
* **And** the original broadcast end time is unchanged

### Scenario 5 – Edit Request shows Change Offer and Edit Details options

* **Given** the Requestor taps Edit Request from the reminder modal
* **When** the edit popup appears
* **Then** the Requestor is presented with Change Offer and Edit Details options

### Scenario 6 – Change Offer rebroadcasts with updated offer

* **Given** the Requestor selects Change Offer and enters a new amount
* **When** the Requestor taps OK
* **Then** the request is rebroadcast with the updated offer
* **And** the original broadcast end time is unchanged

### Scenario 7 – Requestor can cancel after acceptance but before In Progress

* **Given** a Gopher has accepted a request but has not yet updated it to In Progress
* **When** the Requestor initiates a cancellation
* **Then** the Requestor is first encouraged to contact the Gopher via text or call
* **And** if the Requestor proceeds, they are prompted to select a cancellation reason
* **And** the reason is logged and a cancellation email is sent

### Scenario 8 – Cancellation is blocked once In Progress

* **Given** a Gopher has updated the request to In Progress
* **When** the Requestor attempts to cancel
* **Then** the cancellation option is not available

## ⚙️ Business Rules

* The submission confirmation modal must be shown on every request submission unless the Requestor has previously selected Do Not Show Me Again.
* The T+10 no-activity reminder must only fire if there have been zero bids, counter offers, or Gophers Interested at the 10-minute mark.
* If the reminder is ignored for 5 minutes, the request is automatically rebroadcast with the original details.
* No edit, rebroadcast, or ignored reminder may extend or reset the original broadcast end time.
* Cancellation is only permitted after acceptance and before the Gopher updates the request to In Progress.
* The cancellation reason must always be captured, logged, and trigger the standard cancellation email.

## 🧠 Dependencies / Notes

* A background timer must track inactivity from submission to the T+10 threshold and cancel the reminder once any activity (bid, counter offer, or Gopher Interested) is recorded.
* The 5-minute ignored-reminder timer must also cancel and rebroadcast with original details if no edit action is taken.
* The broadcast end time must be stored at submission and respected regardless of subsequent rebroadcasts or edits.
* Cancellation logic must check the request status (accepted but not In Progress) before presenting the cancel option.
* Figma – Submission modal: https://www.figma.com/design/aRFH8dqUfSHLJTb89VZYNh/Jira-Tickets?node-id=2-6164
* Figma – T+10 reminder modal: https://www.figma.com/design/aRFH8dqUfSHLJTb89VZYNh/Jira-Tickets?node-id=2-6815
* Figma – Edit Request popup: https://www.figma.com/design/aRFH8dqUfSHLJTb89VZYNh/Jira-Tickets?node-id=5-1048
* Figma – Change Offer prompt: https://www.figma.com/design/aRFH8dqUfSHLJTb89VZYNh/Jira-Tickets?node-id=5-1166
* Figma – Cancellation flow: https://www.figma.com/design/aRFH8dqUfSHLJTb89VZYNh/Jira-Tickets?node-id=10-2312
* Figma – Cancellation reason: https://www.figma.com/design/aRFH8dqUfSHLJTb89VZYNh/Jira-Tickets?node-id=11-2346

## 🧪 QA Notes

* Submit a request — confirm submission modal appears.
* Select Do Not Show Me Again — confirm the modal does not appear on subsequent submissions.
* Submit a request with no activity for 10 minutes — confirm push notification and T+10 reminder modal fire.
* Tap OK on the reminder — confirm request rebroadcasts with original details and broadcast end time is unchanged.
* Ignore the reminder for 5 minutes — confirm automatic rebroadcast with original details.
* Tap Edit Request — confirm Change Offer and Edit Details popup appears.
* Select Change Offer, enter a new amount, and tap OK — confirm rebroadcast with updated offer and original end time.
* After a Gopher accepts, attempt to cancel before In Progress — confirm contact prompt appears first, then cancellation reason screen.
* Complete cancellation — confirm reason is logged and cancellation email is sent.
* After Gopher updates to In Progress, attempt to cancel — confirm cancellation option is unavailable.
* Test on both iOS and Android.

",https://gopherapp.atlassian.net/browse/G40-209
G40-211,Task,"Gopher Go — Capture ""Not Interested"" decline events with a reason picker, surface in a new Admin Panel report, and suppress re-broadcasts unless offer increases by $1+",To Do,Low,,,John Newbury,worker,,2025-10-19T18:01:00.103+0530,2026-06-09T01:18:37.317+0530,"## 🧑‍💻 As a

Gopher operations team trying to understand why Gophers decline broadcast requests,

## 🎯 I want

each ""Not Interested"" tap to capture the surrounding context plus a reason chosen by the Gopher, and to be surfaced in a new Admin Panel report,

## ✅ So that

we can identify systemic decline drivers (price, distance, time, item type) and feed that insight back into pricing, matching, and broadcast logic.

---

## 💡 Context / Background

* When a request is broadcast to nearby Gophers, each Gopher can either accept, ignore, or tap **""Not Interested""**. Today we capture nothing on the ""Not Interested"" event — we lose the signal entirely.
* The strategic goal is to understand _why_ Gophers decline so we can address the root causes (under-priced offers, too-far pickups, wrong time of day, unsuitable item types, etc.).
* A small **reason picker** on the decline tap is the lightest-weight way to convert what is currently a black-box signal into actionable data.
* This ticket also defines the **post-decline broadcast rule**: declining suppresses future broadcasts of that request to that Gopher **unless** the offer is re-broadcast at least **$1 higher** than the offer they last saw — effectively a price-discovery mechanism.

---

## ✅ Expected Behavior

### When a Gopher taps ""Not Interested""

1. A lightweight **reason picker modal** is displayed with the following options:

    * **Too far**
    * **Pay too low**
    * **Not the right time**
    * **Item type / wrong fit**
    * **Other** (with an optional free-text field)
    
2. The Gopher selects one option (and may add free text if Other), then taps Submit.
3. The decline event is **captured** with the fields listed below.
4. The broadcast is **dismissed** from the Gopher's view.
5. The Gopher is **excluded** from future broadcasts of that same request, **unless** a re-broadcast meets the price-discovery rule below.

### Re-broadcast eligibility (price-discovery rule)

* A Gopher who declined a broadcast is re-included in future broadcasts of the same request **only if** the offer is at least **$1 higher** than the offer the Gopher saw at the time of their decline.
* The threshold is measured per-Gopher against the offer amount they last saw, not against the request's original offer. If a Gopher declined at $10, they're re-eligible at $11+; if they then decline again at $11, they're re-eligible at $12+; and so on.

### Capture event fields

Each decline event records the following:

| Field | Source |
| --- | --- |
| Decline Event ID | system-generated |
| Order ID | from the broadcast |
| Gopher ID | the declining Gopher |
| Gopher current location at decline | device location at the moment of tap |
| Day / Time (timestamp) | server time + Gopher's local timezone |
| Request type | from the order (Delivery / Ride / Service / etc.) |
| Offer amount at decline | the offer the Gopher was shown |
| Cost of items amount | from the order |
| Distance from pickup | computed from Gopher current location → pickup |
| Time since broadcast received | computed from broadcast timestamp → decline timestamp |
| Reason | one of: Too far / Pay too low / Not the right time / Item type / Other |
| Free-text note | optional, only present when Reason = Other |

### Admin Panel report

Create a new report in the Admin Panel that surfaces decline events with the fields above. Report capabilities:

* Filterable by **date range**, **request type**, **reason**, and **Gopher ID**.
* Sortable on every column.
* CSV export of the filtered result set.
* Default view shows the most recent 30 days, newest first.

---

## 🧪 Acceptance Criteria

**Scenario 1 — Reason picker is shown on ""Not Interested""**

* **Given** a Gopher is viewing a broadcast,
* **When** the Gopher taps ""Not Interested,""
* **Then** the reason picker modal appears with the five options listed above.

**Scenario 2 — Reason and context are captured on submission**

* **Given** the reason picker is open,
* **When** the Gopher selects a reason and taps Submit (with optional free text when Reason = Other),
* **Then** a decline event is recorded with all twelve fields listed in the Capture Event Fields table.

**Scenario 3 — Gopher is excluded from future broadcasts at the same or lower offer**

* **Given** a Gopher declined a broadcast at offer $X,
* **When** the request is re-broadcast at offer ≤ $X,
* **Then** the Gopher is **not** included in that re-broadcast.

**Scenario 4 — Gopher is re-included when offer increases by $1 or more**

* **Given** a Gopher declined a broadcast at offer $X,
* **When** the request is re-broadcast at offer ≥ $X + 1,
* **Then** the Gopher **is** eligible to receive that re-broadcast.

**Scenario 5 — The $1 threshold is per-Gopher and progressive**

* **Given** a Gopher declined at $10 and again at $11 on the same request,
* **When** the request is re-broadcast at $11 or $12,
* **Then** the Gopher is excluded from a $11 re-broadcast and eligible at $12+.

**Scenario 6 — Free text only captured for Other**

* **Given** the Gopher selects a reason other than Other,
* **When** the decline event is recorded,
* **Then** the free-text note field is empty / null.

**Scenario 7 — Report visibility and default view**

* **Given** the feature has shipped,
* **When** an admin opens the new Decline Events report in the Admin Panel,
* **Then** the report displays decline events from the last 30 days, newest first, with all twelve fields visible as columns.

**Scenario 8 — Report filters and export**

* **Given** an admin is viewing the Decline Events report,
* **When** the admin filters by date range, request type, reason, or Gopher ID,
* **Then** the displayed rows are scoped to the filter, and the admin can export the filtered result set as a CSV.

**Scenario 9 — Decline does not affect other requests**

* **Given** a Gopher declines broadcast for Request A,
* **When** other broadcasts for unrelated requests come through,
* **Then** the Gopher's eligibility for those other requests is unaffected.

---

## 📐 Business Rules

* A ""Not Interested"" tap is always accompanied by a reason — the modal is non-skippable. (If a way to cancel the modal is needed, cancelling treats the original tap as if it never happened: no decline event is recorded and the broadcast remains visible.)
* The decline event is recorded **once per (Gopher, broadcast)** — a double-tap or rapid duplicate submission produces a single record.
* After a decline, the Gopher is suppressed from future broadcasts of the same request **unless** the next broadcast meets the +$1 price-discovery threshold relative to the offer the Gopher last saw.
* The +$1 threshold is per-Gopher and progressive — each subsequent decline raises the bar by another $1 above whatever the Gopher last saw.
* Decline events are immutable once written. The free-text note may not be edited after submission.
* The Decline Events report is admin-only — not exposed to Gophers or Requestors.
* This applies to Gopher Go only — the Gopher (Requestor) app is not in scope.

---

## 🔎 Implementation Considerations

* The decline event should be written **server-side** at the moment the modal is submitted. Client-only capture would lose events on network/app failure mid-flight.
* The price-discovery suppression should be enforced at the broadcast-recipient-selection stage, server-side. The simplest implementation is a per-(Gopher, request) record holding the last-seen offer amount; broadcast eligibility = `new_offer >= last_seen_offer + 1`.
* Distance from pickup and time since broadcast can be computed on write (preferred, for query performance) or on read.
* Gopher current location at decline depends on a fresh location reading. If the location is stale or unavailable, capture the most recent known location and flag it with a timestamp so analysis can account for staleness.
* Free text on Other should be capped at a reasonable length (e.g., 280 chars) and sanitised before write.
* Recommend exposing this report's underlying table to any existing BI / analytics pipeline so it can be joined against orders and broadcasts for richer cohort analysis.

---

## 🧪 QA Notes

* Trigger a broadcast to a test Gopher, tap ""Not Interested,"" select each reason in turn, and confirm the decline event captures every field correctly.
* Tap ""Not Interested,"" select Other, enter free text, and confirm the free text is stored.
* Repeat with a non-Other reason and confirm the free-text field is empty.
* Re-broadcast the same request to the same Gopher at the same offer — confirm they are excluded.
* Re-broadcast at offer + $0.50 — confirm still excluded.
* Re-broadcast at offer + $1 — confirm now included.
* Have the Gopher decline at the higher offer, then re-broadcast at the next $1 increment and confirm the per-Gopher progressive rule works.
* Open the Admin Panel report and confirm filters (date range, request type, reason, Gopher ID), column sorting, and CSV export all work as specified.
* Trigger broadcasts for unrelated requests after a decline and confirm the Gopher's eligibility for those is unaffected.
* Test on both iOS and Android.

---

## 🧠 Dependencies / Notes

* Depends on the existing broadcast-recipient-selection system being modifiable to accept a per-(Gopher, request) suppression rule with a price-threshold check.
* Depends on device-location availability at the moment of decline. If location is unreliable on some devices/permissions states, the event should still capture (with location null / stale flag) rather than fail.
* Out of scope: surfacing this data back to Requestors (""3 nearby Gophers said your offer was too low — raise it?"") — worth considering as a follow-up once the decline data shows clear patterns.

",https://gopherapp.atlassian.net/browse/G40-211
G40-212,Task,Both Apps - Refer App Enhancement and bug fix,To Do,High,,,John Newbury,spine,,2025-10-19T21:34:52.948+0530,2026-06-15T02:42:36.817+0530,"The Refer App page in both the Gopher App and Gopher Go needs to be updated to clearly distinguish which specific app is being referred. The new universal layout dynamically adjusts based on the user’s role (Requestor or Gopher) and which app they are referring (Gopher App or Gopher Go). QR codes must deep link to the correct app store listing, and role-specific options (Recommend MY Gophers, Refer Yourself) must appear only in the appropriate flows.

## 🧑‍💻 As a

Requestor or Gopher using the Refer App feature,

## 🎯 I want

to clearly refer the correct app with a personalized QR code and sharing options specific to my role,

## ✅ So that

the person I refer is taken to the right app, and I receive proper credit through the referral tracking system.

## 💡 Context / Background

* The current Refer App page does not distinguish between referring the Gopher App (consumer) and Gopher Go (worker), creating confusion for both referrers and recipients.
* The new universal Refer App screen replaces the current one and dynamically adjusts its content based on the user’s role and the app being referred.
* QR codes must embed the correct deep link for the selected app so that scanning routes the recipient to the correct app store listing.
* Track Referral History, refer by email, and refer by SMS remain unchanged.

## 🔀 Flow Matrix

### Requestor → Referring the Gopher App

* **Includes:** Recommend MY Gophers option
* QR scan result: recipient sees the Gopher App Get Started screen; tapping Get Started routes to the Gopher Request App store listing
* Figma: https://www.figma.com/design/H6THlatWvwT6ESI2j4MPTi/Final-Flows?node-id=148-5436
* QR scan result Figma: https://www.figma.com/design/H6THlatWvwT6ESI2j4MPTi/Final-Flows?node-id=148-6054

### Requestor → Referring Gopher Go

* **Does not include:** Recommend MY Gophers
* QR scan result: recipient sees the Gopher Go Get Started screen; tapping Get Started routes to the Gopher Go App store listing
* Figma: https://www.figma.com/design/H6THlatWvwT6ESI2j4MPTi/Final-Flows?node-id=148-5566
* QR scan result Figma: https://www.figma.com/design/H6THlatWvwT6ESI2j4MPTi/Final-Flows?node-id=148-6055

### Gopher → Referring the Gopher App

* **Does not include:** Recommend MY Gophers
* QR scan result: recipient sees the Gopher App Get Started screen; tapping Get Started routes to the Gopher Request App store listing
* Figma: https://www.figma.com/design/H6THlatWvwT6ESI2j4MPTi/Final-Flows?node-id=148-5613
* QR scan result Figma: https://www.figma.com/design/H6THlatWvwT6ESI2j4MPTi/Final-Flows?node-id=148-6054

### Gopher → Referring Gopher Go

* **Includes:** Refer Yourself option (unique to this flow only)
* QR scan result: recipient sees the Gopher Go Get Started screen; tapping Get Started routes to the Gopher Go App store listing
* Figma: https://www.figma.com/design/H6THlatWvwT6ESI2j4MPTi/Final-Flows?node-id=148-5512

## 🔑 Role-Specific Button Rules

* **Recommend MY Gophers** — appears only when a Requestor is referring the Gopher App
* **Refer Yourself** — appears only when a Gopher is referring Gopher Go

## ❌ Current Behavior

* The Refer App page does not distinguish between the two apps being referred
* QR codes do not dynamically route to the correct app store based on the referred app
* Role-specific options (Recommend MY Gophers, Refer Yourself) are not correctly gated by user role and app selection

## ✅ Expected Behavior

* The new universal Refer App screen is in place for both apps
* The screen dynamically adjusts content based on the user’s role and the app being referred
* QR codes embed the correct deep link and route the scanning device to the appropriate Get Started screen and app store listing
* Recommend MY Gophers and Refer Yourself appear only in their respective flows
* Track Referral History, refer by email, and refer by SMS are unchanged

## ✅ Acceptance Criteria

### Scenario 1 – Requestor referring Gopher App includes Recommend MY Gophers

* **Given** a Requestor selects the Gopher App on the Refer App screen
* **When** the referral screen loads
* **Then** the Recommend MY Gophers option is visible

### Scenario 2 – Requestor referring Gopher Go does not include Recommend MY Gophers

* **Given** a Requestor selects Gopher Go on the Refer App screen
* **When** the referral screen loads
* **Then** the Recommend MY Gophers option is not shown

### Scenario 3 – Gopher referring Gopher Go includes Refer Yourself

* **Given** a Gopher selects Gopher Go on the Refer App screen
* **When** the referral screen loads
* **Then** the Refer Yourself option is visible

### Scenario 4 – Gopher referring Gopher App does not include Refer Yourself

* **Given** a Gopher selects the Gopher App on the Refer App screen
* **When** the referral screen loads
* **Then** the Refer Yourself option is not shown

### Scenario 5 – QR code routes to the correct app store listing

* **Given** a user shares a referral QR from any of the four flows
* **When** the QR is scanned
* **Then** the scanning device sees the correct Get Started screen for the referred app
* **And** tapping Get Started routes to the correct App Store or Play Store listing

### Scenario 6 – Track Referral History, email, and SMS referral are unchanged

* **Given** a user accesses any referral method other than QR
* **When** they use Track Referral History, refer by email, or refer by SMS
* **Then** the behavior is identical to the current implementation — no changes

## ⚙️ Business Rules

* **Recommend MY Gophers** must only appear when a Requestor is referring the Gopher App — no other flow.
* **Refer Yourself** must only appear when a Gopher is referring Gopher Go — no other flow.
* QR codes must always embed the correct deep link for the app being referred.
* The Get Started landing page shown to the QR scanner must correspond to the specific app being referred.
* Track Referral History, email, and SMS referral logic must not be changed.
* All screens must match Figma exactly for copy, spacing, icons, and layout.

## 🧠 Dependencies / Notes

* QR deep link generation must be updated to dynamically embed the correct app destination based on the user’s role and app selection.
* The Refer App screen must receive the user’s role (Requestor or Gopher) at load time to conditionally render the correct options.
* Figma – Parent flow: https://www.figma.com/design/H6THlatWvwT6ESI2j4MPTi/Final-Flows?node-id=148-3622
* Figma – Universal new Refer App screen: https://www.figma.com/design/H6THlatWvwT6ESI2j4MPTi/Final-Flows?node-id=148-5409
* Figma – Requestor → Gopher App: https://www.figma.com/design/H6THlatWvwT6ESI2j4MPTi/Final-Flows?node-id=148-5436
* Figma – Requestor → Gopher Go: https://www.figma.com/design/H6THlatWvwT6ESI2j4MPTi/Final-Flows?node-id=148-5566
* Figma – Gopher → Gopher App: https://www.figma.com/design/H6THlatWvwT6ESI2j4MPTi/Final-Flows?node-id=148-5613
* Figma – Gopher → Gopher Go: https://www.figma.com/design/H6THlatWvwT6ESI2j4MPTi/Final-Flows?node-id=148-5512
* Figma – QR scan result (Gopher App): https://www.figma.com/design/H6THlatWvwT6ESI2j4MPTi/Final-Flows?node-id=148-6054
* Figma – QR scan result (Gopher Go): https://www.figma.com/design/H6THlatWvwT6ESI2j4MPTi/Final-Flows?node-id=148-6055

## 🧪 QA Notes

* Test all four flows: Requestor → Gopher App, Requestor → Gopher Go, Gopher → Gopher App, Gopher → Gopher Go.
* Verify Recommend MY Gophers appears only for Requestor → Gopher App.
* Verify Refer Yourself appears only for Gopher → Gopher Go.
* Scan each QR code — confirm the correct Get Started screen is shown for the referred app.
* Tap Get Started after scanning each QR — confirm routing to the correct App Store / Play Store listing.
* Verify Track Referral History, refer by email, and refer by SMS are unchanged across all flows.
* Verify all screens match Figma exactly for copy, spacing, icons, and layout.
* Test on both iOS and Android.

",https://gopherapp.atlassian.net/browse/G40-212
G40-216,Bug,Gopher Go — Allow Gopher to send photo attachments in in-app messaging once accepted onto a request (parity with Requestor),To Do,Low,,,John Newbury,worker,,2025-11-12T13:59:04.508+0530,2026-06-09T01:18:36.807+0530,"## 🧑‍💻 As a

Gopher Go user who has been accepted onto a request,

## 🎯 I want

to send a picture to the Requestor via the in-app messaging feature — with the same experience the Requestor already has when sending a picture to me,

## ✅ So that

I can communicate visual information clearly when a call or text alone would be ambiguous (item condition, location landmark, problem documentation, completion proof).

---

## 💡 Context / Background

* **Requestors already have full photo-attachment functionality** in in-app messaging — the experience, picker, preview, send, and viewing behavior all already exist.
* This ticket brings the **Gopher side to parity** with the Requestor's existing functionality. The only Gopher-specific addition is the gating rule below.
* Photo attachments must NOT be available to a Gopher **before** they have been accepted onto a request. This is an anti-circumvention measure — a Gopher who has only bid or been listed should not be able to share images that could be used to take the engagement off-platform.
* Once accepted, photo attachments remain available for the **life of the request**, and are disabled when the request reaches a Completed or Canceled status.

---

## ✅ Expected Behavior

* A Gopher who has been **accepted** onto an active request can attach and send photos in in-app messaging to that request's Requestor, using **the exact same functionality that the Requestor already has** — same picker, same source options (camera / library), same preview, same caption support, same per-message attachment limit, same in-thread display, same tap-to-view-full-size, same any other behavior that exists on the Requestor side.
* A Gopher who has **not** been accepted onto the request cannot attach or send photos. Text messaging behavior pre-acceptance is unchanged.
* Once the request reaches **Completed** or **Canceled**, photo attachments become unavailable on the Gopher side (consistent with the lifecycle of the request).

---

## 🔑 Implementation Approach

* The Requestor's existing photo-attachment implementation is the **reference spec**. Mirror that behavior on the Gopher side.
* The only new logic is the **acceptance gate**: photo attachment functionality is only enabled for a Gopher when their relationship to the request is `Accepted` and the request status is active (not Completed or Canceled).
* No new picker, picker UI, image storage, upload, or viewing component should be built — reuse what the Requestor flow uses.

---

## 🧪 Acceptance Criteria

**Scenario 1 — Accepted Gopher can send a photo**

* **Given** a Gopher has been accepted onto an active request,
* **When** the Gopher opens the in-app message thread for that request and attaches a photo,
* **Then** the photo sends successfully and appears in the thread for both the Gopher and the Requestor, with the same behavior the Requestor's photo attachments already have.

**Scenario 2 — Pre-acceptance Gopher cannot send a photo**

* **Given** a Gopher has bid on or been listed for a request but has not been accepted,
* **When** the Gopher opens the message thread for that request,
* **Then** photo attachment functionality is not available to the Gopher — text messaging continues to work as before.

**Scenario 3 — Feature parity with Requestor side**

* **Given** a Gopher is sending a photo on an accepted request,
* **When** the Gopher uses any aspect of the photo flow (source selection, preview, caption, send, viewing, tap-to-expand, etc.),
* **Then** every behavior matches the Requestor's existing photo-attachment functionality exactly — no Gopher-specific UX divergence.

**Scenario 4 — Requestor-side behavior unchanged**

* **Given** the fix is shipped,
* **When** a Requestor sends a photo to a Gopher in in-app messaging,
* **Then** the Requestor's experience is identical to pre-change — no regression on the Requestor side.

**Scenario 5 — Photo attachments disabled at Completed status**

* **Given** an accepted Gopher could send photos during an active request,
* **When** the request transitions to Completed,
* **Then** photo attachment functionality is no longer available to the Gopher for that request.

**Scenario 6 — Photo attachments disabled at Canceled status**

* **Given** an accepted Gopher could send photos during an active request,
* **When** the request transitions to Canceled,
* **Then** photo attachment functionality is no longer available to the Gopher for that request.

**Scenario 7 — Historical photos remain visible after lifecycle end**

* **Given** photos were exchanged during the active lifecycle of a request,
* **When** the request reaches Completed or Canceled,
* **Then** previously sent photos remain visible in the thread — only the ability to send new photos is disabled.

---

## 📐 Business Rules

* Gopher photo attachment is **gated on two conditions**: the Gopher has an `Accepted` relationship to the request, AND the request status is active (not Completed or Canceled). Both must be true.
* The gate must be enforced **server-side** before the message is persisted — not client-side only. A client that tries to send a photo without an accepted-and-active relationship should be rejected by the API.
* All photo-attachment behavior on the Gopher side **must match the Requestor side exactly**. Any difference in behavior is a bug.
* The Requestor's existing photo flow is **not in scope to modify** — this ticket adds Gopher-side functionality and the acceptance gate only.
* Messaging (including photos exchanged during the request's life) persists for audit and dispute purposes after Completed/Canceled — only the **ability to send new** photos is disabled at lifecycle end.

---

## 🧪 QA Notes

* Test with a Gopher in each relevant state against the same active request:

    * Not yet bid — photo attachment unavailable.
    * Bid placed but not accepted — photo attachment unavailable.
    * Accepted — photo attachment available.
    * Request transitions to Completed — photo attachment becomes unavailable; existing photos remain visible.
    * Request transitions to Canceled — photo attachment becomes unavailable; existing photos remain visible.
    
* Verify the Requestor's photo flow is unchanged before and after deployment.
* Walk through every aspect of the photo flow on both Gopher and Requestor side back-to-back to confirm exact parity (picker, preview, caption, send, in-thread display, tap-to-view, any limits).
* Confirm the server rejects a Gopher's photo upload attempt when their relationship to the request is anything other than `Accepted` and the request is not active — not just the client UI.
* Test on both iOS and Android.

---

## 🧠 Dependencies / Notes

* This ticket depends on the existing Requestor photo-attachment implementation being the reference spec. If that implementation has any known issues or is undergoing changes, those should be resolved or coordinated with this work.
* No backend storage or upload pipeline changes are required — the existing pipeline used by the Requestor handles both sides.
* The acceptance gate is the only meaningful new logic. Most of this ticket is wiring the Gopher's message UI into the existing photo functionality.

",https://gopherapp.atlassian.net/browse/G40-216
G40-217,Bug,Gopher Go - Cost Adjustment - Allow .25 (15 min) Increments,To Do,Low,,,John Newbury,pay,,2025-11-12T22:52:01.533+0530,2026-06-15T02:43:18.082+0530,"The Cost Adjustment hours field in Gopher Go currently only accepts whole integers. This forces Gophers to either round up to a full hour (unfair to the Requestor) or absorb uncompensated time (unfair to the Gopher) when the actual time worked falls between integer values. The field must be updated to support 15-minute increments (0.25, 0.50, 0.75, 1.00, etc.) so adjustments can accurately reflect actual time worked.

## 🧑‍💻 As a

Gopher Go worker submitting a Cost Adjustment,

## 🎯 I want

to be able to adjust hours worked in 15-minute increments,

## ✅ So that

I am fairly compensated for all time worked and the Requestor only pays for the time actually received — without forcing either party into an inaccurate full-hour rounding.

## 💡 Context / Background

* The Cost Adjustment flow allows Gophers to submit a time-based adjustment after completing a request.
* Currently, the hours field only accepts whole integers (1, 2, 3, etc.), with no way to represent partial hours.
* This creates an unfair situation for both parties: Gophers who work an extra 30 or 45 minutes cannot accurately claim that time, and Requestors who are charged a full extra hour feel overcharged.
* The solution is to support quarter-hour (15-minute) increments, represented as decimal values: 0.25, 0.50, 0.75, 1.00, 1.25, and so on.

## 🔢 Increment Reference

* `0.25` — 15 minutes
* `0.50` — 30 minutes
* `0.75` — 45 minutes
* `1.00` — 1 hour
* `1.25` — 1 hour 15 minutes
* ...and so on in 0.25 increments

## ❌ Current Behavior

* The hours field in Cost Adjustment only accepts whole integers
* There is no way to submit a partial hour (e.g. 0.25, 0.50, 1.75)
* Gophers who work between integer hours must either over-report or under-report their time

## ✅ Expected Behavior

* The hours field in Cost Adjustment accepts values in 0.25 increments
* The UI presents the selection in a clear format (e.g. stepper, picker, or input that snaps to valid increments)
* The corresponding cost adjustment is calculated accurately based on the decimal hour value selected
* Integer values (whole hours) continue to work as before

## ✅ Acceptance Criteria

### Scenario 1 – Gopher can select a 15-minute increment

* **Given** a Gopher is submitting a Cost Adjustment
* **When** they enter or select a time value
* **Then** values of 0.25, 0.50, 0.75, 1.00, 1.25, 1.50, 1.75, 2.00 (and so on) are all selectable

### Scenario 2 – Cost adjustment calculates correctly for partial hours

* **Given** a Gopher selects a partial hour value (e.g. 0.50)
* **When** the Cost Adjustment is submitted
* **Then** the cost is calculated accurately based on the decimal value and the applicable hourly rate

### Scenario 3 – Whole hour values continue to work correctly

* **Given** a Gopher selects a whole hour value (e.g. 1.00, 2.00)
* **When** the Cost Adjustment is submitted
* **Then** the behavior is identical to the previous integer-only implementation

### Scenario 4 – Values outside valid increments are not accepted

* **Given** a Gopher attempts to enter a value that is not a 0.25 increment (e.g. 0.33, 1.1)
* **When** the value is entered
* **Then** the field snaps to or prompts for the nearest valid 0.25 increment

## ⚙️ Business Rules

* The minimum increment for Cost Adjustment hours is 0.25 (15 minutes).
* Valid values are multiples of 0.25 only (0.25, 0.50, 0.75, 1.00, 1.25, etc.).
* Cost calculations must use the decimal hour value multiplied by the applicable hourly rate.
* Non-increment values (e.g. 0.33, 1.1) must not be accepted.

## 🧠 Dependencies / Notes

* Update the hours input field UI to support 0.25 increments — consider a stepper control, a picker/scroll wheel, or a text input with validation that snaps to the nearest valid increment.
* Update the cost calculation logic on the backend to accept and correctly compute decimal hour values.
* Ensure the Requestor-facing cost summary reflects the adjusted decimal hour value accurately.
* Validate that the admin panel and any reporting that references Cost Adjustment hours also handles decimal values correctly.

## 🧪 QA Notes

* Select 0.25 (15 min) — confirm the cost adjusts to 25% of the hourly rate.
* Select 0.50 (30 min) — confirm the cost adjusts to 50% of the hourly rate.
* Select 0.75 (45 min) — confirm the cost adjusts to 75% of the hourly rate.
* Select 1.00 (1 hour) — confirm behavior matches the previous integer implementation.
* Select 1.75 (1 hour 45 min) — confirm the cost calculates correctly.
* Attempt to enter a non-increment value (e.g. 0.33) — confirm it is rejected or snapped to the nearest valid increment.
* Verify the Requestor-facing cost summary reflects the correct decimal hour value.
* Test on both iOS and Android.

",https://gopherapp.atlassian.net/browse/G40-217
G40-218,Bug,"Gopher Go — ""ID and Identity Confirmed"" button is unresponsive on Android, forcing admin override at order completion",To Do,Medium,,,John Newbury,worker,,2025-11-13T19:56:06.013+0530,2026-06-09T01:18:36.227+0530,"## 🧑‍💻 As a

Gopher completing an order that requires on-site ID capture,

## 🎯 I want

the ""ID and Identity Confirmed"" button to respond and complete the order from my device,

## ✅ So that

the Requestor is the actual party confirming completion and admin intervention is not required.

---

## 💡 Context / Background

* This bug surfaces on the **on-site ID capture path** at order completion (the path used when TrustShield is not available, where the Gopher captures the recipient's physical ID).
* TrustShield path is **not affected** — in that flow the customer's selfie and ID are auto-displayed for visual comparison and this button is not part of that path.
* The downstream impact is significant: because the Gopher is unable to complete the order, admin must complete it from the Admin Panel, which means the Gopher and Requestor are no longer the audit-of-record parties for completion. This is real dispute exposure.

---

## 🚫 Current Behavior

* The Gopher reaches the ID & Identity verification step at order completion.
* The Gopher captures the recipient's ID and taps **ID and Identity Confirmed**.
* The button **simply does not respond** — there is no error, no spinner, and no state change. The Gopher is stuck on the verification screen.
* The order is only completed when an admin overrides from the Admin Panel.

---

## ✅ Expected Behavior

* Tapping **ID and Identity Confirmed** marks the order as complete on the Gopher's device.
* The Gopher is routed to the ratings screen.
* The completion is attributable to the Gopher and the Requestor in the audit log — admin override is not required.
* If the underlying call fails for any reason, a clear, actionable error is surfaced to the Gopher — the button never silently fails.

---

## 🔍 Reproduction

* **Reference user:** 103692
* **Reference order:** 49331
* **Device confirmed affected:** Samsung Galaxy A36
* **Scope:** Reproduced on other Android devices as well — this is not isolated to the Galaxy A36. iOS appears unaffected based on reports to date.

**Steps:**

1. Sign in as the Gopher and open an active order that requires on-site ID capture at completion.
2. Proceed through the completion flow until the ID & Identity verification step.
3. Capture the recipient's physical ID per the flow.
4. Tap **ID and Identity Confirmed**.
5. Observe — the button does not respond. The Gopher remains on the verification screen with no error, no spinner, and no path forward without admin intervention.

---

## 🧪 Acceptance Criteria

**Scenario 1 — Happy-path on-site ID capture completion (Android)**

* **Given** a Gopher on an Android device has reached the on-site ID capture verification step,
* **When** the Gopher captures the ID and taps **ID and Identity Confirmed**,
* **Then** the order is marked complete on the device and the Gopher is routed to the ratings screen.

**Scenario 2 — Bug condition resolved on previously affected devices**

* **Given** the Gopher is using a Samsung Galaxy A36 or any other previously affected Android device,
* **When** the Gopher completes the on-site ID capture verification step,
* **Then** the order completes from the Gopher's device without requiring admin intervention.

**Scenario 3 — iOS regression check**

* **Given** the Gopher is using an iOS device,
* **When** the Gopher completes the on-site ID capture verification step,
* **Then** the order completes successfully (no regression introduced by the Android fix).

**Scenario 4 — TrustShield path regression check**

* **Given** the Gopher is completing an order via the TrustShield path,
* **When** the Gopher proceeds through completion,
* **Then** behavior is unchanged — the TrustShield comparison flow continues to work as before.

**Scenario 5 — Backend failure must surface to the Gopher**

* **Given** the underlying completion API call fails for any reason,
* **When** the Gopher taps **ID and Identity Confirmed**,
* **Then** a clear, actionable error is displayed to the Gopher — the button must never silently no-op.

**Scenario 6 — No admin override required**

* **Given** the Gopher has tapped **ID and Identity Confirmed**,
* **When** the order moves to completed status,
* **Then** the completion action is attributable to the Gopher and the Requestor in the audit log, not to an admin override.

---

## 📐 Business Rules

* Order completion must always be initiated and confirmed from the Gopher's device — admin-panel completion is for exception handling only, not a routine fallback.
* The **ID and Identity Confirmed** button must never silently no-op. It must either succeed, surface a clear error, or transition to a recoverable state.
* Every audit log entry for order completion must reflect the actual party that confirmed (Gopher / Requestor / admin), to preserve the integrity of dispute records.
* The fix must apply across all supported Android devices and OS versions, not be patched only for the Samsung Galaxy A36.
* The fix is scoped to the on-site ID capture path — the TrustShield path is not in scope but must be regression-tested.

---

## 🔎 Investigation Pointers

* The button is unresponsive with **no error and no spinner** — this rules out a backend timeout or visible failure path. The fault is likely client-side.
* High-probability areas to investigate first:

    * The button's `onPress`/`onClick` handler on Android — may be unbound, intercepted, or gated by an unresolved permission state (camera, storage).
    * Any pending camera-release or image-write promise from the prior ID capture step that never resolves and is blocking the next action.
    * Android-specific touch event handling on the verification screen overlay.
    * State machine for the verification step — the screen may be in a state where the button is rendered but not enabled.
    

---

## 🧪 QA Notes

* Reproduce on the reference device (Samsung Galaxy A36) before and after the fix.
* Test across a range of Android devices and OS versions to confirm the fix is platform-wide, not device-specific.
* Run a regression on iOS to confirm no behavior change.
* Run a regression on the TrustShield path to confirm no behavior change.
* Confirm the audit log records the Gopher (not an admin) as the completion actor after the fix.
* Force a simulated backend failure to confirm the new error-surface behavior works as expected.
* Re-attach the original screenshot directly to this ticket (the existing `blob:` URL does not render for other users).

---

## 🧠 Dependencies / Notes

* This bug sits inside the on-site ID capture flow defined in **G40-165** (Step 2B). Any structural changes to that flow should account for the fix landing here.
* This is a **high-severity bug** — each occurrence requires admin intervention and degrades the audit trail used for dispute resolution. Recommend prioritising accordingly.

",https://gopherapp.atlassian.net/browse/G40-218
G40-225,Task,Gopher Go — Automatically reject a Gopher's Stripe account when their account is deactivated,To Do,Low,,,John Newbury,pay,,2025-11-29T21:50:30.776+0530,2026-06-09T01:19:31.091+0530,"## 🧑‍💻 As a

Gopher Admin,

## 🎯 I want

a Gopher's (worker) Stripe account automatically rejected when their Gopher account is deactivated,

## ✅ So that

I do not have to manually go into the Gopher Stripe admin panel to reject the payout account, and the existing duplicate-Stripe-detection logic continues to fire when that user attempts to create a new Stripe account with a new number.

---

## 💡 Context / Background

* Today, when a Gopher's account is deactivated by an admin, the admin then needs to log into the Gopher Stripe dashboard and manually reject the user's connected Stripe account.
* Automating this serves two purposes:

    1. **Removes manual work** — admin doesn't have to touch the Stripe dashboard at all.
    2. **Preserves the existing duplicate-detection logic** — the current system identifies when a previously-rejected Stripe account holder tries to create a new Stripe account with a different number. If the rejection step is ever skipped manually, that detection misses.
    
* This ticket simply automates the rejection action so it runs as part of the deactivation event.

![](blob:https://media.staging.atl-paas.net/?type=external&localId=null&id=&&collection=&height=null&occurrenceKey=null&width=null&__contextId=null&__displayType=null&__external=false&__fileMimeType=null&__fileName=null&__fileSize=null&__mediaTraceId=null&url=blob%3Ahttps%3A%2F%2Fmedia.staging.atl-paas.net%2F%3Ftype%3Dfile%26localId%3Dnull%26id%3D964f732c-8e3e-4586-ad80-293fcf65917f%26%26collection%3D%26height%3D297%26occurrenceKey%3Dnull%26width%3D1095%26__contextId%3Dnull%26__displayType%3Dnull%26__external%3Dfalse%26__fileMimeType%3Dnull%26__fileName%3Dnull%26__fileSize%3Dnull%26__mediaTraceId%3Dnull%26url%3Dnull)
![](blob:https://media.staging.atl-paas.net/?type=external&localId=null&id=&&collection=&height=null&occurrenceKey=null&width=null&__contextId=null&__displayType=null&__external=false&__fileMimeType=null&__fileName=null&__fileSize=null&__mediaTraceId=null&url=blob%3Ahttps%3A%2F%2Fmedia.staging.atl-paas.net%2F%3Ftype%3Dfile%26localId%3Dnull%26id%3De33b5659-26d7-45b1-9a21-8e04c6de9145%26%26collection%3D%26height%3D523%26occurrenceKey%3Dnull%26width%3D1513%26__contextId%3Dnull%26__displayType%3Dnull%26__external%3Dfalse%26__fileMimeType%3Dnull%26__fileName%3Dnull%26__fileSize%3Dnull%26__mediaTraceId%3Dnull%26url%3Dnull)
---

## ✅ Expected Behavior

* When an admin deactivates a Gopher account, the system automatically calls Stripe to reject that Gopher's connected Stripe account — performing the same action the admin currently does manually in the Stripe dashboard.
* No manual admin step in Stripe is required.
* If the Stripe rejection call fails (Stripe API unreachable, account state issue, etc.), the deactivation event is logged as a partial success and surfaced to admin for manual retry. The Gopher account deactivation itself **does not** roll back.

---

## 🧪 Acceptance Criteria

**Scenario 1 — Deactivation triggers automatic Stripe rejection**

* **Given** an admin deactivates a Gopher account,
* **When** the deactivation is confirmed,
* **Then** the system calls Stripe and rejects the Gopher's connected Stripe account without any further manual admin action.

**Scenario 2 — Stripe account state matches manual rejection**

* **Given** the automatic rejection has run successfully,
* **When** an admin inspects the Stripe dashboard for that user,
* **Then** the connected account state is identical to what would have been produced by the existing manual rejection flow.

**Scenario 3 — Duplicate-detection logic remains intact**

* **Given** a Gopher's account has been deactivated and their Stripe account auto-rejected,
* **When** that user later attempts to create a new Stripe account with a different number,
* **Then** the existing duplicate-detection logic fires as it does today — no regression introduced.

**Scenario 4 — Stripe failure does not block deactivation**

* **Given** the Stripe API is unreachable or the rejection call fails,
* **When** the admin deactivates a Gopher account,
* **Then** the Gopher account is still deactivated, the partial failure is logged, and the admin is notified to retry the Stripe rejection manually.

**Scenario 5 — Re-activation is out of scope**

* **Given** a previously deactivated Gopher is later re-activated by an admin,
* **When** the re-activation occurs,
* **Then** this ticket makes no claim about what happens to the Stripe account — re-activation handling is out of scope.

---

## 📐 Business Rules

* Deactivation is the **trigger** — every admin deactivation of a Gopher account fires the Stripe rejection.
* The Stripe rejection action must match the action currently performed manually in the Stripe dashboard — no new Stripe state should be introduced.
* A Stripe failure must not block the Gopher deactivation from succeeding.
* The existing duplicate-Stripe-detection logic must continue to fire after the auto-rejection — no behaviour change there.

---

## 🔎 Implementation Considerations

* The Stripe rejection should run **server-side** as part of the deactivation event handler, ideally in an async job so a slow Stripe response doesn't delay the admin's confirmation.
* Log every auto-rejection attempt (success or failure) with the account ID, Stripe account ID, timestamp, and result for audit.
* On failure, surface a retry action to admin so the manual fallback path stays available.

---

## 🧪 QA Notes

* Deactivate a test Gopher account and confirm the connected Stripe account is rejected automatically, matching the state produced by the manual flow.
* Confirm the deactivation completes successfully even when the Stripe call is forced to fail (e.g., simulate Stripe API error) and the failure is logged + surfaced to admin.
* Confirm an existing duplicate-Stripe-detection test still passes after the auto-rejection.

",https://gopherapp.atlassian.net/browse/G40-225
G40-244,Bug,"Gopher Go — ""Need A Ride"" request details are missing rider count, special instructions, and trip distance on the Gopher view",To Do,Medium,,,John Newbury,worker,,2025-12-30T22:09:00.098+0530,2026-06-09T01:18:35.567+0530,"## 🧑‍💻 As a

Gopher Go user viewing an available ""Need A Ride"" request,

## 🎯 I want

to see all of the information relevant to the price offered and the job needed — including rider count, special instructions, and trip distance —

## ✅ So that

I can accept the request with confidence that I can perform everything required for the trip.

---

## 💡 Context / Background

* When a ""Need A Ride"" request is submitted, the Requestor provides **Number of Riders** (required) and may provide **Special Instructions** (optional). The system also derives **Trip Distance** from the pickup → drop-off route.
* None of these three values currently appear on the Gopher's request details view.
* Without this information, the Gopher cannot confidently assess whether they can perform the trip (vehicle capacity, task constraints, effort vs. payout).

---

## 🚫 Current Behavior

* A Gopher viewing an available ""Need A Ride"" request does **not** see:

    * Number of Riders
    * Special Instructions (when provided)
    * Trip Distance (in miles)
    
* The Gopher must accept blind on these dimensions or message the Requestor to ask, which adds friction.

---

## ✅ Expected Behavior

* The Gopher's request details view for ""Need A Ride"" must display all three values:

    * **Number of Riders** — always displayed (required at submission).
    * **Special Instructions** — displayed as full text when provided; the row is **omitted entirely** when not provided (not shown as an empty field).
    * **Trip Distance** — always displayed in **miles**, derived from the pickup → drop-off route.
    

---

## 📊 Missing-Fields Summary

| Field | In Requestor flow? | In Gopher view today? | Should show? |
| --- | --- | --- | --- |
| Number of Riders | Yes (required at submit) | No | Yes — always |
| Special Instructions | Yes (optional) | No | Yes, when provided (full text, omit row when empty) |
| Trip Distance (mi) | Derived from pickup → drop-off | No | Yes — always, in miles |

---

## 🧪 Acceptance Criteria

**Scenario 1 — All three fields visible on the Gopher request details view**

* **Given** a ""Need A Ride"" request has been submitted with rider count, special instructions, and a valid pickup/drop-off,
* **When** a Gopher views the request details before accepting,
* **Then** Number of Riders, Special Instructions (full text), and Trip Distance (in miles) are all displayed.

**Scenario 2 — Special Instructions omitted when not provided**

* **Given** a ""Need A Ride"" request was submitted without Special Instructions,
* **When** a Gopher views the request details,
* **Then** the Special Instructions row is omitted entirely (not shown as an empty field).

**Scenario 3 — Trip distance displays in miles**

* **Given** a ""Need A Ride"" request with valid pickup and drop-off addresses,
* **When** a Gopher views the request details,
* **Then** Trip Distance is shown in miles, calculated from the pickup → drop-off route.

**Scenario 4 — Number of Riders always displays**

* **Given** Number of Riders is a required field at submission,
* **When** a Gopher views the request details,
* **Then** Number of Riders is always populated with the value submitted (1 or more).

**Scenario 5 — Special Instructions display in full**

* **Given** a ""Need A Ride"" request was submitted with a long Special Instructions value,
* **When** a Gopher views the request details,
* **Then** the full text of Special Instructions is displayed without truncation or a ""see more"" affordance.

**Scenario 6 — Other request types unaffected**

* **Given** a Delivery or Service request is being viewed by a Gopher,
* **When** the Gopher views request details,
* **Then** behavior for those request types is unchanged — no regression.

---

## 📐 Business Rules

* The Gopher's request details view must surface every field that materially affects the Gopher's ability to perform the request — vehicle capacity (riders), task constraints (special instructions), and effort (distance).
* Trip Distance is always displayed in **miles**, regardless of user locale.
* Special Instructions are always displayed in **full**, with no truncation or ""see more"" affordance.
* Optional fields with no value provided must be **omitted from the view entirely** — not shown as empty rows.
* Trip Distance is derived from the pickup → drop-off route and is read-only.
* This fix is scoped to the ""Need A Ride"" request type — Delivery and Service request types are not in scope but must be regression-tested.

---

## 🧪 QA Notes

* Submit a ""Need A Ride"" request with all optional fields populated and confirm all three values appear on the Gopher view.
* Submit a ""Need A Ride"" request with no Special Instructions and confirm the row is omitted, not shown empty.
* Submit a ""Need A Ride"" request with a long Special Instructions value and confirm the full text displays without truncation.
* Validate Trip Distance against a known pickup → drop-off route to confirm calculation accuracy.
* Test on both iOS and Android.
* Run regression on Delivery and Service request views to confirm no unintended changes.
* Re-attach the ""current state"" and ""should look"" screenshots directly to this ticket (the existing `blob:` URLs do not render for other users) — or add a Figma link if a design exists.

---

## 🧠 Dependencies / Notes

* This bug is a data-passing gap between the Requestor submit flow and the Gopher request details view — the values exist in the request payload but are not being read or rendered on the Gopher side.
* The fix may require both API and UI changes depending on whether the Gopher request details endpoint already includes these fields in its response.

",https://gopherapp.atlassian.net/browse/G40-244
G40-247,Bug,Admin Panel - App Notifications - SMS Bulk Messaging Issue,To Do,Medium,,,John Newbury,spine,,2026-01-02T19:28:15.801+0530,2026-06-09T01:10:10.024+0530,"When using the App notification (SMS) to send a bulk message, an error message occurs. ",https://gopherapp.atlassian.net/browse/G40-247
G40-249,Bug,Admin Panel - App Notifications / Inbox Message - Bulk Message Sending Error,To Do,High,,,John Newbury,spine,,2026-01-12T19:13:43.741+0530,2026-06-09T01:10:09.581+0530,"The admin panel has lost the ability to send SMS , Inbox messages and push notifications to multiple users simultaneously. Two compounding issues exist: (1) selecting multiple users via comma-separated IDs and attempting to send results in an error, and (2) sending to large volumes of users causes major platform disruption. Both must be resolved so admins can reliably send push notifications, inbox messages, and SMS messages to any number of users without errors or server impact.

## 🧑‍💻 As a

Admin Panel user,

## 🎯 I want

to be able to send push notifications, inbox messages, and SMS messages to any number of selected users without errors or platform disruption,

## ✅ So that

I can reliably communicate specific and targeted messages to individual users or large user groups at any time.

## 💡 Context / Background

* The admin panel previously supported sending push notifications and SMS messages to multiple users by entering their user IDs separated by commas.
* This functionality has regressed — users can be selected but attempting to send results in an error.
* A separate but related issue exists where sending to a large volume of users causes a major disruption to the platform, indicating the bulk send logic is not properly queued or rate-limited on the backend.
* The platform must support bulk sends of push notifications, inbox messages, and SMS messages to any number of users without negative server impact.

## ❌ Current Behavior

* Entering comma-separated user IDs and attempting to send a push notification or SMS results in an error — the message is not delivered
* Users can be selected in the admin panel but the send action fails
* Sending to a large number of users causes major platform disruption
* There is no rate-limiting, queuing, or batching in place to handle high-volume sends safely

## ✅ Expected Behavior

* Admins can select multiple users via comma-separated IDs and successfully send a push notification, inbox message, or SMS to all selected users
* No error is thrown during the send process regardless of the number of recipients
* Bulk sends of any volume are processed without causing server disruption or platform degradation
* Messages are queued and dispatched in batches on the backend to protect server stability

## ⚠️ Issue Breakdown

### Issue 1 – Multi-User Send Error

* Selecting multiple users via comma-separated IDs and attempting to send any message type returns an error
* This is a regression — the feature previously worked and must be restored
* Affects: push notifications, inbox messages, and SMS

### Issue 2 – Bulk Volume Causes Platform Disruption

* Sending to a large number of users simultaneously overwhelms the server and causes major platform disruption
* The backend send logic must be re-architected to use a queue-based or batch processing approach
* This is a critical scalability blocker — the platform must handle bulk sends of any size safely

## 🔁 Steps to Reproduce

### Issue 1 – Multi-User Send Error

1. Navigate to Admin Panel → App Notifications or Inbox Message.
2. Enter multiple user IDs separated by commas.
3. Compose a push notification, inbox message, or SMS.
4. Attempt to send.
5. Observe the error message and confirm the message was not delivered.

### Issue 2 – Bulk Volume Platform Disruption

1. Navigate to Admin Panel → App Notifications or Inbox Message.
2. Select a large volume of users.
3. Attempt to send a push notification, inbox message, or SMS.
4. Observe platform degradation or disruption.

## ✅ Acceptance Criteria

### Scenario 1 – Multi-user send succeeds without error

* **Given** an admin enters multiple comma-separated user IDs and composes a message
* **When** the admin sends the message
* **Then** the message is successfully delivered to all selected users
* **And** no error is thrown

### Scenario 2 – All three message types work for multi-user sends

* **Given** an admin selects multiple users
* **When** the admin sends a push notification, inbox message, or SMS
* **Then** all three message types are successfully delivered to all selected users without error

### Scenario 3 – Large volume bulk send does not disrupt the platform

* **Given** an admin sends a message to a large number of users
* **When** the send is triggered
* **Then** messages are queued and dispatched in batches
* **And** no platform degradation, errors, or service disruption occurs
* **And** all recipients receive the message

### Scenario 4 – Single user send is unaffected by the fix

* **Given** an admin sends a message to a single user
* **When** the message is sent
* **Then** the message is delivered successfully with no change to the existing single-user send behavior

## ⚙️ Business Rules

* The admin panel must support sending push notifications, inbox messages, and SMS to any number of users without error.
* Bulk sends must never cause platform disruption regardless of recipient volume.
* Backend bulk send processing must use a queue-based or batch approach to protect server stability.
* Single-user send behavior must remain unchanged.

## 🧠 Dependencies / Notes

* Identify the regression that broke multi-user comma-separated ID sending and restore the original behavior.
* Re-architect the bulk send backend to use a message queue (e.g. SQS, Redis queue, or equivalent) so large sends are processed asynchronously in batches rather than synchronously in a single request.
* Implement rate limiting and/or batch size caps on the notification dispatch layer to prevent server overload.
* Ensure the fix applies to all three message types: push notification, inbox message, and SMS.
* Consider adding a send progress indicator in the admin panel for large bulk sends so admins can confirm the send is processing.

## 🧪 QA Notes

* Test sending a push notification, inbox message, and SMS to 2–5 comma-separated user IDs — confirm successful delivery with no error.
* Test sending to a large volume of users (e.g. 100, 500, 1000+) — confirm messages are delivered and no platform disruption occurs.
* Test all three message types for both small and large recipient lists.
* Test single-user send — confirm behavior is unchanged.
* Monitor server health and platform stability during large bulk send tests.
* Verify all recipients receive the message when sent in bulk.

",https://gopherapp.atlassian.net/browse/G40-249
G40-250,Bug,Twilio SMS + Email backup escalation — exclude Gophers with no completed request in the last 6 months (with 3-month new-Gopher carve-out),In Progress,Medium,,John Newbury,John Newbury,spine,,2026-01-17T20:51:35.364+0530,2026-07-03T06:57:36.587+0530,"## 🧑‍💻 As a

Gopher operations system escalating a stalled request via Twilio SMS and Email backup,

## 🎯 I want

to exclude Gophers who have not completed any request in the last 6 months from receiving the escalation,

## ✅ So that

the escalation only reaches Gophers likely to act — reducing Twilio cost, recipient noise, and the rate of escalations that fail to convert because they hit dormant accounts.

---

## 💡 Context / Background

* The Twilio SMS + Email **backup** communication is an **escalation channel** — it fires only when a submitted request has had **no activity for 5 minutes**.
* ⏱️ **Timer anchor (per G40-44):** the 5-minute window starts **AFTER the last broadcast notification has been sent** — i.e., after the final tier of the \[G40-44\] broadcast cadence has been notified — **not** at request submission. While the broadcast cadence is still sending notifications to tiers, the 5-minute inactivity clock has **not** started.
* The current escalation logic identifies a candidate list of nearby/qualified Gophers and sends them an SMS and Email in addition to (or in place of) the standard push.
* This ticket adds a **dormancy filter** on top of that existing candidate list: any candidate Gopher with **no completed request in the last 6 months** is removed from the SMS + Email send.
* Rationale: dormant Gophers are statistically unlikely to act on an escalation. Excluding them reduces Twilio spend, recipient fatigue, and stale-broadcast noise without changing the underlying candidate selection.

---

## 🔁 Where this filter inserts

1. Request is submitted; the **\[G40-44\] broadcast cadence** notifies worker tiers in sequence.
2. The **last broadcast notification** is sent (final tier reached).
3. **5 minutes elapse with no activity**, timed from that last-notification moment (**not** from submission).
4. Existing escalation logic identifies the candidate list of nearby/qualified Gophers (e.g., 50 Gophers).
5. **NEW — dormancy filter:** remove any candidate Gopher who (a) registered more than 3 months ago AND (b) has no completed request in the last 6 months. (e.g., 15 removed.)
6. Twilio sends SMS and Email to the remaining filtered list (e.g., 35 Gophers).

---

## 🧮 Worked Example

* Existing selection logic identifies **50** candidate Gophers for an escalation.
* Of those, **15** have no completed request in the last 6 months **and** registered more than 3 months ago.
* Dormancy filter excludes those 15.
* Final escalation list: **35** Gophers receive the SMS + Email backup.

---

## 🧪 Acceptance Criteria

**Scenario 0 — Timer starts after last broadcast notification**

* **Given** a request whose broadcast cadence (G40-44) is still notifying worker tiers,
* **When** the final tier's notification has just been sent,
* **Then** the 5-minute inactivity countdown starts at that moment — not at submission — and the escalation only fires if 5 minutes then pass with no activity.

**Scenario 1 — Dormant Gopher excluded**

* **Given** a Gopher registered more than 3 months ago and has no completed request in the last 6 months,
* **When** a 5-minute-inactivity escalation fires and the recipient list is finalised,
* **Then** that Gopher is excluded from both the SMS and the Email send.

**Scenario 2 — Brand-new Gopher (within first 3 months) included**

* **Given** a Gopher registered less than 3 months ago and has no completed requests yet,
* **When** an escalation fires,
* **Then** that Gopher is included — the dormancy filter only applies after the Gopher has been registered for 3 months.

**Scenario 3 — Gopher between 3 and 6 months with no completions**

* **Given** a Gopher registered between 3 and 6 months ago and has no completed requests yet,
* **When** an escalation fires,
* **Then** that Gopher is **excluded** — they are past the 3-month carve-out and have no qualifying activity in the 6-month window.

**Scenario 4 — Recently-active Gopher included**

* **Given** a Gopher has at least one completed request within the last 6 months,
* **When** an escalation fires,
* **Then** that Gopher is included regardless of when they originally registered.

**Scenario 5 — Auto-reactivation on next completion**

* **Given** a previously excluded Gopher completes a new request,
* **When** the next escalation occurs,
* **Then** the Gopher is automatically re-included — no manual reactivation is required.

**Scenario 6 — Cancelled and refunded orders do not reset the clock**

* **Given** a Gopher's only recent activity is a cancelled, refunded, expired, or admin-overridden order,
* **When** the dormancy filter evaluates their record,
* **Then** that activity does not count toward the 6-month window and the Gopher remains excluded.

**Scenario 7 — Worked example math**

* **Given** the existing selection logic returns 50 candidates and 15 are dormant per this rule,
* **When** the new filter is applied,
* **Then** exactly 35 Gophers receive the SMS + Email backup.

**Scenario 8 — Existing selection logic unchanged**

* **Given** the existing escalation candidate-selection logic was producing a candidate list of N Gophers before this change,
* **When** the new filter is applied,
* **Then** the underlying selection logic still produces the same N candidates — the filter only narrows that list, never expands or reorders it.

---

## 📐 Business Rules

* ⏱️ **Timer anchor:** the 5-minute inactivity window is measured from when the **last broadcast notification was sent** (final tier of the \[G40-44\] cadence), **not** from request submission. If the cadence is still sending notifications, the 5-minute clock has not started.
* The dormancy filter only runs on the **5-minute inactivity escalation path** — it does not affect push, marketing, transactional, or admin-triggered sends.
* The 6-month window is rolling — measured from the escalation timestamp, not a fixed calendar date.
* **""Completed""** means a request reached the successful Completed status. Cancelled, refunded, expired, and admin-overridden orders do **not** count toward the activity window.
* Gophers who registered **less than 3 months ago** are exempt from the filter — they have not had enough time on the platform to accumulate a completion history.
* Exclusion is automatic and reversible — the moment an excluded Gopher completes a new request, they re-enter the eligible pool for future escalations.
* The filter is **additive** to existing escalation logic — it does not change which Gophers are considered candidates, only which of those candidates are sent to.
* The filter must be applied to both the SMS and Email channels uniformly — a Gopher excluded from SMS is also excluded from Email for the same escalation.

---

## 📊 Observability

* Each escalation should log: total candidates identified by the upstream selection logic, count excluded by the new dormancy filter, and final send count.
* These counts should be retrievable in the admin panel or via an internal metrics endpoint to validate the filter is operating as expected and to track Twilio cost reduction over time.

---

## 🧪 QA Notes

* Seed test Gophers with a known mix of registration dates and completed-request dates:

    * Registered 2 months ago, no completions — expect **included** (within 3-month carve-out).
    * Registered 4 months ago, no completions — expect **excluded** (past carve-out, no qualifying activity).
    * Registered 1 year ago, completed a request 5 months ago — expect **included**.
    * Registered 1 year ago, completed a request 7 months ago — expect **excluded**.
    * Registered 1 year ago, only cancelled/refunded orders in last 6 months — expect **excluded**.
    
* Submit a test request, let the broadcast cadence finish sending its last tier notification, then allow it to sit idle for 5 minutes from that point, and verify the SMS and Email recipient lists match the expected filtered set.
* Complete a request as a previously excluded Gopher and confirm they are re-included in the next escalation.
* Verify the observability counts are written correctly for at least one production-scale escalation.
* Confirm the underlying recipient-selection logic was not modified — its output count should be identical to pre-change for the same input.

---

## 🧠 Dependencies / Notes

* **Relates to \[G40-44\] (Broadcast Cadence).** The ""last notification sent"" event that starts this 5-minute timer is the final-tier notification defined in G40-44. If G40-44's cadence changes, revisit this timer anchor.
* This filter depends on access to two data points per Gopher: registration date and most-recent successful completion date. Both should already exist in the Gopher record; if either is not currently exposed to the escalation service, that integration work is in scope.
* Recommend deploying behind a feature flag so the filter can be toggled off quickly if it over-restricts in production.

",https://gopherapp.atlassian.net/browse/G40-250
G40-251,Bug,Gopher App – Request Again must carry over original order's address + photos/media,In Progress,Highest,,Wilson Correa Padilla,Diana Mendoza,request,,2026-01-19T22:28:21.026+0530,2026-07-02T23:03:32.237+0530,"> 🔄 **RE-SCOPED 2026-07-02.** The original “Request Again behaves like Edit / errors on submit” bug **and** the forward/back-compat rules are **already solved by design in the new build** (`gopher-request.html` → `raFast` / `__startRequestAgainFast`): it builds a brand-new request via `resetFlowState()` + selective prefill, lands on Review, never references the prior order ID, silently ignores unknown old fields, and leaves new fields blank for validation. Code trace is in the comments. **The only remaining go-forward work is what this ticket now covers: carry the original order's ADDRESSES _and_ PHOTOS/MEDIA into the pre-filled Request Again.**

---

## 🎯 Requirement

When a user taps **Request Again** on a completed order, the new pre-filled request must carry over from the original order:

1. **Pickup & drop-off address(es)** — every stop, in the same order.
2. **Photos / media attachments.**

…as **editable** pre-filled values on the NEW request (the user may change or remove them before submitting).

## ✅ Acceptance Criteria

**AC1 — Address carry-over.** Given a completed Delivery/Restaurant order with pickup + drop-off addresses, when the user taps Request Again, then the new request pre-fills all pickup and drop-off stops in the same order, the user can edit them, and submission succeeds. _(Fixes the Jan-23 QA defect where the drop-off address failed to load — order #496.)_

**AC2 — Media carry-over.** Given a completed order that included photos/media, when the user taps Request Again, then those photos are attached to the new request (shown, removable) and ride through on submit. _(Fixes the Jan-23 QA defect where the image did not carry over — compare orders #493 vs #494.)_

**AC3 — Copies, never linked.** The carried-over address/media are **copies** on the new order; editing or removing them must never touch the original completed order, which remains immutable.

**AC4 — Graceful when absent.** If the original order had no media (or an address type the current flow doesn't use), the corresponding field is simply left blank — no error. (Consistent with the already-implemented S6/S7 compat behavior.)

## 🛠️ Where this plugs in (go-forward)

* **Data / backend:** the completed-order (history) record must **persist the original order's addresses and media** so Request Again can read them. _(In today's prototype the history record —_ `DASH_DATA.previousRequests` — stores only date/id/category/details/worker/amount/rating/breakdown; it has no address or media fields, which is exactly why raFast doesn't yet carry them.)
* **Front-end:** extend `__startRequestAgainFast(prev, selected)` (`gopher-request.html:14320`) to map `prev` pickup/drop-off stops into `state.pickupStops` / `state.dropoffStops` — the `__startDealRequest` bridge already does exactly this pattern — and to attach `prev` media. **NOTE:** the flow `state` currently has **no** media/photos field at all; production must add one.

## ✅ Already handled — do NOT rebuild (verified in the new build)

* New order, new order ID, no edit, no linkage to the prior order (orig. S1/S2/S5).
* No “Update it” / edit copy anywhere (orig. S3).
* Submits without error on valid input (orig. S4).
* Obsolete cached fields silently ignored (orig. S6) and new required fields left blank + validated (orig. S7) — both inherent to the selective-prefill + land-on-Review pattern.

---

## 📋 Original bug context (historical — for reference)

Reported as: “Request Again” behaved like Edit Request (UI said “Update it”), referenced the previous order ID, and errored on submit instead of creating a new order. Repro: Account → Request History → Completed → Request Again → submit. Core behavior was QA-approved in STAGE/QA on 2026-01-29 (new order ID generated, original unchanged, no linkage, iOS + Android). The two carry-over defects above were raised in the 2026-01-23 QA return and are what remains.",https://gopherapp.atlassian.net/browse/G40-251
G40-253,Task,Gopher App - QA Research – Sanity Check & Coverage Validation for All Request Creation Flows ,To Do,Medium,,,Diana Mendoza,"Gopher-App,Gopher-Requestor,spine",Gopher App (Requestor),2026-01-27T22:19:48.172+0530,2026-06-09T02:20:06.755+0530,"## **(Update 5.11.26)**

## **Request Flow has been reduced. Flow Doc provided along with with Figma assets**

‌

## **🧑‍💻 As a**

QA team validating the Requestor experience,

## **🎯 I want**

to systematically review and validate all request creation flows in the app,

## **✅ So that**

we can ensure every request type works end-to-end without blockers, inconsistencies, or broken paths.

‌

## **💡 Context / Background**

‌

* The app currently supports **\~35 different request types** across multiple categories and subcategories.
* Due to the complexity and variety of flows, there is a risk that:

    



    * Some request paths are broken
    * Certain categories behave inconsistently
    * Edge cases are missed during development
    

    


* This ticket is intended as a **QA research and sanity-check effort**, not feature development.
* The goal is to:

    



    * Validate that **all request flows are covered**
    * Identify broken, inconsistent, or unclear flows
    * Document gaps, bugs, or UX issues for follow-up tickets
    

    



## **🔍 Scope of Validation**

‌

### **Category: Delivery**

‌

**Subcategories**

‌

* Restaurant / Food
* Grocery
* Convenience Store
* Courier
* General Errand
* Alcohol
* Other Age-Restricted

‌

### **Category: Need a Ride**

‌

* Standard Need a Ride flow

‌

### **Category: Services**

‌

#### **Home Services**

‌

* Bathrooms
* Closets
* Electrical
* Flooring
* Handyman
* House / Office Cleaning
* Kitchen
* Outdoor Projects
* Painting
* Plumbing
* Roofing / Gutters
* Windows
* Other Home Services

‌

#### **Moving**

‌

* Store Pick Up
* Location Move
* Same Location Move
* Other

‌

#### **Other Services**

‌

* Junk Removal
* Hourly / Day Labor

‌

#### **Yard Projects**

‌

* Lawn Mowing
* Leaf Blowing
* Mulch Project
* Trimming
* Other

‌

## **🛠️ What QA Should Validate for Each Flow**

‌

For **each request type**, QA should confirm:

‌

* Request creation completes successfully
* Required fields are clear and enforced
* Optional fields behave correctly
* Navigation between steps works as expected
* Pricing and scheduling behave correctly
* Submission does not error or stall
* Request appears correctly in Request History
* No duplicate requests are created
* No incorrect validations or UI copy appear

‌

## **❌ Out of Scope**

‌

* Feature enhancements
* UX redesign (unless blocking)
* Backend refactors

‌

> Any issues found should be logged as **separate tickets**, linked to this research task.

‌

## **✅ Acceptance Criteria** 

‌

### **Scenario 1 – All request flows can be completed**

* **Given** a Requestor selects any supported category and subcategory
* **When** they complete the request creation flow
* **Then** the request submits successfully without errors

‌

### **Scenario 2 – Required fields are enforced**

* **Given** a request flow requires specific inputs
* **When** the user attempts to submit without completing them
* **Then** clear validation messages are shown

‌

### **Scenario 3 – No broken navigation**

* **Given** the user moves through request steps
* **When** navigating forward or backward
* **Then** the flow remains stable and does not reset or break

‌

### **Scenario 4 – Request history accuracy**

* **Given** a request is submitted
* **When** viewing Request History
* **Then** the request appears correctly with the right category and details

‌

### **Scenario 5 – Issues are documented**

* **Given** QA encounters a broken or inconsistent flow
* **When** the issue is identified
* **Then** a new ticket is created with:

    * Category / subcategory
    * Steps to reproduce
    * Screenshots or video
    * Device and OS details
    

    



## **📋 Deliverables**

‌

* Confirmation of which flows pass validation
* List of flows with issues
* Linked Jira tickets for each identified bug or gap
* High-level summary of overall request flow health

‌

## **🧠 Notes for QA**

‌

* Test on both **iOS and Android**
* Include at least one test per category on:

    * New user
    * Returning user
    
* Pay special attention to:

    * Age-restricted flows
    * Scheduled requests
    * Pricing differences between categories
    

    



",https://gopherapp.atlassian.net/browse/G40-253
G40-254,Story,Both Apps - Implement mandatory app update for future major release versions,To Do,Highest,,Wilson Correa Padilla,Diana Mendoza,spine,,2026-01-30T20:26:27.138+0530,2026-06-09T01:10:08.627+0530,"**As a** user running an outdated major version of the app,

**I want** to be clearly prompted to update,

**So that** I can continue using a stable, compatible version of the app without encountering bugs or broken functionality caused by version mismatches.

---

## 💡 Context / Background

* Users are not currently required to upgrade to the latest version of the app.
* This results in multiple app versions in circulation, inconsistent behavior, already-fixed bugs appearing to still exist, and increased support and QA complexity.
* To stabilize behavior and ensure compatibility, a **force-update mechanism** is needed for **future major release versions** (defined as an increment to the first version number, e.g. 3.x → 4.0).
* Minor and patch versions (e.g. 4.0 → 4.1, 4.1.0 → 4.1.1) are **not** subject to forced updates unless explicitly configured.
* Applies to both **Gopher Request** and **Gopher Go** apps.

---

## 🛠️ Proposed Solution

### Backend

* Introduce a version-check endpoint that receives the device's installed app version, compares it against the **minimum required version** stored in the database, and returns whether the version is **Allowed** or **Blocked**.
* Minimum required version must be configurable per platform (iOS / Android) **without requiring an app redeployment**.
* Backend is the source of truth for version enforcement.

### Frontend

* On app launch (and on resume from background), call the version validation endpoint.
* If the backend returns **Blocked**:

    * Display a **full-screen, non-dismissible modal**.
    * Block access to all app functionality.
    * Show clear messaging explaining an update is required.
    * Include a primary CTA: **Update App** — deep-linked to the correct App Store (iOS App Store or Google Play).
    
* If the backend returns **Allowed**, the user proceeds normally.
* Define fallback behavior for network failure during version check (e.g. allow entry but retry on next launch).

---

## ❌ Current Behavior

* Users can continue using outdated versions indefinitely.
* Incompatible versions coexist in production.
* Unexpected bugs and behavior occur due to version mismatches.

---

## ✅ Expected Behavior

* Users on outdated major versions are blocked from using the app until they update.
* Only compatible versions are allowed to interact with the system.

---

## 🔁 Acceptance Criteria

**Scenario 1 – Version validation on app launch**

* **Given** the app is launched
* **When** the app sends its current version to the backend
* **Then** the backend validates it against the platform-specific minimum required version and returns Allowed or Blocked

**Scenario 2 – Force update required**

* **Given** the user's app version is below the required major version
* **When** the backend responds with Blocked
* **Then** a full-screen, non-dismissible update modal is displayed
* **And** the user cannot access any app functionality

**Scenario 3 – Redirect to App Store**

* **Given** the force update modal is displayed
* **When** the user taps **Update App**
* **Then** they are deep-linked to the correct App Store for their platform (iOS or Android)

**Scenario 4 – App usage allowed**

* **Given** the user's app version meets or exceeds the minimum required version
* **When** the app completes version validation
* **Then** the user proceeds normally into the app with no interruption

**Scenario 5 – Platform-specific enforcement**

* **Given** the user is on iOS or Android
* **When** version validation occurs
* **Then** enforcement uses the minimum version configured specifically for that platform

**Scenario 6 – Network failure during version check**

* **Given** the app launches with no or poor network connectivity
* **When** the version check endpoint cannot be reached
* **Then** the app applies the defined fallback behavior (to be specified by the team before development begins)

---

## ⚙️ Business Rules

* Forced updates apply to **major version increments only** unless explicitly overridden in the backend config.
* The update modal must **not** be dismissible under any circumstance.
* Version requirements must be configurable per platform without an app redeployment.
* Backend is the single source of truth — the app must not make local version decisions.
* Applies to both **Gopher Request** and **Gopher Go**.

---

## 🧠 Dependencies / Notes

* Backend must expose a reliable, low-latency version-check endpoint.
* Frontend must perform version validation early in the app lifecycle, before any navigation.
* Fallback behavior for network failure must be defined and agreed upon before development begins.
* Modal copy must be clear and user-friendly — coordinate with design/copy team.

---

## 🧪 QA Notes

* Test with app versions below, equal to, and above the required major version.
* Verify the modal blocks all navigation and cannot be dismissed.
* Confirm the Update App CTA deep-links correctly on both iOS and Android.
* Test on both platforms with good, poor, and no network connectivity.
* Validate that backend version config changes take effect without an app release.

",https://gopherapp.atlassian.net/browse/G40-254
G40-258,Story,Infrastructure – Elastic Beanstalk Platform Upgrade & EC2-Classic → VPC Migration,To Do,Highest,,Jonathan Pérez Narváez,Diana Mendoza,spine,,2026-02-13T02:20:57.971+0530,2026-06-09T01:10:08.066+0530,"‌

## **🧑‍💻 As a(n)**

engineer / platform / DevOps team,

## **🎯I want**

to upgrade our Elastic Beanstalk environment to a supported platform branch and migrate from EC2-Classic to VPC,

## **✅ So that**

we can continue making environment changes, receive security updates, and avoid deployment failures.

‌

## **💡 Context / Background**

‌

While attempting to update environment variables, AWS is blocking changes and displaying warnings indicating that the environment is running on **retired infrastructure**.

‌

Key issues identified:

‌

1️⃣ **Retired Elastic Beanstalk Platform**

* The environment uses a **retired platform branch**
* Retired branches:

    * No longer receive maintenance or security updates
    * Are not supported by AWS
    
* AWS recommends upgrading immediately.

Reference:

<custom data-type=""smartlink"" data-id=""id-0"">https://docs.aws.amazon.com/elasticbeanstalk/latest/dg/platforms-glossary.html</custom> 

‌

2️⃣ **Environment Created in EC2-Classic**

* The environment was originally created using **EC2-Classic**
* AWS now supports **VPC-only networking**
* When attempting to update environment variables:

    * Elastic Beanstalk tries to implicitly migrate networking
    * The update fails
    

This is likely the **root cause of deployment and configuration update failures**.

‌

## **❌ Current Behavior**

‌

* Updating environment variables fails.
* Infrastructure attempts to migrate automatically and errors out.
* Platform branch is unsupported and not receiving updates.
* Deployment and configuration changes are becoming risky/unreliable.

‌

## **✅ Expected Behavior**

‌

* Environment runs on a **supported Elastic Beanstalk platform branch**.
* Environment is fully migrated to **VPC networking**.
* Environment variables and configuration changes can be applied normally.
* Deployments succeed without platform or networking conflicts.

‌

## **🔍 Scope of Work**

‌

This ticket includes **research, planning, and migration execution**.

‌

### **Phase 1 – Assessment**

* Identify:

    * Current platform branch
    * Current runtime versions
    * Current EC2-Classic configuration
    
* Document:

    * Dependencies and risks
    * Downtime considerations
    * Required AWS resources (VPC, subnets, security groups)
    

    



### **Phase 2 – Migration Strategy**

* Plan migration to:

    * Supported Elastic Beanstalk platform
    * VPC networking
    
* Determine safest approach:

    * Blue/Green deployment (recommended)
    * New environment creation + cutover
    

    



### **Phase 3 – Implementation**

* Create new EB environment in VPC.
* Configure networking and security groups.
* Deploy application to new environment.
* Validate functionality.
* Cut over traffic (DNS swap).

‌

## **✅ Acceptance Criteria** 

‌

### **Scenario 1 – Platform branch upgraded**

* **Given** the new environment is created
* **When** the application is deployed
* **Then** the environment runs on a supported Elastic Beanstalk platform

‌

### **Scenario 2 – Environment migrated to VPC**

* **Given** the migration is complete
* **When** reviewing networking configuration
* **Then** the environment runs fully inside a VPC

‌

### **Scenario 3 – Configuration updates succeed**

* **Given** the new environment is active
* **When** updating environment variables
* **Then** the changes apply successfully without errors

‌

### **Scenario 4 – Successful deployment**

* **Given** traffic is routed to the new environment
* **When** users access the application
* **Then** the app behaves as before with no regression

‌

## **⚙️ Business Rules**

‌

* Must move off retired platform immediately.
* Must use VPC networking (AWS requirement).
* Prefer **zero-downtime migration**.
* Old environment should remain available until cutover validation is complete.

‌

## **🧠 Dependencies / Notes**

‌

* Requires AWS access and DevOps coordination.
* Recommend Blue/Green deployment to minimize risk.
* Verify:

    * Environment variables
    * S3 / RDS / external service connectivity
    * SSL / DNS configuration
    
* Old environment should be decommissioned only after validation.

‌

## **🧪 QA Notes**

‌

* Validate:

    * App loads and core flows work
    * Environment variables apply successfully
    * Deployments succeed
    
* Monitor logs after cutover.

",https://gopherapp.atlassian.net/browse/G40-258
G40-262,Bug,BUG - Gopher App - When Attempting To Accept A Bid (Order #55362) White Screen Appears,To Do,Highest,,John Newbury,John Newbury,request,,2026-03-05T03:33:47.958+0530,2026-07-03T20:42:14.525+0530,"I took over the account and tried from my device and same error occurred. This seems to be an issue with several “Services - Home Services” categories. 

User edited request from “have a gopher bid” to “name your own price” and it worked. ",https://gopherapp.atlassian.net/browse/G40-262
G40-264,Task,BUG - Admin Panel - Deleted/Deactivated Date Issue,To Do,Medium,,,John Newbury,spine,,2026-03-12T18:38:21.986+0530,2026-06-09T01:10:06.859+0530,"When running the User report in the admin panel, the Deleted/Deactivated date field incorrectly displays the account’s Created date instead of the actual date the account was deleted or deactivated. This makes it impossible to accurately track user churn, attrition, or account lifecycle in reporting.

## 🧑‍💻 As a

admin running the User report,

## 🎯 I want

the Deleted/Deactivated date field to show the actual date the account was deleted or deactivated,

## ✅ So that

I can accurately track user churn and attrition over time.

## 💡 Context / Background

* The User report in the admin panel includes a Deleted/Deactivated date field intended to track when an account was removed or disabled.
* This date is used to measure user churn and attrition over time.
* Currently, the field is incorrectly populated with the account’s Created date rather than the date the account was actually deleted or deactivated.
* This means all attrition reporting is currently inaccurate — deleted accounts appear as if they were deleted on the same day they were created.

## 🔁 Steps to Reproduce

1. In the admin panel, navigate to Reports → User report.
2. Filter or locate accounts with a Deleted or Deactivated status.
3. Observe the Deleted/Deactivated date column.
4. Confirm the date shown matches the account’s Created date rather than the actual deletion or deactivation date.

## ❌ Current Behavior

* The Deleted/Deactivated date field in the User report displays the account’s Created date
* The actual date the account was deleted or deactivated is not being recorded or displayed
* Attrition and churn reporting is inaccurate as a result

## ✅ Expected Behavior

* The Deleted/Deactivated date field in the User report displays the actual date the account was deleted or deactivated
* The Created date and Deleted/Deactivated date are stored and displayed as separate, distinct values
* Attrition and churn reports accurately reflect when users left the platform

## ✅ Acceptance Criteria

### Scenario 1 – Deleted/Deactivated date shows the correct date

* **Given** an account has been deleted or deactivated
* **When** an admin views the User report
* **Then** the Deleted/Deactivated date field shows the actual date the account was deleted or deactivated
* **And** the date is different from the Created date unless the account was deleted on the same day it was created

### Scenario 2 – Created date is unaffected

* **Given** an account has been deleted or deactivated
* **When** an admin views the User report
* **Then** the Created date field still shows the original account creation date and is unchanged

### Scenario 3 – Active accounts show no Deleted/Deactivated date

* **Given** an account is active and has not been deleted or deactivated
* **When** an admin views the User report
* **Then** the Deleted/Deactivated date field is empty or null for that account

## ⚙️ Business Rules

* The Deleted/Deactivated date must always reflect the timestamp of the delete or deactivate action, not the account creation timestamp.
* Created date and Deleted/Deactivated date must be stored as separate fields in the data model.
* Active accounts must have a null or empty Deleted/Deactivated date.

## 🧠 Dependencies / Notes

* Identify whether the Deleted/Deactivated date is stored as a separate field or is being incorrectly defaulted to the Created date at the report query layer.
* If the deletion/deactivation timestamp is not currently being recorded when an account is deleted or deactivated, a new field (e.g. deleted_at or deactivated_at) must be added to the user record and populated at the time of the action.
* Existing deleted/deactivated accounts with incorrect dates will need to be assessed — if the correct timestamps are not recoverable from logs, those records may need to remain as-is with a note that historical data prior to this fix may be inaccurate.

## 🧪 QA Notes

* Delete or deactivate a test account and immediately check the User report — confirm the Deleted/Deactivated date reflects today’s date (the actual action date).
* Confirm the Created date for the same account is unchanged.
* Check an active account in the User report — confirm the Deleted/Deactivated date field is empty or null.
* Verify the fix applies to both deleted and deactivated account states.

",https://gopherapp.atlassian.net/browse/G40-264
G40-265,Task,MAJOR BUG - Requestors Cannot Accept Bids,To Do,Highest,,John Newbury,John Newbury,request,,2026-03-15T19:58:40.775+0530,2026-07-03T20:42:14.495+0530,"Examples:

Order #56006

Order #55362

When the Requestor tries to accept a bid, screen turns completely white. 

They need to close app and reopen. 

If the users edits request from ask for a bid, to set their own price, it will allow Requestor to accept interested Gopher. 

‌

Also, view has changed to misrepresent total offer. ",https://gopherapp.atlassian.net/browse/G40-265
G40-266,Task,"BUG - Gopher App - Duplicate Issue - If User Edits Request To A Different Category, A New Request Is Generated",In Progress,Highest,,John Newbury,John Newbury,request,,2026-03-16T21:29:34.965+0530,2026-07-03T07:22:24.349+0530,"When a user edits an existing request — even if they change the subcategory — the original order number must be preserved. A new request must **never** be generated as a result of an edit.

## 🧑‍💻 As a

Gopher App user editing an existing request,

## 🎯 I want

my edited request to update in place and retain its original order number,

## ✅ So that

I do not end up with duplicate orders or lose track of my original request.

## 💡 Context / Background

* Users are able to edit a pending/active request from within the app.
* Editing within the **same subcategory** works correctly — the order number is retained and no duplicate is created.
* However, if the user changes to a **different subcategory** during an edit, the system incorrectly generates a **new request with a new order number**, resulting in a duplicate.
* Example: a user edits a _Delivery – General Errand_ request and changes it to _Delivery – Other Age-Restricted_. Instead of updating the existing order, a duplicate request is created.

## ❌ Current Behavior

* Editing a request and changing the subcategory causes the system to generate a **new order with a new order number**
* The original order remains open, resulting in a **duplicate request**
* Editing within the same subcategory does **not** trigger this issue — the bug is isolated to cross-subcategory edits

## ✅ Expected Behavior

* Any edit to a request — regardless of whether the subcategory changes — must **update the existing order in place**
* The **original order number is always retained**
* No new order or duplicate is ever created as a result of an edit
* The edit flow behaves consistently whether the subcategory stays the same or changes

## 🔁 Steps to Reproduce

1. Create a request under any subcategory (e.g. _Delivery – General Errand_).
2. Navigate to the request and tap **Edit**.
3. Change the subcategory to a different one (e.g. _Delivery – Other Age-Restricted_).
4. Submit the edited request.
5. Observe that a new order number is generated and a duplicate request exists.

## ✅ Acceptance Criteria

### Scenario 1 – Edit within the same subcategory

* **Given** a user edits a request without changing the subcategory
* **When** the edited request is submitted
* **Then** the original order is updated in place
* **And** the order number remains unchanged
* **And** no duplicate request is created

### Scenario 2 – Edit with a subcategory change

* **Given** a user edits a request and changes it to a different subcategory
* **When** the edited request is submitted
* **Then** the original order is updated in place with the new subcategory
* **And** the order number remains unchanged
* **And** no new order or duplicate is generated

### Scenario 3 – No duplicate in request history

* **Given** a user has submitted an edited request with a subcategory change
* **When** the user views their request history
* **Then** only one order exists for that request
* **And** the order reflects the updated subcategory

## ⚙️ Business Rules

* An edit to an existing request must **always update the original order** — never create a new one.
* The order number is immutable once assigned and must persist through any edits, including subcategory changes.
* Subcategory changes are treated as field-level updates, not new request creation events.
* Edit behavior must be consistent across all category and subcategory combinations.

## 🧠 Dependencies / Notes

* Investigate whether a subcategory change triggers a new request creation event on the frontend or backend.
* Confirm the edit flow uses an **Update Request** endpoint, not a **Create Request** endpoint, for all edits regardless of subcategory.
* Ensure the original order ID is passed through the entire edit flow and is not reset upon subcategory selection.
* Verify fix is consistent across all category and subcategory combinations.

## 🧪 QA Notes

* Test editing a request without changing the subcategory — confirm order number is retained.
* Test editing a request and changing to a different subcategory — confirm order number is retained and no duplicate is created.
* Test across multiple category and subcategory combinations.
* Verify request history shows only one order after an edit.
* Test on both iOS and Android.

",https://gopherapp.atlassian.net/browse/G40-266
G40-267,Sub-task,Gopher Go - No Show Update - Driver Must Be Near Drop-Off Location,To Do,Medium,,,John Newbury,worker,,2026-03-25T17:27:33.041+0530,2026-06-09T03:51:53.455+0530,"Need to add more requirements from Gopher when a no show is updated. 

* Location must be with-in a couple yards of Lat/Long
* Fraud Alert notification triggered 
* Ensure Requestor has acknowledged the timer

",https://gopherapp.atlassian.net/browse/G40-267
G40-270,Task,Gopher App - Saving An Order Info So Users Don't Have To Start Over (and learn user behaviors),To Do,Medium,,,John Newbury,request,,2026-04-02T00:09:58.389+0530,2026-06-09T03:52:20.636+0530,"During order creation, users currently lose all entered data if they exit the app, switch screens, or are interrupted before submitting. This ticket introduces a Draft Order system that auto-saves order progress at every step, assigns a draft order number immediately when an order is started, and allows users to seamlessly resume where they left off. Draft order data is visible to the user in their order history, surfaced in a new admin panel tab, and used to build behavioral analytics around user drop-off and completion patterns. This feature is part of the new UI/UX version.

## 🧑‍💻 As a

Requestor creating an order in the Gopher App,

## 🎯 I want

my order progress to be automatically saved as I move through each step so I can resume it if I leave the app or get interrupted,

## ✅ So that

I never have to start an order from scratch again, and the platform can better understand how users interact with the request creation flow.

## 💡 Context / Background

* Users currently lose all order creation progress if they leave the app, are interrupted, or navigate away before submitting. This creates friction and results in abandoned orders that are never completed.
* The Draft Order system addresses this by saving order data incrementally as the user progresses through each screen.
* A draft order number is assigned as soon as the user begins creating an order, before submission.
* Draft orders are surfaced to the user in their order history so they can find and resume them easily.
* Draft order data is also captured in a new admin panel tab and report, enabling the team to analyze where users drop off in the creation flow and understand behavioral patterns on the platform.
* This feature is part of the new UI/UX version.

## 🔀 Complete Flow

### Step 1 - Draft Order Created on First Interaction

* As soon as a user begins creating a request, a draft order number is assigned
* The draft order is immediately recorded in the user's order history and in the admin panel Draft Orders tab

### Step 2 - Auto-Save on Each Step

* Each time the user taps Next or transitions between screens during order creation, the data entered on that screen is saved to the draft
* Progress is preserved even if the user exits the app, backgrounds it, or navigates away before submitting

### Step 3 - Resume from Dashboard

* If the user leaves the app or navigates away at any point, tapping the Request button on the bottom dashboard nav shows the user their pending draft order(s)
* The user can select a draft and resume from the exact step where they left off
* Multiple drafts are supported - if a user has more than one pending draft, all are shown

### Step 4 - Draft Converts to Order on Submission

* When the user completes all steps and submits the request, the draft order is converted to a live order
* The draft order record is updated with the final submitted status

### Step 5 - Cancelled Draft Orders are Retained

* If a user cancels a draft order, the draft is retained in the log with a final status of Cancelled
* The data entered up to the point of cancellation is preserved for analytics purposes

## 📄 Draft Orders - User-Facing

* Draft orders appear in the user's Order History tab, clearly labeled as Draft
* Tapping the Request button on the dashboard when a draft exists shows the user their pending draft(s) first
* The user can resume a draft or start a new request

## 📊 Draft Orders - Admin Panel

* A new Draft Orders tab is added to the admin panel
* The Draft Orders report mirrors the existing Orders report but includes two additional columns: Pending (draft not yet submitted) and Cancelled (draft cancelled before submission)
* Draft order records are also visible in individual user profiles in the admin panel
* Draft data is retained permanently for behavioral analytics, even after the draft is converted or cancelled

## ❌ Current Behavior

* No order progress is saved during creation - if the user exits the app or navigates away, all entered data is lost
* Users must start the entire order creation flow from scratch after any interruption
* No draft order tracking exists in the user-facing UI or admin panel

## ✅ Acceptance Criteria

### Scenario 1 - Draft order number is assigned on first step

* **Given** a user begins creating a request
* **When** the first step of the order creation flow is initiated
* **Then** a draft order number is assigned and the draft is recorded in the system

### Scenario 2 - Progress is saved on each Next tap

* **Given** a user is progressing through order creation
* **When** the user taps Next or transitions to the next screen
* **Then** all data entered on the current screen is saved to the draft

### Scenario 3 - User can resume draft after leaving the app

* **Given** a user has a pending draft and has left the app
* **When** the user taps the Request button on the dashboard
* **Then** the user's pending draft(s) are shown and they can resume from the step where they left off

### Scenario 4 - Submitted draft converts to a live order

* **Given** a user completes all order creation steps and submits
* **When** the order is submitted
* **Then** the draft is converted to a live order and no longer appears as a pending draft

### Scenario 5 - Cancelled draft is retained with Cancelled status

* **Given** a user cancels a draft order
* **When** the cancellation is confirmed
* **Then** the draft record is retained with a final status of Cancelled and all data is preserved for analytics

### Scenario 6 - Draft orders appear in user Order History

* **Given** a user has one or more pending draft orders
* **When** the user views their Order History
* **Then** the drafts are clearly visible and labeled as Draft

### Scenario 7 - Admin panel Draft Orders tab shows all draft records

* **Given** draft orders exist on the platform
* **When** an admin navigates to the Draft Orders tab
* **Then** all draft orders are listed with Pending and Cancelled columns visible

## ⚙️ Business Rules

* A draft order number is assigned at the start of every order creation session.
* Progress is saved incrementally at every Next tap or screen transition - no manual save action is required from the user.
* Draft orders are accessible from the Request button on the dashboard and from the user's Order History.
* A draft is converted to a live order only upon final submission.
* Cancelled drafts are never deleted - they are retained with a Cancelled status for analytics.
* Draft order data is visible in individual user profiles in the admin panel.
* The admin panel Draft Orders report mirrors the Orders report and includes Pending and Cancelled status columns.
* This feature is part of the new UI/UX version and should be scoped and implemented accordingly.

## 🧠 Dependencies / Notes

* A draft order data model must be created with fields for: draft order number, user ID, category/subcategory, all order creation fields captured per step, current step, status (Pending / Converted / Cancelled), created timestamp, last updated timestamp.
* The draft must be saved to the backend on each Next action - local device storage alone is not sufficient as the user must be able to resume on any device.
* The Request button on the dashboard must check for existing pending drafts and surface them before launching a new creation flow.
* The admin panel requires a new Draft Orders tab and report, plus a Draft Orders section in individual user profiles.
* Draft order analytics will enable the team to identify drop-off points in the creation flow by measuring which step users most commonly abandon - the last saved step on cancelled or stale drafts is the key metric.
* This feature is part of the new UI/UX version - implementation must align with the new design system and flow.
* Figma design reference: https://www.figma.com/design/aRFH8dqUfSHLJTb89VZYNh/Jira-Tickets?node-id=102-13675

## 🧪 QA Notes

* Start creating an order and tap Next through several steps - confirm a draft order number is assigned and data is saved at each step.
* Exit the app mid-creation, reopen, and tap the Request button - confirm the pending draft is shown and the flow resumes from the last saved step.
* Complete and submit an order - confirm the draft converts to a live order and is no longer listed as a pending draft.
* Cancel a draft mid-creation - confirm it is retained in the log with Cancelled status.
* Check the user's Order History - confirm drafts are visible and clearly labeled.
* Check the admin panel Draft Orders tab - confirm all drafts appear with Pending and Cancelled columns.
* Check the user's profile in the admin panel - confirm their draft orders are visible.
* Create multiple drafts without submitting - confirm all appear when the Request button is tapped.
* Test on both iOS and Android.

",https://gopherapp.atlassian.net/browse/G40-270
G40-271,Bug,BUG - Both Apps - Sign-Up Issue With Existing Users,In Progress,Highest,,John Newbury,John Newbury,spine,,2026-04-12T17:52:22.809+0530,2026-07-03T21:38:07.870+0530,"Following the sign-up process enhancement deployed to the App Stores in March 2026, multiple issues have emerged affecting existing users with unconfirmed email addresses, admin panel email management, and AWS authentication sync. These issues span both the Gopher App and Gopher Go.

## 🧑‍💻 As a

returning user, admin, or support team member,

## 🎯 I want

existing user accounts to be correctly recognized and manageable across the app and admin panel,

## ✅ So that

users are not forced into unwanted new account creation, email updates are properly synced, and confirmation flows work as intended.

## 💡 Context / Background

* In March 2026, a sign-up process enhancement was deployed to both app stores.
* This enhancement introduced regressions affecting existing users with unconfirmed email addresses.
* A new user category was added in AWS that is not linked to the admin panel, creating a sync disconnect.
* The issues affect both the user-facing apps and the admin panel's ability to manage accounts.

## ❌ Current Behavior

* Existing users with unconfirmed email addresses are being **forced to create new accounts**, even if they have existing order history
* These users should instead be prompted to **update their email address and confirm via OTP** — this flow is not triggering correctly
* A new AWS category introduced during the March 2026 deployment is **not linked to the admin panel** — email changes made in the admin panel are no longer recognized by the app
* When an admin manually updates a user’s email address in the admin panel, the change is **not saved in a way the app recognizes**
* The **Send Confirmation Email** button in the admin panel is not functioning correctly following the March 2026 deployment
* If a user begins sign-up, reaches the email OTP screen, and **does not complete the session** (OTP expires or session is abandoned), the next time they log in via SMS they are immediately shown the email OTP screen again
* On the email OTP screen, tapping the **back arrow (upper left)** simply refreshes the same OTP page — it does not navigate back
* The user has no way to update their email address or resend the OTP if the email on file is incorrect — they are completely stuck

## ✅ Expected Behavior

* Existing users with unconfirmed emails are **never forced into new account creation** — their existing account and order history must be preserved
* These users are prompted to **update and confirm their email via OTP** within the existing account flow
* The new AWS category is **fully linked to the admin panel** so that email updates made by admins are recognized by the app
* Admin panel email updates are **saved and synced correctly** so the app recognizes the change immediately
* The **Send Confirmation Email** button functions correctly and sends the confirmation email to the user
* When a user re-logs in via SMS and is shown the email OTP screen, the **back arrow navigates back to the Confirmation screen** where they can update their email address
* From the Confirmation screen, the user can **correct their email address and trigger a new OTP** to be sent

## 🔁 Steps to Reproduce

### Issue 1 – Existing user forced into new account creation

1. Identify an existing user with an unconfirmed email address and order history.
2. Attempt to log in or resume the account on either app.
3. Observe that the user is routed to new account creation instead of an email update/OTP confirmation flow.

### Issue 2 – Admin panel email update not recognized by app

1. In the admin panel, manually update a user's email address.
2. Attempt to log in with the updated email on either app.
3. Observe the app does not recognize the updated email.

### Issue 3 – Send Confirmation Email button not working

1. In the admin panel, navigate to a user account.
2. Click the Send Confirmation Email button.
3. Observe the email is not sent or the button produces no action.

### Issue 4 – User stuck on email OTP screen after incomplete session

1. Begin sign-up and proceed all the way to the email OTP screen.
2. Do not complete the OTP entry — exit the app or allow the session to expire.
3. Log back in using SMS.
4. Observe the email OTP screen is shown immediately.
5. Tap the back arrow (upper left).
6. Observe the same OTP page refreshes instead of navigating back.
7. Observe there is no way to update the email address or request a new OTP.

## ✅ Acceptance Criteria

### Scenario 1 – Existing user with unconfirmed email is not forced into new account creation

* **Given** an existing user with an unconfirmed email address and order history attempts to access their account
* **When** the app recognizes the existing account
* **Then** the user is prompted to update and confirm their email via OTP
* **And** their existing account and order history are preserved
* **And** no new account is created

### Scenario 2 – OTP email confirmation flow works correctly

* **Given** the user is prompted to confirm their email via OTP
* **When** the user enters the correct OTP
* **Then** the email is confirmed and the user gains full access to their account

### Scenario 3 – Admin panel email update is recognized by the app

* **Given** an admin has updated a user's email address in the admin panel
* **When** the user attempts to log in with the updated email
* **Then** the app recognizes the updated email and allows login

### Scenario 4 – Send Confirmation Email button works correctly

* **Given** an admin clicks the Send Confirmation Email button for a user
* **When** the action is triggered
* **Then** a confirmation email is successfully sent to the user
* **And** the user receives the email and can complete confirmation

### Scenario 5 – AWS category is linked to the admin panel

* **Given** the new AWS user category exists
* **When** an email is updated via the admin panel
* **Then** the change is reflected in AWS and recognized by the app

### Scenario 6 – Back arrow on email OTP screen navigates to Confirmation screen

* **Given** a user is on the email OTP screen after logging in via SMS
* **When** the user taps the back arrow (upper left)
* **Then** the user is taken back to the Confirmation screen
* **And** the OTP page does not refresh

### Scenario 7 – User can update email and resend OTP from Confirmation screen

* **Given** a user has navigated back to the Confirmation screen from the OTP screen
* **When** the user updates their email address and re-submits
* **Then** a new OTP is sent to the updated email address
* **And** the user can complete email confirmation successfully

## ⚙️ Business Rules

* Existing users must never be forced into new account creation regardless of email confirmation status.
* Users with unconfirmed emails must be routed to an email update and OTP confirmation flow within their existing account.
* Email updates made in the admin panel must be synced to AWS and recognized by the app.
* The Send Confirmation Email button must function correctly at all times post sign-up enhancement.
* All AWS user categories must be linked to and manageable from the admin panel.
* The back arrow on the email OTP screen must always navigate back to the Confirmation screen — never refresh the OTP page.
* Users must always have a path to correct their email address and request a new OTP if needed.

## 🧠 Dependencies / Notes

* Root cause is tied to the sign-up process enhancement deployed to the App Stores in March 2026 — regression introduced at that point.
* Investigate the new AWS user category added during the March 2026 deployment and confirm it is properly linked to the admin panel.
* Confirm the admin panel email update flow writes changes to the correct AWS attribute so the app can recognize them.
* Review and fix the Send Confirmation Email trigger in the admin panel to ensure it fires correctly post-deployment.
* Fix back arrow navigation on the email OTP screen so it routes to the Confirmation screen rather than refreshing in place.
* Applies to both the Gopher App and Gopher Go.
* **Related tickets:** This bug is a direct result of the sign-up enhancement work defined in G40-7 (Frontend — Simplify Sign-Up Process) and G40-242 (Backend — Simplify Sign-Up Process). G40-7 and G40-242 define the intended front-end and back-end behavior; G40-271 captures the regressions introduced when that work was deployed. All three must be reviewed together.

## 🧪 QA Notes

* Test with an existing user account that has an unconfirmed email — confirm the OTP update flow is triggered and no new account is created.
* Test admin panel email update — confirm the change is recognized by the app on next login.
* Test the Send Confirmation Email button — confirm the email is delivered and the user can complete confirmation.
* Verify the new AWS category is visible and manageable from the admin panel.
* Simulate an incomplete sign-up session (exit before OTP entry), log back in via SMS, and verify the back arrow on the OTP screen navigates to the Confirmation screen.
* From the Confirmation screen, update the email address and verify a new OTP is sent and confirmation completes successfully.
* Test on both the Gopher App and Gopher Go.
* Test on both iOS and Android.

",https://gopherapp.atlassian.net/browse/G40-271
G40-272,Task,Admin Panel - Create an Email OTP field just like we have for SMS,To Do,Medium,,,John Newbury,spine,,2026-04-12T17:54:25.640+0530,2026-06-09T03:52:58.477+0530,"The admin panel currently has an OTP report that covers SMS-based one-time passcodes. With the introduction of email OTP verification, admins need an equivalent report for email OTPs to assist users with recovery. This ticket renames the existing OTP report to SMS OTP and creates a new Email OTP report that is an exact replica of the SMS OTP report.

## 🧑‍💻 As a

admin panel user assisting a user with OTP recovery,

## 🎯 I want

to be able to look up both SMS OTPs and Email OTPs for a user in the admin panel,

## ✅ So that

I can quickly assist users who are not receiving or are having issues with either type of OTP.

## 💡 Context / Background

* The admin panel currently has an OTP report used by the support team to look up and assist users with SMS-based OTP issues.
* With email OTP now in use for account verification, admins require the same lookup capability for email OTPs.
* The implementation is straightforward: rename the existing report to clarify it covers SMS OTPs, and create an identical Email OTP report for email-based OTP lookups.

## 🛠️ Scope of Changes

### Change 1 - Rename Existing OTP Report

* The existing OTP report in the admin panel must be renamed from OTP to SMS OTP
* All references to this report throughout the admin panel must be updated to SMS OTP
* No changes to the report’s functionality, columns, or data

### Change 2 - Create Email OTP Report

* A new Email OTP report must be created in the admin panel
* The Email OTP report must be an exact replica of the SMS OTP report in structure, columns, filtering, and functionality
* The Email OTP report surfaces email-based OTP records instead of SMS-based OTP records

## ❌ Current Behavior

* The admin panel has a single OTP report covering SMS OTPs, with no label distinguishing it from email OTPs
* There is no Email OTP report or lookup capability in the admin panel

## ✅ Expected Behavior

* The existing OTP report is renamed to SMS OTP throughout the admin panel
* A new Email OTP report is available in the admin panel, mirroring the SMS OTP report in structure and functionality
* Admins can look up email OTP records for any user to assist with email verification issues

## ✅ Acceptance Criteria

### Scenario 1 - Existing OTP report is renamed to SMS OTP

* **Given** an admin navigates to the OTP report
* **When** the report loads
* **Then** the report is labeled SMS OTP and all references throughout the admin panel reflect this rename
* **And** the report’s data, columns, and functionality are unchanged

### Scenario 2 - Email OTP report is available and mirrors SMS OTP

* **Given** an admin navigates to the Email OTP report
* **When** the report loads
* **Then** the report displays email OTP records with the same structure, columns, and filtering as the SMS OTP report

### Scenario 3 - Admin can look up a user’s email OTP records

* **Given** an admin is assisting a user with an email OTP issue
* **When** the admin searches for the user in the Email OTP report
* **Then** the user’s email OTP records are returned and visible

## ⚙️ Business Rules

* The existing OTP report must be renamed to SMS OTP with no changes to its data or functionality.
* The Email OTP report must be an exact structural replica of the SMS OTP report, populated with email OTP data.
* Both reports must be clearly distinguishable by name in the admin panel navigation.

## 🧠 Dependencies / Notes

* The Email OTP report must be connected to the email OTP data source — confirm with the backend team that email OTP records are being stored in a queryable format equivalent to SMS OTP records.
* The rename of the existing report to SMS OTP should be a label-only change — no data migration or structural change required.
* Related ticket: G40-271 (Sign-Up Regression) — email OTP issues reported there make this admin lookup capability a priority for the support team.

## 🧪 QA Notes

* Navigate to the admin panel OTP report — confirm it is now labeled SMS OTP.
* Confirm the SMS OTP report data and functionality are unchanged.
* Navigate to the Email OTP report — confirm it exists and mirrors the SMS OTP report structure.
* Search for a user in the Email OTP report — confirm their email OTP records are returned.
* Confirm both reports are accessible and clearly labeled in the admin panel navigation.

",https://gopherapp.atlassian.net/browse/G40-272
G40-273,Task,Gopher App - Address Entered To Recognize Current Time Zones,To Do,Medium,,,John Newbury,request,,2026-04-14T23:35:15.716+0530,2026-06-09T03:53:16.079+0530,"The app currently determines time zone based solely on the user's device location. When a request involves an address in a different time zone, all scheduled times must be derived from and displayed relative to the time zone of the request address — not the user's device. This affects both how times are stored and how they are displayed to Requestors and Gophers across both apps.

## 🧑‍💻 As a

Requestor scheduling a request at an address in a different time zone, or a Gopher viewing a scheduled request,

## 🎯 I want

all scheduled times to reflect the correct time zone for the request location, displayed accurately in my own local time,

## ✅ So that

neither the Requestor nor the Gopher is confused about when a scheduled request is supposed to occur, regardless of where each party is located.

## 💡 Context / Background

* The app currently uses the user's device time zone as the reference for all scheduling and time display.
* When a Requestor creates a scheduled request for an address in a different time zone, the scheduled time is incorrectly interpreted against the Requestor's device time zone rather than the address's time zone.
* This causes scheduling confusion for both parties, particularly when a Gopher is in a different time zone from the request address.
* The fix requires deriving the request time zone from the address, storing the canonical time in UTC, and displaying it converted to each party's local time zone.

## 📍 Time Zone Trigger Rules

* **Standard requests** — the time zone is derived from the pick-up address entered by the Requestor
* **""Gopher can pick up anywhere"" selected** — when this option is chosen, no specific pick-up address is provided, so the drop-off address becomes the time zone trigger

## 🕒 How Times Must Be Displayed

* **Requestor** — sees the scheduled time in the time zone of the request address. Example: a request scheduled for 2:00 PM at a pick-up address in Chicago is shown to the Requestor as 2:00 PM CT.
* **Gopher (Gopher Go)** — sees the scheduled time converted to their own local time zone. Example: a Gopher in New York sees the same Chicago 2:00 PM CT request as 3:00 PM ET.
* A time zone label must always be shown alongside the scheduled time so both parties know which time zone is being referenced.

## ❌ Current Behavior

* All scheduled times are based on the device’s local time zone, regardless of the request address
* A request scheduled at an address in a different time zone displays the wrong local time to the Gopher
* No time zone label is shown alongside scheduled times

## ✅ Expected Behavior

* When a pick-up or drop-off address is entered in a different time zone, the app determines the time zone from that address
* The scheduled time is stored in UTC and displayed to each user converted to their relevant local time zone
* The Requestor sees the time in the request address time zone; the Gopher sees it converted to their own local time
* A time zone label is displayed alongside every scheduled time

## ✅ Acceptance Criteria

### Scenario 1 - Pick-up address determines the request time zone

* **Given** a Requestor enters a pick-up address in a time zone different from their device
* **When** the Requestor schedules a future time for the request
* **Then** the time picker reflects the time zone of the pick-up address
* **And** the time zone label is shown alongside the scheduled time

### Scenario 2 - Drop-off address is the trigger when Gopher can pick up anywhere

* **Given** a Requestor selects ""Gopher can pick up anywhere"" and enters a drop-off address in a different time zone
* **When** the Requestor schedules a future time
* **Then** the time zone is derived from the drop-off address

### Scenario 3 - Gopher sees scheduled time in their own local time zone

* **Given** a scheduled request exists with a pick-up address in a different time zone from the Gopher
* **When** the Gopher views the request in Gopher Go
* **Then** the scheduled time is displayed converted to the Gopher’s local time zone with a time zone label

### Scenario 4 - Same time zone request is unaffected

* **Given** a Requestor enters an address in the same time zone as their device
* **When** they schedule a request
* **Then** the behavior is identical to the current experience with no change

## ⚙️ Business Rules

* The request time zone is always derived from the pick-up address. If no pick-up address is provided (Gopher can pick up anywhere), the drop-off address is used.
* Scheduled times must be stored in UTC on the backend.
* Times must be displayed to each user converted to their relevant local time zone — the Requestor sees the request address time zone; the Gopher sees their own device time zone.
* A time zone abbreviation or label must always be shown alongside any displayed scheduled time.
* This applies to both the Gopher App and Gopher Go.

## 🧠 Dependencies / Notes

* Use the Google Time Zone API or equivalent to resolve the IANA time zone identifier from the pick-up or drop-off lat/long at the time the address is entered.
* Store the resolved IANA time zone on the request record alongside the UTC scheduled time so it can be used for accurate display on both sides.
* All existing scheduled request timestamps must be audited — if they are currently stored in local time rather than UTC, a migration plan is required.
* The time picker UI on the Requestor side must reflect the request address time zone, not the device time zone, when they differ.
* The Gopher Go app must convert the UTC scheduled time to the Gopher’s device time zone for display.

## 🧪 QA Notes

* Create a scheduled request with a pick-up address in a different time zone — confirm the time picker reflects that address’s time zone and the label is shown.
* Select ""Gopher can pick up anywhere"" and enter a drop-off address in a different time zone — confirm the time zone is derived from the drop-off address.
* As a Gopher in a different time zone, view the scheduled request in Gopher Go — confirm the time is correctly converted to the Gopher’s local time zone with a label.
* Create a request with an address in the same time zone as the device — confirm no change in behavior.
* Test with addresses spanning multiple US time zones (ET, CT, MT, PT) to cover all offset scenarios.
* Test on both iOS and Android.

",https://gopherapp.atlassian.net/browse/G40-273
G40-274,Task,Gopher App - Regression Error - Flow Is Allowing Pick-Up and Drop-Off Address To Be The Same,In Progress,Highest,,John Newbury,John Newbury,request,,2026-04-16T17:28:45.348+0530,2026-07-03T07:35:59.626+0530,"The app is currently allowing users to submit a request where the pick-up and drop-off addresses are identical. This is a regression — this validation previously existed and must be restored. When a user enters the same address for both fields, a friendly in-app reminder must appear and prevent submission until the addresses are corrected.

## 🧑‍💻 As a

Gopher App user creating a request,

## 🎯 I want

to be clearly notified if my pick-up and drop-off addresses are the same,

## ✅ So that

I can correct the error before submitting and avoid a request that cannot be fulfilled.

## 💡 Context / Background

* Any request that involves a pick-up and drop-off location requires two distinct addresses.
* Having the same address for both fields is logically invalid and cannot be fulfilled by a Gopher.
* This validation was previously in place but has regressed — the app is now allowing identical addresses to pass through without any warning or error.
* A friendly, non-disruptive reminder popup must be shown to guide the user to fix the issue rather than a hard error block.

## ❌ Current Behavior

* The app allows a user to enter the same address for both pick-up and drop-off with no warning
* No validation or error message is triggered
* The request can proceed to submission with identical addresses

## ✅ Expected Behavior

* If a user enters the same address for both pick-up and drop-off, a **friendly reminder popup** is displayed
* The popup message clearly communicates that pick-up and drop-off addresses must be different
* The user is returned to the address fields to make a correction
* Submission is blocked until the two addresses are distinct
* This validation applies to all request types that include pick-up and drop-off fields

## 🔁 Steps to Reproduce

1. Begin creating any request that includes pick-up and drop-off address fields.
2. Enter the same address in both the pick-up and drop-off fields.
3. Proceed to submit the request.
4. Observe that no warning or validation error appears and the request is allowed to proceed.

## ✅ Acceptance Criteria

### Scenario 1 – Same address entered for pick-up and drop-off

* **Given** a user has entered the same address for both pick-up and drop-off
* **When** the user attempts to proceed or submit
* **Then** a friendly reminder popup is displayed
* **And** the popup informs the user that pick-up and drop-off addresses must be different
* **And** submission is blocked until the addresses are corrected

### Scenario 2 – Different addresses entered for pick-up and drop-off

* **Given** a user has entered different addresses for pick-up and drop-off
* **When** the user attempts to proceed or submit
* **Then** no popup or validation error appears
* **And** the request proceeds normally

### Scenario 3 – User corrects addresses after reminder

* **Given** the reminder popup has been shown
* **When** the user updates one of the addresses to be different
* **Then** the validation clears and the user can proceed with submission

## ⚙️ Business Rules

* Pick-up and drop-off addresses must never be identical for any request type.
* Validation must trigger before submission is allowed to proceed.
* The user-facing message must be friendly and instructional, not a hard error block.
* This rule applies across all request types and flows that include pick-up and drop-off fields.

## 🧠 Dependencies / Notes

* Reference Figma design for the reminder popup UI: https://www.figma.com/design/aRFH8dqUfSHLJTb89VZYNh/Jira-Tickets?node-id=103-14608
* Identify at which point in the previous build this validation existed and where the regression was introduced.
* Validation should ideally trigger on address field blur or on submission attempt — confirm preferred UX trigger with design.
* Ensure address comparison is normalized (e.g. case-insensitive, trimmed whitespace) to catch identical addresses entered with slight formatting differences.

## 🧪 QA Notes

* Test entering the exact same address in both pick-up and drop-off fields — confirm reminder popup appears and blocks submission.
* Test entering different addresses — confirm no popup and request proceeds normally.
* Test correcting the address after the popup appears — confirm validation clears and submission is allowed.
* Test with slight formatting variations of the same address (different casing, extra spaces) — confirm the validation still catches them as identical.
* Test across all request types that include pick-up and drop-off fields.
* Test on both iOS and Android.

",https://gopherapp.atlassian.net/browse/G40-274
G40-279,Story,BUG - Gopher App - Request History - Review Request Screen Populating Previous Address Even If Changed,To Do,Medium,,,John Newbury,request,,2026-04-28T18:57:29.636+0530,2026-06-09T03:54:41.064+0530,"The request does actually use the correct address, however it confuses the user who will likely not continue on since the address shows incorrectly. ",https://gopherapp.atlassian.net/browse/G40-279
G40-280,Story,Both Apps - Allow Gopher To Add A Min Trip Charge For Service Requests,To Do,Medium,,,John Newbury,pay,,2026-04-30T20:32:40.536+0530,2026-06-09T03:54:56.948+0530,"<custom data-type=""smartlink"" data-id=""id-0"">https://www.figma.com/design/g7DWLbI86O6SqiwITY7jeL/%E2%9C%8F%EF%B8%8F-Gopher-UI_UX?node-id=8797-8123</custom> ",https://gopherapp.atlassian.net/browse/G40-280
G40-281,Story,BUG - Stripe Registering Temp Email Issued As Main Email,To Do,Medium,,,John Newbury,spine,,2026-05-03T03:07:40.358+0530,2026-06-09T03:57:31.840+0530,"![](blob:https://media.staging.atl-paas.net/?type=file&localId=null&id=c7748731-4e62-48b3-b813-9c5107938fbe&&collection=&height=818&occurrenceKey=null&width=1359&__contextId=null&__displayType=null&__external=false&__fileMimeType=null&__fileName=null&__fileSize=null&__mediaTraceId=null&url=null)
",https://gopherapp.atlassian.net/browse/G40-281
G40-282,Task,Both Apps - Convert Intercom And Inbox,To Do,Medium,,,John Newbury,spine,,2026-05-09T01:29:44.901+0530,2026-06-09T03:56:19.221+0530,"Intercom is currently used for in-app customer support messaging in both the Gopher App and Gopher Go. When a support agent replies to a user through Intercom’s in-app messenger (not email-based threads), the user receives no dashboard notification or inbox alert within the app. This is not a replacement of Intercom — Intercom remains the messaging platform. The fix is to surface Intercom message notifications in the app’s existing inbox/notification system so users are alerted when a new Intercom reply is waiting for them.

## 🧑‍💻 As a

Gopher App or Gopher Go user who has an active Intercom support conversation,

## 🎯 I want

to receive an in-app inbox or dashboard notification when a support agent replies to my message,

## ✅ So that

I never miss a support reply and can respond promptly without having to manually check Intercom.

## 💡 Context / Background

* Intercom is used as the in-app support messaging platform across both apps and has accumulated 3 years of customer conversation history.
* This history is a valuable asset and will be leveraged for a future AI chatbot. Intercom is not being replaced.
* Currently, when a support agent sends a reply through Intercom’s in-app messenger, the user is not notified via the app’s inbox or dashboard. The message sits unread unless the user happens to open Intercom manually.
* This is specifically for Intercom’s in-app messenger conversations, not Intercom threads that have already moved to email.
* The solution is to use Intercom’s webhook or notification API to trigger an in-app inbox alert when a new reply is sent to the user through the in-app messenger.

## ❌ Current Behavior

* When a support agent replies to a user via Intercom’s in-app messenger, no dashboard alert or inbox notification is shown to the user in the app
* Users must manually open Intercom to check for new replies
* Response rates and resolution times are impacted because users are unaware of new replies

## ✅ Expected Behavior

* When a support agent sends a new reply through Intercom’s in-app messenger, the user receives an in-app inbox notification or dashboard alert
* The notification indicates a new message from support is waiting
* Tapping the notification takes the user directly to the Intercom conversation
* Intercom remains the messaging platform — no changes to how messages are stored, managed, or sent
* This does not apply to Intercom conversations that have transitioned to email threads

## ✅ Acceptance Criteria

### Scenario 1 – User receives in-app notification when Intercom reply is sent

* **Given** a user has an active in-app Intercom conversation
* **When** a support agent sends a reply through Intercom’s in-app messenger
* **Then** the user receives an in-app inbox or dashboard notification alerting them to the new message

### Scenario 2 – Tapping the notification opens the Intercom conversation

* **Given** the user has received an in-app notification for a new Intercom reply
* **When** the user taps the notification
* **Then** the user is taken directly to the relevant Intercom conversation

### Scenario 3 – Email-transitioned conversations do not trigger in-app notifications

* **Given** an Intercom conversation has transitioned to an email thread
* **When** a reply is sent on that thread
* **Then** no in-app notification is triggered — the user is notified via email only as before

### Scenario 4 – Notification clears once the user views the message

* **Given** the user has an unread Intercom notification in their inbox
* **When** the user opens and reads the Intercom message
* **Then** the notification is marked as read and cleared from the inbox

## ⚙️ Business Rules

* Intercom remains the messaging platform — no messages are to be migrated, replaced, or duplicated.
* Notifications apply only to in-app Intercom messenger conversations, not email-transitioned threads.
* The notification must deep-link directly to the relevant Intercom conversation.
* This applies to both the Gopher App and Gopher Go.

## 🧠 Dependencies / Notes

* Use Intercom’s webhook integration to listen for the conversation.reply event and trigger an in-app notification when a new reply is sent to a user.
* Alternatively, Intercom’s Mobile Push Notifications SDK can be used to deliver push alerts natively when a new in-app message is received — evaluate which approach best fits the current integration.
* The notification payload must include the conversation ID so a deep link to the Intercom thread can be constructed.
* Confirm with the Intercom integration that conversations transitioned to email can be identified and excluded from triggering in-app notifications.
* Intercom’s 3 years of conversation history is not in scope for this ticket but will be leveraged in a future AI chatbot initiative — ensure no changes made here affect the historical data.
* Intercom webhook reference: https://developers.intercom.com/docs/build-an-integration/learn-more/webhooks/
* Intercom Mobile Push reference: https://developers.intercom.com/installing-intercom/docs/ios-push-notifications

## 🧪 QA Notes

* Have a support agent send a reply via Intercom in-app messenger — confirm the user receives an in-app inbox or dashboard notification.
* Tap the notification — confirm it deep-links directly to the Intercom conversation.
* Send a reply on an email-transitioned Intercom thread — confirm no in-app notification is triggered.
* Open and read the Intercom message — confirm the notification clears from the inbox.
* Verify Intercom conversation history and existing functionality are unaffected.
* Test on both the Gopher App and Gopher Go.
* Test on both iOS and Android.

",https://gopherapp.atlassian.net/browse/G40-282
G40-283,Task,SEC-1 — Rotate & purge committed backend secrets,In Progress,Highest,,John Newbury,John Newbury,security,,2026-06-09T03:04:39.198+0530,2026-07-06T02:43:58.456+0530,"* _Backend secrets (e.g._ `serviceAccountKey.json`_,_ `private.key`_) were committed to the repo. Rotate all exposed credentials, purge them from git history, and move them to a secrets manager / environment variables._
* AC: all exposed credentials rotated; removed from working tree **and** git history; loaded from a secure store going forward; secret-scanning added to CI to prevent recurrence.

",https://gopherapp.atlassian.net/browse/G40-283
G40-284,Task,SEC-2 — Replace eval/new Function with a safe evaluator,In Progress,Highest,,John Newbury,John Newbury,security,,2026-06-09T03:15:00.368+0530,2026-07-06T02:43:59.647+0530,"* _Remove dynamic code execution and swap in a safe evaluator that preserves the existing token-substitution and math behavior, eliminating arbitrary-code-execution risk._
* AC: no `eval`/`new Function` in the affected paths; safe evaluator handles token + math; existing behavior preserved; regression tests added.

",https://gopherapp.atlassian.net/browse/G40-284
G40-285,Task,SEC-3 — Fix in-app waiver link (Release of Liability),To Do,High,,,John Newbury,security,,2026-06-09T03:16:01.937+0530,2026-06-09T03:17:30.279+0530,"* _The in-app waiver link doesn't load the Release of Liability document. Fix so it opens the correct document in-app._
* AC: link opens the correct Release of Liability; works on iOS + Android; graceful handling if the doc is unavailable.

",https://gopherapp.atlassian.net/browse/G40-285
G40-286,Story,DLM-1 — Merchant registration + deal posting (free),To Do,Medium,,,John Newbury,deals,,2026-06-09T03:31:36.631+0530,2026-06-09T03:34:01.974+0530,"Merchant self-registers for a free Deals account and posts deals (restaurants, convenience, local favorites). Foundation of the merchant side.",https://gopherapp.atlassian.net/browse/G40-286
G40-287,Task,DLM-2 — Merchant portal dashboard + inbox,To Do,Medium,,,John Newbury,deals,,2026-06-09T03:32:15.890+0530,2026-06-09T03:33:09.740+0530,"Merchant-facing dashboard to manage posted deals, plus an inbox for messages/notifications.",https://gopherapp.atlassian.net/browse/G40-287
G40-288,Task,DLM-3 — Manage deals across locations,To Do,Medium,,,John Newbury,deals,,2026-06-09T03:34:35.558+0530,2026-06-09T03:36:04.879+0530,Multi-location merchants create and manage deals per location.,https://gopherapp.atlassian.net/browse/G40-288
G40-289,Task,"DLM-4 — Bid-for-Placement (open, opt-in auction)",To Do,Medium,,,John Newbury,deals,,2026-06-09T03:36:20.777+0530,2026-06-09T03:36:40.773+0530,"Optional, opt-in auction where merchants bid for promoted placement of their deals.",https://gopherapp.atlassian.net/browse/G40-289
G40-290,Task,DLM-6 — Customer browse deals by location/category,To Do,Medium,,,John Newbury,deals,,2026-06-09T03:37:07.468+0530,2026-06-09T03:37:27.541+0530,Customer-facing discovery of deals filtered by location and category.,https://gopherapp.atlassian.net/browse/G40-290
G40-291,Task,DLM-7 — View merchant deal + order on merchant site,To Do,Medium,,,John Newbury,deals,,2026-06-09T03:37:46.165+0530,2026-06-09T03:38:16.106+0530,Customer views a merchant's deal and completes the order on the merchant's site (handoff/deep link).,https://gopherapp.atlassian.net/browse/G40-291
G40-292,Task,DLM-8 — Seed last-mile delivery from a merchant order,To Do,Medium,,,John Newbury,deals,,2026-06-09T03:38:33.157+0530,2026-06-09T03:39:06.546+0530,Generate a Gopher last-mile delivery request seeded from a merchant order.,https://gopherapp.atlassian.net/browse/G40-292
G40-293,Task,"DLP-1 — Provider registration (defined-price deal, 50-mi radius)",To Do,Medium,,,John Newbury,deals,,2026-06-09T03:39:26.881+0530,2026-06-09T04:13:02.479+0530,Local Pro/provider self-registers to offer a defined-price deal within a 50-mile radius.,https://gopherapp.atlassian.net/browse/G40-293
G40-294,Task,DLP-3 — Customer browse Local Pro Deals,To Do,Medium,,,John Newbury,deals,,2026-06-09T03:40:04.189+0530,2026-06-09T03:40:24.262+0530,Customer-facing browse of Local Pro Deals.,https://gopherapp.atlassian.net/browse/G40-294
G40-295,Task,DLP-4 — Redeem provider deal (provider-directed request),To Do,Medium,,,John Newbury,deals,,2026-06-09T03:40:34.920+0530,2026-06-09T03:42:14.228+0530,"Customer redeems a provider deal, generating a provider-directed request.",https://gopherapp.atlassian.net/browse/G40-295
G40-296,Story,SPINE-1 — One unified Gopher account across all surfaces,To Do,High,,,John Newbury,spine,,2026-06-09T03:44:39.357+0530,2026-06-09T04:51:55.518+0530,"A single Gopher identity/account spanning all surfaces (Request app, Go app, Connect/B2B portal, web) — one login and profile across the ecosystem. Foundational/architectural.",https://gopherapp.atlassian.net/browse/G40-296
G40-297,Story,SPINE-3 — Escrow authorization on submit (manual capture + buffer),To Do,High,,,John Newbury,pay,,2026-06-09T03:45:27.384+0530,2026-07-02T20:16:36.907+0530,"Foundational payment rail: authorize/escrow funds on request submit using manual capture with a buffer, capturing on completion.",https://gopherapp.atlassian.net/browse/G40-297
G40-298,Story,CON-5 — Connect plan selection (Free vs $49.99/mo Business),To Do,Medium,,,John Newbury,connect,,2026-06-09T03:46:18.080+0530,2026-06-09T03:47:02.436+0530,Connect plan tiers — Free vs $49.99/mo Business — selectable at signup/upgrade.,https://gopherapp.atlassian.net/browse/G40-298
G40-299,Task,Rebuild Acceptance / Regression Checklist (stays open until the rebuilt flow passes),To Do,Medium,,,John Newbury,"bucket-a,rebuild-acceptance",,2026-06-15T02:39:02.940+0530,2026-06-15T02:44:06.521+0530,"This ticket is the **pass/fail gate for the rebuilt demand/worker flow** (SoW Bucket A/B). Each item below is a current-app defect folded out of the backlog (see `Gopher-Backlog-Reduction.md` §3). Instead of patching code the rebuild replaces, each is an **acceptance criterion the rebuilt flow must satisfy.** The original standalone tickets are closed and linked here.

**Rule:** keep this ticket OPEN until the rebuilt flow passes every item. It is the regression gate for Bucket A/B.

### Input validation (Bucket A)

* \[ \] Unit/Apt# field accepts uppercase and full building identifiers — _was G40-178_
* \[ \] Names cannot save with leading/trailing spaces; normalized to proper case — _was G40-129_

### Layout & rendering (both apps — Bucket A)

* \[ \] Usable, distortion-free tablet layout (iPad / Android tablets) — _was G40-49_
* \[ \] Layout survives max accessibility / display zoom — _was G40-208_
* \[ \] Comment box expands proportionally to its text — _was G40-33_

### Session & navigation (Bucket A)

* \[ \] Reopening after inactivity restores session/UI — no white screen requiring force-close — _was G40-32_
* \[ \] In-app links navigate directly, no WordPress redirect dependency — _was G40-239_

### Error & messaging clarity (Bucket A; last item Bucket B)

* \[ \] ""Email already in use"" shows the correct specific message, not a generic error — _was G40-55_
* \[ \] Accepting an already-engaged Standard Gopher shows a clear, actionable message, not ""Network Error"" — _was G40-193_
* \[ \] Below-threshold offer notice (worker backup email) is grammatically correct — _was G40-185 (Bucket B)_

---

_Created as part of the June 2026 backlog-reduction pass. Nine items gate Bucket A; one gates Bucket B. Re-confirm against the live apps at acceptance in case a release fixed any independently._",https://gopherapp.atlassian.net/browse/G40-299
G40-305,Task,Implement the rebranded transactional & marketing email templates (triggers + backend wiring),To Do,Medium,,,John Newbury,"email-templates,gopher-backend-api,notifications",,2026-07-03T02:16:27.038+0530,2026-07-03T19:53:46.036+0530,"## 🧑‍💻 As a

Gopher platform owner rolling out the rebranded (Sand / Nunito / DM Sans, info-first) email set across Request, Connect, and Gopher Go,

## 🎯 I want

each new email template registered in the backend dispatcher and fired from the correct event, with net-new triggers built where none exist,

## ✅ So that

every lifecycle, marketing, and account/security message sends the on-brand template at the right moment, from the right sender, to the right recipient.

---

## 🖥️ Interactive review console (start here)

One HTML page that renders every email in the set with its trigger, sender, and recipient — open it locally to review the whole catalog at a glance:
`file:///Users/johnnewbury/Desktop/All%20New%20Gopher/Documentation/SMS:Emails/Gopher-Email-Review-Console.html`
(Path on disk: `Documentation/SMS:Emails/Gopher-Email-Review-Console.html`)

**Dev field & link reference:** the exact merge fields, action links, and conditional flags each template needs populated are catalogued in `Documentation/SMS:Emails/Gopher-Email-Field-Reference.md` (see the pinned comment).

---

## 💡 Context / Background

The full rebranded email catalog (HTML previews, production `.ejs` templates, brand-application notes, and per-email implementation specs) has already been produced. This ticket **captures the implementation of wiring those templates into the backend** — registering each in the dispatcher, firing it from the correct trigger, and building the net-new trigger logic where no live dispatcher type exists yet.

The backend is a Node/Express + Sequelize service. All email sends route through one dispatcher, `lib/sendEmail.js` — a numbered `type → *.ejs` map plus a `subject` switch, invoked as `send_mail(type, to, data)` from the order/user/admin flows. Triggers below are sourced from that dispatcher and its call sites.

**Sender rule:** Transactional → `support@gophergo.io` (no unsubscribe). Marketing → `notifications@gophergo.io` (unsubscribe required). The 8 marketing sends are flagged **Mktg** below.

---

## 📂 Where to find the documentation & code

**1. Templates + written specs —** `Documentation/SMS:Emails/`

* **Interactive review console (all files in one page):** `Gopher-Email-Review-Console.html` → `file:///Users/johnnewbury/Desktop/All%20New%20Gopher/Documentation/SMS:Emails/Gopher-Email-Review-Console.html`
* **Field & link reference (what each template needs populated):** `Gopher-Email-Field-Reference.md`
* HTML previews: `gopher-email-*.html`
* Production templates: `*-2026.ejs` (go in the backend's `views/` folder)
* **Trigger catalog (source of truth):** `Gopher-Email-Tracker.md` (every email → trigger event → dispatcher type) and `Gopher-Email-Recap.md` (trigger / From / To, with the open confirm flags)
* Brand application: `Gopher-Email-Application-Notes.md`
* Per-feature implementation specs (exact file:line send points, code): `impl-welcome-triggers.md`, `impl-request-updated-trigger.md`, `impl-cancellation-review-G40-81.md`, `impl-connect-edition-branch.md`, `impl-marketing-campaigns.md`, `impl-tier-grants.md`, `impl-trustshield-upsell.md`

**2. The backend trigger code —** `Documentation/GitLab Repos/`
The dispatcher and every send site live in the backend API GitLab export:
`Documentation/GitLab Repos/2026-06-12_20-00-205_gophergo_gopher-backend-api_export.tar`
This tar contains a git bundle, not loose files. To read the code:

```
tar -xf 2026-06-12_20-00-205_gophergo_gopher-backend-api_export.tar project.bundle
git clone project.bundle gopher-backend-api
```

Key files inside the repo:

* `lib/sendEmail.js` — the dispatcher (`email_path` type→template map + `subject` switch). **Every new template registers here.**
* `controllers/user/emails.js` → `verify_email` — welcome sends
* `controllers/order/cost_adjustment.js` — request-updated
* `controllers/order/cancel.js` — Gopher-cancel → Requestor prompt (G40-42)
* `controllers/order/create.js`, `controllers/order/order_bids.js` — request-submitted
* `controllers/order/emails.js` — receipt + TrustShield upsell
* `controllers/admin/user.js` → `set_gopher_type` — tier grants
* `middleware/cronTasks.js` + `middleware/crons.js` — marketing campaign crons
* `helpers/functions.js` — Connect edition resolver (`send_mail_editioned`)

---

## 📨 Trigger catalog

`✅ wired` = new dispatcher type already coded in the specs · **NEW** = trigger logic must still be built · plain number = live dispatcher type, template just re-points.

### Gopher Request (consumer) — recipient: Requestor

| Template (`.ejs`) | Trigger event | Dispatcher type | Send site | Txn/Mktg |
| --- | --- | --- | --- | --- |
| `welcome-requester-2026` | Consumer email verified (first signup), once | **33 NEW** | `controllers/user/emails.js` → `verify_email` | Txn |
| `gopher-email-otp-request` | Email verification / OTP requested | `1` new-confirm-mail (requester) | verification handler | Txn |
| `gopher-email-request-submitted` | Request created | `3.a` new-order-email | `create.js`, `order_bids.js` | Txn |
| `request-updated-2026` | Gopher submits a cost/scope adjustment needing approval (cog flow); SMS+push already fire | **36 NEW** (email channel) | `cost_adjustment.js` (right after the existing SMS) | Txn |
| `gopher-email-receipt` / `receipt-2026` | Request completed & confirmed | `2.a` complete-order-email-req | `order/emails.js` | Txn |
| `gopher-email-expired` | Request expired before any Gopher accepted | `17` expired-order | expired scheduler/cron | Txn |
| `gopher-email-cancel-by-gopher` | Gopher (or admin) cancels an accepted request | `5.a` order-cancellation-requestor · `26` by-admin | `cancel.js` | Txn |
| `cancel-confirm-2026` | **G40-42** — after a Gopher cancels, ask Requestor ""were you okay?"" (Agreed / Not Agreed) | `43` ✅ wired (likely **replaces** `5.a` in the fee flow) | `cancel.js` (\~L298) | Txn |
| `gopher-email-cancel-by-customer` | Customer cancels their own request | `6` cancelation-byrequester (live copy is admin-facing — requester confirmation may be **NEW**) | cancel flow | Txn |

### Gopher Connect (business) — recipient: business account holder

All Connect emails are **edition variants**: build once, resolve edition at send via `send_mail_editioned` in `helpers/functions.js` (a requestor is a business when `users_infos.business_name` is set). Swap `send_mail(baseType, …)` → `send_mail_editioned(baseType, order.requestor_id, …)` at the requestor lifecycle sites (`create.js:784`, `order_bids.js:937`, `order/emails.js:221`, `cancel.js:298`, plus the `17` expired and `19` rate-us sends).

| Template | Trigger event | Dispatcher type | Txn/Mktg |
| --- | --- | --- | --- |
| `welcome-connect-2026` | Business account created / approved (email verified, `business_name` present) | **34 NEW** | Txn |
| `connect-request-submitted-2026` | Business posts a job | `3.a.c` (variant of `3.a`) ✅ | Txn |
| `connect-invoice-2026` | Job completed & confirmed | `2.a.c` (variant of `2.a`) ✅ | Txn |
| `connect-cancelled-2026` | Business/job cancelled | `5.a.c` (variant of `5.a`) ✅ (template TBD) | Txn |
| `connect-expired-2026` | Job expired before acceptance | `17.c` (variant of `17`) ✅ (template TBD) | Txn |
| `connect-rate-us-2026` | Job completed (rating prompt) | `19.c` (variant of `19`) ✅ (template TBD) | Mktg |

### Gopher Go (worker) — recipient: Gopher

| Template | Trigger event | Dispatcher type | Send site | Txn/Mktg |
| --- | --- | --- | --- | --- |
| `welcome-gopher-2026` | Worker email verified / approved to take jobs | **35** — template ✅ built, wiring only | `verify_email` (gopher branch) | Txn |
| `gopher-email-otp-go` | Email verification / OTP requested (worker) | `0` new-confirm-mail (gopher) | verification handler | Txn |
| `gopher-email-job-alert` | New request broadcast in the Gopher's radius (+ counter-offers) | `27` order_notify_to_gophers (· `10` counter-offer) | OOA broadcast | Txn |
| `gopher-email-payout` | Request completed (Gopher's payout) | `2` complete-order-email | `order/emails.js` | Txn |
| `cancel-review-2026` | Cancellation under review (G40-81 Step 3, Gopher) | `40` ✅ wired | G40-81 subsystem, Step 3 | Txn |
| `cancel-decision-2026` | Cancellation decision — fee / no-fee / excused (G40-81 Step 4) | `41` ✅ wired | G40-81 subsystem, Step 4 | Txn |
| `admin-cancel-review-2026` | Admin review w/ 3 actions → `admin@gophergo.io` (G40-81 Step 3) | `42` ✅ wired | G40-81 subsystem, Step 3 | Txn (internal) |
| `tier-pro-2026` | **Pro** tier granted (licensed/bonded/insured) — `gopher_type_id = 3` | **39 NEW** ✅ | `admin/user.js` → `set_gopher_type` | Txn |
| `tier-elite-2026` | **Elite** tier granted (clean background) — `gopher_type_id = 1` | `15` ✅ (re-point, was ""pro"") | `set_gopher_type` | Txn |
| `tier-elite-plus-2026` | **Elite+** tier granted (clean DMV) — `gopher_type_id = 2` | `16` ✅ (re-point, was ""pro+"") | `set_gopher_type` | Txn |

### Marketing & acquisition — sender `notifications@`, unsubscribe required

| Template | Trigger event | Dispatcher type | Txn/Mktg |
| --- | --- | --- | --- |
| `gopher-email-rate-us` | Request completed (consumer rating prompt) | `19` requestor-review-email | Mktg |
| `gopher-email-rate-us-go` | Request completed (worker rating prompt) | `18` gopher-review-email | Mktg |
| `gopher-email-invite` | User sends a referral | `8` referral-email | Mktg |
| `gopher-email-invite-referred` | Referral to a named invitee | `8` / `31` reffer-yourself | Mktg |
| `gopher-email-invite-favorites` | Referral tied to a favorite Gopher | `32` fav_gopher_referral | Mktg |
| `worker-recruit-2026` | Acquisition campaign — consented requestors who are NOT Gophers (weekly cron) | **38 NEW** ✅ | Mktg |
| `services-2026` | Services cross-sell — consented requestors w/ completed orders in one category (weekly cron) | **37 NEW** ✅ | Mktg |

### Account & security — sender `support@`

| Template | Trigger event | Dispatcher type | Recipient | Txn/Mktg |
| --- | --- | --- | --- | --- |
| `gopher-email-account-suspended` | Admin suspends an account | `30` account_susspention | Suspended account holder | Txn |
| `gopher-email-email-changed` | Account email changed | `24` email_change_alert | **Prior email address** (security alert) | Txn |
| `gopher-email-payout-failed` | Payout attempt fails (worker) | `29` Payout_failed (· `13` payout-card-update) | Gopher | Txn |
| `gopher-email-fraud-alert` | Fraud / anomaly detected on order or account | `14` fraud-alert | Affected account holder | Txn |

---

## 🆕 Net-new trigger logic to build

1. `welcome` (33 / 34 / 35) — fire on email verification success, once, branching by verifier: consumer / business (`users_infos.business_name` present) / worker. See `impl-welcome-triggers.md`. _All three templates are built (incl. worker type 35) — wiring only._
2. `request-updated` email (36) — fire on every customer-approval-required cost/scope adjustment (same condition as the existing SMS), one send per adjustment. See `impl-request-updated-trigger.md`.
3. **Connect edition branch** — the `send_mail_editioned` resolver + `CONNECT_VARIANT` map lights up all 5 Connect variants at once. See `impl-connect-edition-branch.md`. _Note: only_ `connect-invoice-2026` and `connect-request-submitted-2026` templates exist — `connect-cancelled/expired/rate-us` still to be produced.
4. **Marketing crons (37 / 38)** — scheduled, segmented campaigns mirroring the OOA broadcast; reuse `sub_ooa` consent + the existing unsubscribe handler; add a `marketing_sends` dedupe table + cool-down. See `impl-marketing-campaigns.md`.
5. **Tier grants (15 / 16 / 39)** — re-point 15/16 to the rebranded Elite/Elite+ templates and add Pro (`gopher_type_id = 3`, net-new) in `set_gopher_type`. See `impl-tier-grants.md`.
6. **TrustShield upsell** — conditional block appended inside the receipt (not a separate email) for non-verified customers on age-restricted / ride orders. See `impl-trustshield-upsell.md`.
7. **G40-81 cancellation emails (40 / 41 / 42 / 43)** — email layer only; fires from the G40-81 subsystem's Step 3 / Step 4. See `impl-cancellation-review-G40-81.md`.

---

## ⚙️ Config / environment prerequisites

* **Host PNG logos** (email clients don't render SVG) and set `EMAIL_LOGO_REQUEST_URL`, `EMAIL_LOGO_CONNECT_URL`, `EMAIL_LOGO_GO_URL`, `EMAIL_LOGO_PEEK_URL`, plus tier lockups `EMAIL_TIER_ELITE_URL` / `EMAIL_TIER_ELITE_PLUS_URL` / `EMAIL_TIER_PRO_URL`.
* CTA / footer / social / unsubscribe URLs the `.ejs` templates reference (EJS throws on any unsupplied variable — pass every key). Best moved into a shared footer partial / config object. **Known production footer values are listed in** `Gopher-Email-Field-Reference.md` §1.
* Marketing sends must pass `UNSUBSCRIBE_URL` and use the `notifications@` sender.

## ✅ Acceptance Criteria

1. Every template in the catalog is registered in `lib/sendEmail.js` (type map + subject) and renders with no unfilled merge fields.
2. Each email fires from the trigger event in the table above — verified end-to-end for at least: welcome (all 3 branches), request-submitted, request-updated, receipt (incl. conditional TrustShield block), expired, the cancellation set (G40-42 + G40-81 40/41/42/43), tier grants (Pro/Elite/Elite+), payout, job-alert, and the account/security set.
3. Transactional emails send from `support@` with no unsubscribe; the 8 marketing emails send from `notifications@` with a working unsubscribe that flips `sub_ooa`.
4. Connect (business) requestors receive the Connect edition variant via `send_mail_editioned`; consumer requestors receive the base Request template; the resolver fails safe to the base template.
5. Marketing crons respect `sub_ooa` consent and the `marketing_sends` cool-down (no re-hit inside the window).
6. Sends are non-blocking — an email failure logs and does not break the underlying order/user/admin transaction.

## 🔗 Open confirms (from the specs — resolve before/at build)

* `welcome`: fire at signup verification vs. after first completed request (spec assumes at verification). For **worker (type 35)** specifically: verification vs. when approved to take jobs — the Recap flagged this.
* `invite` (generic): confirm direction — to the referrer (share code) vs. to the invitee.
* `cancel-by-gopher` vs `cancel-confirm` (G40-42): pick one in the fee flow so the Requestor isn't emailed twice.
* Marketing campaign SQL: confirm completed-order state (`aasm_state = 'delivered'`), the `orders.category` column, and role ids (gopher = 1, requestor = 2).
* `admin-cancel-review`: confirm the internal sender/recipient address.

## 🧠 Related

* **G40-81** — cancellation-review subsystem that fires emails 40/41/42 (this ticket wires the email layer only).
* **G40-42** — Requestor rating prompt after a Gopher cancellation; email `43` (`cancel-confirm`) is its comms surface.
* **Customer cancellation fee** — ❌ removed from scope (Founder, 2026-06); no fee email / fee variant.

",https://gopherapp.atlassian.net/browse/G40-305
G40-307,Task,Gopher Request — Request-specific deep link into a specific request's cancel flow (replace deprecated Firebase Dynamic Links),To Do,Low,,John Newbury,John Newbury,worker,,2026-07-03T19:21:57.440+0530,2026-07-03T19:23:16.756+0530,"## 🎯 Goal

Provide a deep link that carries a **specific request id** and, when tapped, opens the Gopher Request app directly on **that request's cancel flow** (not the home screen, not a different request).

## 💡 Why this is its own ticket

Split out of **G40-108** (48-hour check-in email). Grounding finding: **no request-specific deep link exists anywhere in the backend today.** Every SMS/email link is a single static Firebase Dynamic Link — `https://gopherrequestapp.page.link/amTC` (requester) / `https://gophergoapp.page.link/H2PN` (gopher) — that opens the app generically and carries no order id (see `middleware/crons.js:389,557`, `controllers/order/cost_adjustment.js:195`, `controllers/order/order_bids.js:808`).

G40-108 ships v1 with the existing generic app-open link; this ticket is the **prerequisite** for its acceptance **Scenario 6** (and would upgrade the check-in email to true one-tap cancel).

## ⚠️ Platform constraint — Firebase Dynamic Links is deprecated

Google has **deprecated Firebase Dynamic Links (shutdown 2025)**. Do **not** extend FDL. This ticket should establish the **replacement** deep-link mechanism (iOS Universal Links / Android App Links, or an equivalent) for the whole platform — the request-specific cancel link is the first consumer.

## ✅ Expected behavior

* A link of the form ""open request `<id>` → cancel flow"" can be generated backend-side.
* Tapping it with the app installed routes to that specific request's cancel screen.
* Fallback (app not installed) behaves sanely (store / web landing).
* Reusable: other per-request notifications (bids, counter-offers, cost adjustments) can adopt the same request-scoped link.

## 🔗 Consumers / follow-on

* **G40-108** — 48h check-in email (blocked-by this for Scenario 6).
* Candidate migrations off the generic FDL: cost-adjustment SMS, confirm-reminder SMS, bid/counter-offer notifications.

## 🧠 Notes

Scope covers both (a) backend link generation carrying the order id and (b) app-side route handling that parses it and lands on the cancel flow. Verify on iOS + Android across Gmail / Apple Mail / Outlook.",https://gopherapp.atlassian.net/browse/G40-307
G40-308,Task,Pop-up Modal Standards — establish + implement modal style guides (Request/Connect and the 2 native apps) BEFORE dev handoff,To Do,High,,John Newbury,John Newbury,"blocker,design-system,spine",,2026-07-03T22:26:26.359+0530,2026-07-06T02:20:04.618+0530,"## Goal

Establish a canonical **pop-up / modal style guide** and reusable modal component, then implement it across the new-flow surfaces **before anything is handed to the new developer**. Every modal in the product should come from this standard — not from old Figma.

## Why (important fork)

The majority of the old Figma designs depict the **OLD UX**. We are **not** carrying any old-app Figma designs into the new build. Modal/pop-up UI must be defined fresh here and implemented in the prototypes so the developer builds against a single, consistent, already-realized standard instead of reverse-engineering inconsistent one-off modals or stale Figma frames.

## Two style guides

**Guide A — Request + Connect** (customer & business request surfaces)

* Source of truth: `Final/gopher-request.html` (`.gr-modal`) and `Final/gopher-connect.html` (`.gc-modal`).

**Guide B — The 2 native apps** (Gopher requester App + Gopher Go worker App)

* Source of truth: `_prototypes/Go/gopher-go-worker.html` and the requester app shell.

Each guide is derived from the **current new-UX prototypes**, harmonized — never from old Figma.

## Scope — what the standard must define (per guide)

1. **Anatomy:** scrim/overlay, container, close affordance, icon/illustration slot, eyebrow, title, body, primary CTA, secondary/text action.
2. **Variants:** info · confirm · success · warning/destructive · input.
3. **Sizing & responsive** behavior (mobile-first; safe-area on native).
4. **Typography** scale + brand fonts.
5. **Color tokens** (Midnight Blue #002461, Shamrock #33D975, Sand #FBF3E4, + accent), including destructive.
6. **Button hierarchy** (primary filled / secondary text) + placement.
7. **Motion** (enter/exit) + scrim behavior.
8. **Accessibility:** focus trap, ARIA roles, Esc-to-close, scrim-dismiss rules, min tap targets.
9. **Voice/tone** (""neighbor"" voice) + copy patterns.
10. **Reusable component:** one shared modal component per guide, injected via the existing component-marker pattern, so every modal is one implementation.

## Deliverables

* Written standard (one doc per guide).
* Reusable modal component implemented in each surface's prototype.
* Existing ad-hoc modals migrated to the standard (inventory + convert).

## Acceptance

* Both guides documented and approved.
* A reusable modal component exists and is used by all modals in Request, Connect, and both apps.
* No modal derives its visual design from old Figma.
* **This ticket is a HARD BLOCKER:** no groomed ticket is handed to the developer until the modal standards are built and implemented. Tickets whose UI includes a modal (e.g. G40-137's ""Counter-Offer Update"") consume this standard rather than any Figma frame.

## Note on existing handoffs

Groomed tickets that referenced a Figma modal (notably **G40-137**) are updated to point their modal UI at this standard; the old Figma node is retained only as intent/copy reference, not as visual design.",https://gopherapp.atlassian.net/browse/G40-308
G40-309,Task,Pop-Up Modal Tracker & Audit — inventory + review all modals for G40-308 rebuild,To Do,High,,John Newbury,John Newbury,"audit,design-system,modals,spine",,2026-07-06T02:19:54.971+0530,2026-07-06T02:20:04.592+0530,"## Purpose

Single source-of-truth **inventory + audit** of every pop-up modal in the product, so each one can be reviewed for relevance and then rebuilt to the **G40-308 Pop-up Modal Standards** across all four surfaces:

* gopher-request (web) · gopher-connect (web) · Gopher Request app · Gopher Go app

This ticket **houses the tracker HTML document** (attach `Gopher-Popup-Modal-Tracker.html`; source in repo at `docs/handoff/Gopher-Popup-Modal-Tracker.html`).

## What the tracker is

A self-contained review console (same format as the Email Review Console). **77 modals** pulled faithfully from the Figma ""Pop-Up Modals"" board (`g7DWLbI86O6SqiwITY7jeL`, node `1721-34610`) — copy shown **verbatim**. Each row: Surface · Modal (+ Figma node) · Trigger · Audience · Guide (A/B) · Type · Review. Each row's detail drawer has the full old-UX copy, an inline **thumbnail** of the Figma frame, a deep link to that node, the surfaces to update, a **Keep / Update / Remove** toggle, and a notes field. Review state + notes persist locally and export to JSON/CSV.

Split: **Request 36 · Gopher Go 35 · Shared 6.**

> ⚠️ The copy in the tracker is the **OLD-UX Figma copy** — shown for identification only. Nothing here is a design source; every kept modal is rebuilt to the G40-308 standard (no old-Figma carryover).

## Workflow

1. **John audits** the tracker: mark each modal Keep / Update / Remove, add copy/trigger/relevance notes, then Export review (JSON).
2. A **follow-on build session** consumes the reviewed JSON and updates the four surfaces' modals to the G40-308 component (Guide A = web card, Guide B = native bottom sheet).

## Audit flags already surfaced (see ▲ rows)

* **Terminology renames on rebuild:** ""Select My Gopher"" → _I'll select my worker_; ""Notify MY Gopher"" → _Prioritize MY Gopher(s)_; ""Need it Now"" → _Need ASAP_; ""Gopher Pro(s)"" → _Elite_ vs the new accredited Pro (G40-199).
* **Likely duplicates to consolidate:** 0-vs-few-Gophers · two Suggested-Offer info · two ""viewed by N Gophers/workers"" · two rewards ""100 points"" · two inbox-messaging-terms · two resume-signup · purchase-needed accept vs counter-offer.
* **Ties to live tickets:** counter-offer credits → G40-137 · Suggested Offer → G40-113 · phone-number + messaging-terms → G40-35 · resume-signup/OTP → G40-271 · multi-worker accept → Connect cross-surface question.
* **Legacy refs to map:** GA-307, GA-245.

## Acceptance

- [ ] Tracker HTML attached to this ticket and reviewed end-to-end (0 rows left ""Pending"").
- [ ] Reviewed JSON exported and attached for the build session.
- [ ] Duplicate/consolidation decisions recorded per row.
- [ ] Terminology renames confirmed per row.
- [ ] Hand-off to build session references G40-308 as the governing standard.

Governed by **G40-308** (Pop-up Modal Standards).",https://gopherapp.atlassian.net/browse/G40-309
